Date,Actual_Close,Predicted_Close,Signal,Market_Return,Stop_Loss_Return,Protected_Return,Strategy_Return,Prediction_Change,Position_Size,Trade,Transaction_Cost,Net_Return,Portfolio_Value,Expected_Return,MV_Position,MV_Turnover,MV_Net_Return,MV_Portfolio_Value
2024-08-02,24814.001476001897,25110.24,1,,,,,0.0119383616658765,1.0,,,0.0,100000.0,,0.0,0.0,0.0,100000.0
2024-08-05,24345.283345295105,24949.012,1,-0.0188892602090032,-0.0188892602090032,-0.0188892602090032,-0.0188892602090032,0.0247985881347964,1.0,0.0,0.0,-0.0188892602090032,98111.07397909967,0.0119383616658765,0.0,0.0,-0.0,100000.0
2024-08-06,24173.14558488854,24495.863,1,-0.0070706821508336,-0.0070706821508336,-0.0070706821508336,-0.0070706821508336,0.0133502449641142,1.0,0.0,0.0,-0.0070706821508336,97417.36175951654,0.0247985881347964,0.0,0.0,-0.0,100000.0
2024-08-07,24245.496922854287,24248.379,1,0.0029930460523506,0.0029930460523506,0.0029930460523506,0.0029930460523506,0.0001188706156398,0.2,0.0,0.0,0.0005986092104701,97475.6766895255,0.0133502449641142,0.0,0.0,0.0,100000.0
2024-08-08,24163.47915263329,24236.637,1,-0.0033828042577129,-0.0033828042577129,-0.0033828042577129,-0.0033828042577129,0.0030276206048224,0.2,0.0,0.0,-0.0006765608515425,97409.72846269974,0.0001188706156398,0.0,0.0,-0.0,100000.0
2024-08-09,24290.16916573681,24374.064,1,0.0052430369113347,0.0052430369113347,0.0052430369113347,0.0052430369113347,0.0034538596125352,0.2,0.0,0.0,0.0010486073822669,97511.87302307034,0.0030276206048224,0.0,0.0,0.0,100000.0
2024-08-12,24325.31683666219,24420.643,1,0.0014469916074095,0.0014469916074095,0.0014469916074095,0.0014469916074095,0.0039188045926759,0.2,0.0,0.0,0.0002893983214819,97540.09279544778,0.0034538596125352,0.0,0.0,0.0,100000.0
2024-08-13,24210.1550854523,24395.643,1,-0.0047342343774253,-0.0047342343774253,-0.0047342343774253,-0.0047342343774253,0.0076615748182116,0.5,0.0,0.0,-0.0023671171887126,97309.20396520304,0.0039188045926759,0.0,0.0,-0.0,100000.0
2024-08-14,24169.11388173704,24376.787,1,-0.001695206146776,-0.001695206146776,-0.001695206146776,-0.001695206146776,0.0085925002993131,0.5,0.0,0.0,-0.000847603073388,97226.7243848532,0.0076615748182116,0.0,0.0,-0.0,100000.0
2024-08-16,24399.04558289426,24285.959,-1,0.0095134518494268,0.0095134518494268,0.0095134518494268,0.0095134518494268,-0.0046348773155924,0.2,2.0,0.002,-9.730963011462634e-05,97217.26328826604,0.0085925002993131,0.0,0.0,0.0,100000.0
2024-08-19,24506.33928828757,24319.033,-1,0.004397455016377,0.004397455016377,0.004397455016377,-0.004397455016377,-0.0076431769789905,0.5,0.0,0.0,-0.0021987275081885,97003.50901720334,-0.0046348773155924,0.0,0.0,0.0,100000.0
2024-08-20,24625.31721534164,24466.695,-1,0.0048549857102049,0.0048549857102049,0.0048549857102049,-0.0048549857102049,-0.0064414283054522,0.5,0.0,0.0,-0.0024274928551024,96768.0336921442,-0.0076431769789905,0.0,0.0,0.0,100000.0
2024-08-21,24714.85921840317,24623.883,-1,0.0036361766339294,0.0036361766339294,0.0036361766339294,-0.0036361766339294,-0.0036810332439775,0.2,0.0,0.0,-0.0007272353267858,96697.66055953968,-0.0064414283054522,0.0,0.0,0.0,100000.0
2024-08-22,24774.58650618746,24701.877,-1,0.0024166549870459,0.0024166549870459,0.0024166549870459,-0.0024166549870459,-0.0029348423703984,0.2,0.0,0.0,-0.0004833309974091,96650.92358281431,-0.0036810332439775,0.0,0.0,0.0,100000.0
2024-08-23,24804.600637399843,24766.34,-1,0.0012114886843777,0.0012114886843777,0.0012114886843777,-0.0012114886843777,-0.0015424814920081,0.2,0.0,0.0,-0.0002422977368755,96627.50528276326,-0.0029348423703984,0.0,0.0,0.0,100000.0
2024-08-26,24931.91500373066,24869.375,-1,0.0051326916402296,0.0051326916402296,0.0051326916402296,-0.0051326916402296,-0.0025084316115028,0.2,0.0,0.0,-0.0010265383280459,96528.31344504704,-0.0015424814920081,0.0,0.0,0.0,100000.0
2024-08-27,24984.963948849498,25140.357,1,0.0021277525256644,0.0021277525256644,0.0021277525256644,-0.0021277525256644,0.0062194626923869,0.5,2.0,0.002,-0.0030638762628322,96232.56263679152,-0.0025084316115028,0.0,0.0,0.0,100000.0
2024-08-28,25026.610577408635,25241.904,1,0.0016668676666653,0.0016668676666653,0.0016668676666653,0.0016668676666653,0.008602580118688,0.5,0.0,0.0,0.0008334338333326,96312.76611036134,0.0062194626923869,0.0,0.0,0.0,100000.0
2024-08-29,25104.07411786134,25154.23,1,0.0030952469657488,0.0030952469657488,0.0030952469657488,0.0030952469657488,0.001997918023313,0.2,0.0,0.0,0.0006190493931497,96372.38846977452,0.008602580118688,0.0,0.0,0.0,100000.0
2024-08-30,25185.547235039496,25138.773,-1,0.003245414142567,0.003245414142567,0.003245414142567,0.003245414142567,-0.0018571855756391,0.2,2.0,0.002,-0.0013509171714865,96242.19735533354,0.001997918023313,0.0,0.0,0.0,100000.0
2024-09-02,25243.11832709207,25257.018,1,0.002285878147308,0.002285878147308,0.002285878147308,-0.002285878147308,0.0005506321654806,0.2,2.0,0.002,-0.0024571756294616,96005.71337346618,-0.0018571855756391,0.0,0.0,0.0,100000.0
2024-09-03,25265.81950799328,25364.2,1,0.0008993017664085,0.0008993017664085,0.0008993017664085,0.0008993017664085,0.0038938175734056,0.2,0.0,0.0,0.0001798603532817,96022.9809949906,0.0005506321654806,4.9897497728672384e-08,4.9897497728672384e-08,-5.024589881913194e-12,99999.99999949755
2024-09-04,25224.33688790621,25475.77,1,-0.0016418474007521,-0.0016418474007521,-0.0016418474007521,-0.0016418474007521,0.0099678779747958,0.5,0.0,0.0,-0.000820923700376,95944.15345411104,0.0038938175734056,0.20000004656449755,0.19999999666699983,-0.0005283695532692191,99947.1630441709
2024-09-05,25175.36555659788,25483.469,1,-0.0019414318610615,-0.0019414318610615,-0.0019414318610615,-0.0019414318610615,0.0122382907493223,1.0,0.0,0.0,-0.0019414318610615,95757.88441771266,0.0099678779747958,0.40000004119110477,0.19999999462660722,-0.0009765728190209305,99849.5573614037
2024-09-06,24975.607598347204,25344.055,1,-0.0079346596895124,-0.0079346596895124,-0.0079346596895124,-0.0079346596895124,0.0147522898172526,1.0,0.0,0.0,-0.0079346596895124,94998.07819227043,0.0122382907493223,0.6000000327078283,0.19999999151672354,-0.004960796064749651,99354.22407017826
2024-09-09,24951.376211370905,25060.188,1,-0.0009702021014256,-0.0009702021014256,-0.0009702021014256,-0.0009702021014256,0.0043609533881944,0.2,0.0,0.0,-0.0001940404202851,94979.64472525174,0.0147522898172526,0.8000000329342764,0.20000000022644804,-0.0009761617133198322,99257.23828058435
2024-09-10,25006.828320923567,25054.145,1,0.0022224068557545,0.0022224068557545,0.0022224068557545,0.0022224068557545,0.001892150354663,0.2,0.0,0.0,0.0004444813711509,95021.86140797065,0.0043609533881944,1.0000000057540361,0.19999997281975979,0.0020224068957225495,99457.97680373339
2024-09-11,24952.2070318851,25105.73,1,-0.0021842549697821,-0.0021842549697821,-0.0021842549697821,-0.0021842549697821,0.006152680919917,0.5,0.0,0.0,-0.001092127484891,94918.08542146148,0.001892150354663,1.0000000011090786,4.644957529720273e-09,-0.0021842549768495683,99240.73522291244
2024-09-12,25222.09837024771,25130.023,-1,0.0108163313176157,0.0108163313176157,0.0108163313176157,0.0108163313176157,-0.0036505832661536,0.2,2.0,0.002,0.0001632662635231,94933.582342609,0.006152680919917,1.0000000003608778,7.482008346215707e-10,0.010816331320770874,100314.15589560036
2024-09-13,25305.163145578004,25265.652,-1,0.0032933332552647,0.0032933332552647,0.0032933332552647,-0.0032933332552647,-0.0015613867158533,0.2,0.0,0.0,-0.0006586666510529,94871.05275785494,-0.0036505832661536,0.7999999887219611,0.20000001163891667,0.0024346665554305026,100558.3874159956
2024-09-16,25353.732492679737,25315.49,-1,0.0019193453455454,0.0019193453455454,0.0019193453455454,-0.0019193453455454,-0.0015083575047885,0.2,0.0,0.0,-0.000383869069109,94834.63469514735,-0.0015613867158533,0.5999999847198036,0.20000000400215745,0.000951607173997109,100654.07949886624
2024-09-17,25393.79239810876,25430.748,1,0.0015800397610328,0.0015800397610328,0.0015800397610328,-0.0015800397610328,0.0014553006227613,0.2,2.0,0.002,-0.0023160079522065,94614.9969270488,-0.0015083575047885,0.3999999848185033,0.19999999990130035,0.00043201588052445126,100697.56365964933
2024-09-18,25383.754526857792,25442.355,1,-0.0003952883875554,-0.0003952883875554,-0.0003952883875554,-0.0003952883875554,0.0023085817773806,0.2,0.0,0.0,-7.905767751108517e-05,94607.51688513404,0.0014553006227613,0.5999999840959798,0.19999999927747647,-0.000437173025524042,100653.54140108134
2024-09-19,25403.56020128431,25449.85,1,0.0007802499983033,0.0007802499983033,0.0007802499983033,0.0007802499983033,0.0018221776140397,0.2,0.0,0.0,0.0001560499996606,94622.28038811186,0.0023085817773806,0.7999999851963022,0.20000000110032246,0.0004241999859917323,100696.2386319337
2024-09-20,25642.97978094653,25446.295,-1,0.0094246466938172,0.0094246466938172,0.0094246466938172,0.0094246466938172,-0.0076701219057496,0.5,2.0,0.002,0.0027123233469086,94878.92660834629,0.0018221776140397,0.9999999935733082,0.20000000837700593,0.009224646624870894,101625.12584976695
2024-09-23,25825.961722217253,25625.652,-1,0.0071357518835108,0.0071357518835108,0.0071357518835108,-0.0071357518835108,-0.0077561379658103,0.5,0.0,0.0,-0.0035678759417554,94540.41036872075,-0.0076701219057496,0.7999999785559935,0.20000001501731468,0.005508601338772216,102184.93815407588
2024-09-24,25896.68870892052,25818.355,-1,0.0027386003070863,0.0027386003070863,0.0027386003070863,-0.0027386003070863,-0.003024854250711,0.2,0.0,0.0,-0.0005477200614172,94488.6286893472,-0.0077561379658103,0.5999999744200774,0.20000000413591612,0.0014431601100626799,102332.40738066907
2024-09-25,25963.103680702112,25957.293,-1,0.0025646125081124,0.0025646125081124,0.0025646125081124,-0.0025646125081124,-0.0002238053190239,0.2,0.0,0.0,-0.0005129225016224,94440.163345545,-0.003024854250711,0.3999999680983131,0.20000000632176423,0.0008258449151077306,102416.91807895512
2024-09-26,26119.43358619644,26054.666,-1,0.006021233340085,0.006021233340085,0.006021233340085,-0.006021233340085,-0.0024796703949455,0.2,0.0,0.0,-0.001204246668017,94326.43409350912,-0.0002238053190239,0.3999999532966387,1.4801674441677903e-08,0.002408493040020489,102663.58851332864
2024-09-27,26156.21626997649,26273.33,1,0.0014082496719793,0.0014082496719793,0.0014082496719793,-0.0014082496719793,0.004477472154791,0.2,2.0,0.002,-0.0022816499343958,94111.21419134788,-0.0024796703949455,0.1999999511277653,0.20000000216887337,8.164986340267815e-05,102671.97098130718
2024-09-30,25942.76793514372,26319.725,1,-0.0081605203378661,-0.0081605203378661,-0.0081605203378661,-0.0081605203378661,0.014530333301314,1.0,0.0,0.0,-0.0081605203378661,93343.21771391811,0.004477472154791,0.39999994130105143,0.19999999017328612,-0.0034642076463057628,102316.29395437245
2024-10-01,25852.616834775665,26112.436,1,-0.0034749992982024,-0.0034749992982024,-0.0034749992982024,-0.0034749992982024,0.0100500141585218,1.0,0.0,0.0,-0.0034749992982024,93018.8500978703,0.014530333301314,0.5999999337264572,0.19999999242540578,-0.002284999341046331,102082.50129010841
2024-10-03,25480.240710670776,25996.26,1,-0.014403807803471,-0.014403807803471,-0.014403807803471,-0.014403807803471,0.020251743112973,1.0,0.0,0.0,-0.014403807803471,91679.02445896067,0.0100500141585218,0.7999999340181011,0.2000000002916439,-0.011723045292677854,100885.7835038946
2024-10-04,25218.07712591369,25684.193,1,-0.0102888974925302,-0.0102888974925302,-0.0102888974925302,-0.0102888974925302,0.0184834026701955,1.0,0.0,0.0,-0.0102888974925302,90735.74837408726,0.020251743112973,0.9999999443019454,0.2000000102838443,-0.01048889692974247,99827.60291904595
2024-10-07,24971.67180173053,25438.014,1,-0.0097709798789519,-0.0097709798789519,-0.0097709798789519,-0.0097709798789519,0.0186748489236973,1.0,0.0,0.0,-0.0097709798789519,89849.17120242241,0.0184834026701955,1.0000000001377805,5.5835835066631034e-08,-0.009770979936133984,98852.1894138516
2024-10-08,24997.367108675327,25136.62,1,0.0010289782417778,0.0010289782417778,0.0010289782417778,0.0010289782417778,0.0055707023351408,0.5,0.0,0.0,0.0005144891208889,89895.39762352695,0.0186748489236973,1.000000000068299,6.948153163932602e-11,0.0010289782417785968,98953.90616591064
2024-10-09,24987.76489026193,25159.414,1,-0.0003841291913525,-0.0003841291913525,-0.0003841291913525,-0.0003841291913525,0.0068693262679514,0.5,0.0,0.0,-0.0001920645956762,89878.13190032923,0.0055707023351408,1.0000000001677674,9.946843348984657e-11,-0.0003841291915164128,98915.89508193774
2024-10-10,24994.375579904685,25079.605,1,0.0002645570610972,0.0002645570610972,0.0002645570610972,0.0002645570610972,0.0034099439621063,0.2,0.0,0.0,5.29114122194585e-05,89882.88747921571,0.0068693262679514,1.0000000002332852,6.551781339680929e-11,0.00026455706109339944,98942.06398043603
2024-10-11,24975.753899500563,25074.934,1,-0.00074503483172,-0.00074503483172,-0.00074503483172,-0.00074503483172,0.0039710553242367,0.2,0.0,0.0,-0.000149006966344,89869.49430282619,0.0034099439621063,1.0000000000998714,1.3341372451236566e-10,-0.0007450348319278214,98868.34869642778
2024-10-14,25069.81802632993,24902.783,-1,0.0037662177169053,0.0037662177169053,0.0037662177169053,0.0037662177169053,-0.0066627937288774,0.5,2.0,0.002,-0.0001168911415473,89858.98935504684,0.0039710553242367,1.0000000001066915,6.820100040272337e-12,0.0037662177173003034,99240.7084229685
2024-10-15,25062.11209401345,24919.715,-1,-0.0003073788692198,-0.0003073788692198,-0.0003073788692198,0.0003073788692198,-0.0056817675014494,0.5,0.0,0.0,0.0001536894346099,89872.79973231544,-0.0066627937288774,0.7999999854187658,0.20000001468792572,-0.00044590310558180246,99196.45668288255
2024-10-16,25005.98758762873,24944.074,-1,-0.002239416461557,-0.002239416461557,-0.002239416461557,0.002239416461557,-0.0024759505063243,0.2,0.0,0.0,0.0004478832923114,89913.05225774879,-0.0056817675014494,0.5999999815678024,0.2000000038509634,-0.0015436498395077966,99043.33208844427
2024-10-17,24847.68559951617,24927.771,1,-0.0063305633323946,-0.0063305633323946,-0.0063305633323946,0.0063305633323946,0.0032230527130216,0.2,2.0,0.002,-0.000733887333521,89847.06620757861,-0.0024759505063243,0.3999999760823911,0.20000000548541136,-0.002732225187031313,98772.72340190472
2024-10-18,24851.619498214823,24708.947,-1,0.000158320527797,0.000158320527797,0.000158320527797,0.000158320527797,-0.0057409738719471,0.5,2.0,0.002,-0.0019208397361014,89674.48439263496,0.0032230527130216,0.5999999759027136,0.19999999982032252,-0.00010500768695721764,98762.35150668582
2024-10-21,24808.03580996013,24674.865,-1,-0.0017537564607338,-0.0017537564607338,-0.0017537564607338,0.0017537564607338,-0.0053680513435352,0.5,0.0,0.0,0.0008768782303669,89753.11799581825,-0.0057409738719471,0.39999996885632544,0.20000000704638815,-0.0009015025367214878,98673.31699626996
2024-10-22,24600.4158198992,24679.69,1,-0.0083690620108494,-0.0083690620108494,-0.0083690620108494,0.0083690620108494,0.0032224731761108,0.2,2.0,0.002,-0.0003261875978301,89723.84164186142,-0.0053680513435352,0.19999996423679714,0.2000000046195283,-0.0018738121074849457,98488.42174019665
2024-10-23,24498.492237915507,24665.168,1,-0.0041431650070422,-0.0041431650070422,-0.0041431650070422,-0.0041431650070422,0.0068035110269576,0.5,0.0,0.0,-0.0020715825035211,89537.97130136745,0.0032224731761108,0.3999999486680453,0.19999998443124814,-0.0018572657745713696,98305.50256530703
2024-10-24,24437.25010828166,24498.33,1,-0.0024998326035373,-0.0024998326035373,-0.0024998326035373,-0.0024998326035373,0.002499458468023,0.2,0.0,0.0,-0.0004999665207074,89493.2053133847,0.0068035110269576,0.5999999356095974,0.19999998694155213,-0.0016998993880987044,98138.39310164953
2024-10-25,24278.755707783945,24412.598,1,-0.00648577069005,-0.00648577069005,-0.00648577069005,-0.00648577069005,0.0055127327704502,0.5,0.0,0.0,-0.003242885345025,89202.9891093946,0.002499458468023,0.799999936678782,0.20000000106918459,-0.005388616142422285,97609.5629723906
2024-10-28,24316.08167451949,24377.883,1,0.0015373920799235,0.0015373920799235,0.0015373920799235,0.0015373920799235,0.0025415824106756,0.2,0.0,0.0,0.0003074784159847,89230.41710318705,0.0055127327704502,0.9999999481160444,0.20000001143726243,0.001337391988720255,97740.10521993237
2024-10-29,24409.261382673827,24292.506,-1,0.0038320198707006,0.0038320198707006,0.0038320198707006,0.0038320198707006,-0.0047832411166976,0.2,2.0,0.002,-0.0012335960258598,89120.34281526276,0.0025415824106756,0.9999999948115933,4.669554887204441e-08,0.0038320198041229734,98114.64723879223
2024-10-30,24366.980581544496,24367.129,1,-0.0017321622504866,-0.0017321622504866,-0.0017321622504866,0.0017321622504866,6.090966215860854e-06,0.2,2.0,0.002,-0.0016535675499026,88972.97630834724,-0.0047832411166976,0.7999999814649718,0.20000001334662154,-0.001585729781630225,97959.06392065153
2024-10-31,24267.08714710906,24358.168,1,-0.0040995409382438,-0.0040995409382438,-0.0040995409382438,-0.0040995409382438,0.0037532668152053,0.2,0.0,0.0,-0.0008199081876487,88900.02663659255,6.090966215860854e-06,0.7999999815399952,7.502343191134742e-11,-0.003279632674992518,97637.79417380568
2024-11-01,24290.11661529392,24292.49,1,0.0009490001022887,0.0009490001022887,0.0009490001022887,0.0009490001022887,9.770989343824924e-05,0.2,0.0,0.0,0.0001898000204577,88916.89986346685,0.0037532668152053,0.9999999844981252,0.20000000295813003,0.0007490000846192892,97710.92488990391
2024-11-04,24107.94058687399,24140.484,1,-0.0075000063320085,-0.0075000063320085,-0.0075000063320085,-0.0075000063320085,0.001349904319232,0.2,0.0,0.0,-0.0015000012664017,88783.52440106714,9.770989343824924e-05,0.999999984472045,2.6080249071469552e-11,-0.0075000062155748184,96978.09234590006
2024-11-05,24173.056768059658,24131.156,-1,0.0027010262843074,0.0027010262843074,0.0027010262843074,0.0027010262843074,-0.0017333665519299,0.2,2.0,0.002,-0.0014597947431385,88653.91867886916,0.001349904319232,0.9999999958549587,1.1382913722712829e-08,0.002701026261728621,97240.0327201387
2024-11-06,24365.261638509022,24200.74,-1,0.0079512025431276,0.0079512025431276,0.0079512025431276,-0.0079512025431276,-0.0067523033797017,0.5,0.0,0.0,-0.0039756012715638,88301.46604704033,-0.0017333665519299,0.7999999951396425,0.2000000007153162,0.006160961995141076,97839.12486613374
2024-11-07,24262.722365361733,24408.21,1,-0.0042084207700534,-0.0042084207700534,-0.0042084207700534,0.0042084207700534,0.0059963442043902,0.5,2.0,0.002,0.0001042103850267,88310.66797681553,-0.0067523033797017,0.5999999910698787,0.20000000406976381,-0.002725052428520096,97572.508121313
2024-11-08,24191.943168257098,24378.404,1,-0.0029171993166637,-0.0029171993166637,-0.0029171993166637,-0.0029171993166637,0.0077075591012284,0.5,0.0,0.0,-0.0014585996583318,88181.8580666775,0.0059963442043902,0.7999999915550041,0.20000000048512545,-0.0025337594291803493,97325.28285883185
2024-11-11,24160.64445181528,24276.62,1,-0.0012937661197421,-0.0012937661197421,-0.0012937661197421,-0.0012937661197421,0.0048001843831614,0.2,0.0,0.0,-0.0002587532239484,88159.04072660898,0.0077075591012284,0.9999999925326688,0.20000000097766468,-0.0014937661110587845,97179.90164954812
2024-11-12,23989.32837626149,24230.898,1,-0.0070907080270748,-0.0070907080270748,-0.0070907080270748,-0.0070907080270748,0.0100698785705712,1.0,0.0,0.0,-0.0070907080270748,87533.93070886958,0.0048001843831614,0.9999999999396019,7.40693306688911e-09,-0.007090708034053467,96490.82734017314
2024-11-13,23723.402197946827,24206.117,1,-0.0110851864689053,-0.0110851864689053,-0.0110851864689053,-0.0110851864689053,0.0203476212233567,1.0,0.0,0.0,-0.0110851864689053,86563.60076460552,0.0100698785705712,1.000000000454996,5.15394171785033e-10,-0.01108518647446441,95421.20852603197
2024-11-14,23605.54127504732,23961.53,1,-0.0049681290194417,-0.0049681290194417,-0.0049681290194417,-0.0049681290194417,0.0150807270549218,1.0,0.0,0.0,-0.0049681290194417,86133.54162761952,0.0203476212233567,1.0000000000866172,3.683788829533796e-10,-0.004968129020240404,94947.14365080738
2024-11-18,23511.760492410885,23746.768,1,-0.0039728291566678,-0.0039728291566678,-0.0039728291566678,-0.0039728291566678,0.009995317350437,0.5,0.0,0.0,-0.0019864145783339,85962.44470484687,0.0150807270549218,1.0000000048345365,4.747919390979405e-09,-0.003972829180622507,94569.9348678947
2024-11-19,23515.9257371684,23637.018,1,0.0001771558007686,0.0001771558007686,0.0001771558007686,0.0001771558007686,0.0051493725650021,0.5,0.0,0.0,8.857790038430124e-05,85970.05907771074,0.009995317350437,1.0000000004614344,4.373102102661619e-09,0.00017715579647724366,94586.68848002901
2024-11-21,23413.3164300106,23574.213,1,-0.004363396461812,-0.004363396461812,-0.004363396461812,-0.004363396461812,0.0068720110826831,0.5,0.0,0.0,-0.002181698230906,85782.49835191,0.0051493725650021,1.0000000002248304,2.366040696699656e-10,-0.004363396463029629,94173.96925806557
2024-11-22,23718.58416444862,23500.75,-1,0.0130382099157355,0.0130382099157355,0.0130382099157355,0.0130382099157355,-0.0091841133070298,0.5,2.0,0.002,0.0045191049578677,86170.15846551041,0.0068720110826831,1.0000000002644645,3.963407380069839e-11,0.01303820991914401,95401.82923817124
2024-11-25,24028.70858897188,23825.674,-1,0.0130751659699863,0.0130751659699863,0.0130751659699863,-0.0130751659699863,-0.0084496671229789,0.5,0.0,0.0,-0.0065375829849931,85606.81390371213,-0.0091841133070298,0.7999999848478953,0.2000000154165692,0.010260132562456186,96380.6646528557
2024-11-26,24129.83465563888,24041.527,-1,0.0042085518783732,0.0042085518783732,0.0042085518783732,-0.0042085518783732,-0.0036596875568827,0.2,0.0,0.0,-0.0008417103756746,85534.75776022093,-0.0084496671229789,0.5999999809711849,0.20000000387671035,0.0023251310430634545,96604.76232819114
2024-11-27,24219.79009020404,24168.992,-1,0.0037279755890966,0.0037279755890966,0.0037279755890966,-0.0037279755890966,-0.0020973794576603,0.2,0.0,0.0,-0.0007455951178193,85470.98346243105,-0.0036596875568827,0.3999999745048812,0.20000000646630373,0.0012911901341271558,96729.49744421901
2024-11-28,24030.80225926629,24250.834,1,-0.0078030333968165,-0.0078030333968165,-0.0078030333968165,0.0078030333968165,0.0091562378300901,0.5,2.0,0.002,0.0019015166984082,85633.50796471424,-0.0020973794576603,0.19999997407400788,0.2000000004308733,-0.0017606064774927908,96559.1948644541
2024-11-29,24092.79383999828,24181.512,1,0.0025796717089661,0.0025796717089661,0.0025796717089661,0.0025796717089661,0.0036823525154825,0.2,0.0,0.0,0.0005159343417932,85677.68923228147,0.0091562378300901,0.3999999684242484,0.19999999435024052,0.0008318686077811264,96639.51942745446
2024-12-02,24206.05403378048,24192.705,-1,0.0047009987523394,0.0047009987523394,0.0047009987523394,0.0047009987523394,-0.0005514750054614,0.2,2.0,0.002,-0.0010598002495321,85586.88799585376,0.0036823525154825,0.5999999682285736,0.1999999998043252,0.002620599102241879,96892.77286530712
2024-12-03,24361.240351735403,24305.357,-1,0.0064110539346211,0.0064110539346211,0.0064110539346211,-0.0064110539346211,-0.0022939452560108,0.2,0.0,0.0,-0.0012822107869242,85477.1475648462,-0.0005514750054614,0.5999999662245975,2.0039760961765296e-09,0.003846632142232757,97265.48371976089
2024-12-04,24426.881055957743,24475.22,1,0.0026944729937639,0.0026944729937639,0.0026944729937639,-0.0026944729937639,0.0019789241177177,0.2,2.0,0.002,-0.0025388945987527,85260.130096577,-0.0022939452560108,0.39999996114437913,0.20000000508021837,0.0008777890877299206,97350.86229998285
2024-12-05,24600.86957888008,24551.246,-1,0.0071228300708452,0.0071228300708452,0.0071228300708452,0.0071228300708452,-0.0020171473500547,0.2,2.0,0.002,-0.0005754339858309,85211.06852008306,0.0019789241177177,0.5999999608533773,0.19999999970899812,0.00407369776396338,97747.4402900542
2024-12-06,24648.415676963665,24774.686,1,0.0019326998962834,0.0019326998962834,0.0019326998962834,-0.0019326998962834,0.0051228575779963,0.5,2.0,0.002,-0.0029663499481417,84958.30267139743,-0.0020171473500547,0.3999999565540945,0.20000000429928277,0.0005730798702461801,97803.45738045253
2024-12-09,24630.23578878556,24827.988,1,-0.0007375682241148,-0.0007375682241148,-0.0007375682241148,-0.0007375682241148,0.008028839549497,0.5,0.0,0.0,-0.0003687841120574,84926.97139918484,0.0051228575779963,0.5999999563886262,0.19999999983453176,-0.0006425409021370483,97740.61465871517
2024-12-10,24617.760768064163,24845.291,1,-0.000506492135454,-0.000506492135454,-0.000506492135454,-0.000506492135454,0.0092425234804867,0.5,0.0,0.0,-0.000253246067727,84905.46397763403,0.008028839549497,0.799999956750456,0.20000000036182974,-0.0006051936868194758,97681.46265577787
2024-12-11,24632.61831330322,24836.281,1,0.0006035295159068,0.0006035295159068,0.0006035295159068,0.0006035295159068,0.0082680080577056,0.5,0.0,0.0,0.0003017647579534,84931.08545442016,0.0092425234804867,0.9999999644331758,0.20000000768271986,0.0004035294867584519,97720.88000626916
2024-12-12,24580.753460564105,24884.79,1,-0.0021055355171523,-0.0021055355171523,-0.0021055355171523,-0.0021055355171523,0.0123688860849474,1.0,0.0,0.0,-0.0021055355171523,84752.26003748557,0.0082680080577056,1.0000000002215745,3.5788398689007295e-08,-0.002105535553407232,97515.12521910573
2024-12-13,24696.664079247003,24806.234,1,0.0047155030812564,0.0047155030812564,0.0047155030812564,0.0047155030812564,0.0044366283803111,0.2,0.0,0.0,0.0009431006162512,84832.18994615562,0.0123688860849474,1.0000000030934906,2.871916038316158e-09,0.004715503092971848,97974.95809368795
2024-12-16,24679.10321251332,24803.57,1,-0.0007110622988324,-0.0007110622988324,-0.0007110622988324,-0.0007110622988324,0.0050434080369488,0.5,0.0,0.0,-0.0003555311494162,84802.02946015655,0.0044366283803111,1.0000000005121161,2.581374447530038e-09,-0.0007110623017779208,97905.29179446925
2024-12-17,24467.053765530807,24801.1,1,-0.0085922671158892,-0.0085922671158892,-0.0085922671158892,-0.0085922671158892,0.013652899841165,1.0,0.0,0.0,-0.0085922671158892,84073.38777106539,0.0050434080369488,1.0000000002191956,2.9292057668328653e-10,-0.008592267118065508,97064.06337509902
2024-12-18,24301.294481102534,24606.709,1,-0.0067747954460212,-0.0067747954460212,-0.0067747954460212,-0.0067747954460212,0.0125678292214007,1.0,0.0,0.0,-0.0067747954460212,83503.8077664624,0.013652899841165,1.000000004017448,3.79825237928344e-09,-0.006774795477036841,96406.47419756258
2024-12-19,24085.232726662736,24536.69,1,-0.0088909565952469,-0.0088909565952469,-0.0088909565952469,-0.0088909565952469,0.0187441524215579,1.0,0.0,0.0,-0.0088909565952469,82761.37903607293,0.0125678292214007,1.0000000034568395,5.606084485521023e-10,-0.008890956626542119,95549.3284169542
2024-12-20,23777.616984272,24299.18,1,-0.0127719647089064,-0.0127719647089064,-0.0127719647089064,-0.0127719647089064,0.0219350415171122,1.0,0.0,0.0,-0.0127719647089064,81704.35362376377,0.0187441524215579,1.0000000002112923,3.2455471643544342e-09,-0.012771964714850566,94328.9757658852
2024-12-23,23762.770070026967,23975.518,1,-0.0006244071579946,-0.0006244071579946,-0.0006244071579946,-0.0006244071579946,0.0089529936680817,0.5,0.0,0.0,-0.0003122035789973,81678.84523214278,0.0219350415171122,1.0000000000789764,1.323159359856163e-10,-0.0006244071581762294,94270.07607819355
2024-12-24,23741.034252600268,23699.56,-1,-0.0009147004899953,-0.0009147004899953,-0.0009147004899953,-0.0009147004899953,-0.001746943800299,0.2,2.0,0.002,-0.002182940097999,81500.54520572728,0.0089529936680817,1.0000000001975782,1.186017950516316e-10,-0.0009147004902946267,94183.84719338472
2024-12-26,23746.699680221245,23734.316,-1,0.0002386344066016,0.0002386344066016,0.0002386344066016,-0.0002386344066016,-0.0005214905813442,0.2,0.0,0.0,-4.772688132033132e-05,81496.6554388787,-0.001746943800299,0.7999999989812856,0.20000000121629258,-9.092476178112878e-06,94182.99082899775
2024-12-27,23787.92422543971,23648.953,-1,0.0017360115626003,0.0017360115626003,0.0017360115626003,-0.0017360115626003,-0.0058420913116533,0.5,0.0,0.0,-0.0008680057813001,81425.91587080114,-0.0005214905813442,0.7999999981624548,8.18830780957569e-10,0.0013888092460714097,94313.79303748372
2024-12-30,23699.53024667625,23696.262,-1,-0.003715918124076,-0.003715918124076,-0.003715918124076,0.003715918124076,-0.0001379034369979,0.2,0.0,0.0,0.0007431836248152,81486.4302781119,-0.0058420913116533,0.5999999942648494,0.20000000389760542,-0.002429550857031855,94084.65288077957
2024-12-31,23665.7055552147,23736.168,1,-0.0014272304602449,-0.0014272304602449,-0.0014272304602449,0.0014272304602449,0.0029774073129113,0.2,2.0,0.002,-0.001714553907951,81346.71740063358,-0.0001379034369979,0.5999999941368378,1.2801160131914457e-10,-0.0008563382679068679,94004.08459209502
2025-01-01,23713.41459170785,23708.115,-1,0.0020159566500919,0.0020159566500919,0.0020159566500919,0.0020159566500919,-0.0002234849682804,0.2,2.0,0.002,-0.0015968086699816,81216.82225701371,0.0029774073129113,0.7999999951939001,0.20000000105706228,0.0014127653093275688,94136.89030174183
2025-01-02,24007.126472109583,23708.562,-1,0.0123858957243736,0.0123858957243736,0.0123858957243736,-0.0123858957243736,-0.0124364934910656,1.0,0.0,0.0,-0.0123858957243736,80210.87916547335,-0.0002234849682804,0.7999999950908315,1.0306855369179857e-10,0.009908716518591362,95069.66606168353
2025-01-03,24005.657731569627,24050.756,1,-6.11793561242635e-05,-6.11793561242635e-05,-6.11793561242635e-05,6.11793561242635e-05,0.0018786516468184,0.2,2.0,0.002,-0.0019877641287751,80051.4388571307,-0.0124364934910656,0.5999999910566489,0.2000000040341826,-0.00023670761716159224,95047.16234756573
2025-01-06,23764.867393949105,23974.494,1,-0.0100305661404086,-0.0100305661404086,-0.0100305661404086,-0.0100305661404086,0.0088208615926999,0.5,0.0,0.0,-0.0050152830702043,79649.95823108504,0.0018786516468184,0.7999999921391325,0.2000000010824836,-0.008224452834560414,94265.45144377937
2025-01-07,23729.659849656087,23933.654,1,-0.001481495508028,-0.001481495508028,-0.001481495508028,-0.001481495508028,0.0085965897377525,0.5,0.0,0.0,-0.000740747754014,79590.95770341805,0.0088208615926999,0.9999999929936918,0.20000000085455927,-0.0016814954985027452,94106.94451151232
2025-01-08,23704.49929605252,23802.611,1,-0.0010602998004597,-0.0010602998004597,-0.0010602998004597,-0.0010602998004597,0.0041389485903977,0.2,0.0,0.0,-0.0002120599600919,79574.07964810378,0.0085965897377525,1.0000000002154386,7.221746756158609e-09,-0.0010602998079098764,94007.16293632379
2025-01-09,23594.48968111841,23817.84,1,-0.0046408748634664,-0.0046408748634664,-0.0046408748634664,-0.0046408748634664,0.0094662068093096,0.5,0.0,0.0,-0.0023204374317332,79389.4329750926,0.0041389485903977,1.0000000001337306,8.170797372031302e-11,-0.0046408748641687345,93570.88745680079
2025-01-10,23493.756518371712,23822.715,1,-0.0042693511963224,-0.0042693511963224,-0.0042693511963224,-0.0042693511963224,0.0140019533007013,1.0,0.0,0.0,-0.0042693511963224,79050.49160444502,0.0094662068093096,1.0000000001761749,4.2444270320629585e-11,-0.004269351197116997,93171.4004764218
2025-01-13,23241.717746345177,23741.643,1,-0.0107279043191516,-0.0107279043191516,-0.0107279043191516,-0.0107279043191516,0.0215098238052321,1.0,0.0,0.0,-0.0107279043191516,78202.44549413065,0.0140019533007013,1.0000000042311097,4.0549348323537515e-09,-0.010727904368597474,92171.86660222244
2025-01-14,23201.133329978304,23504.377,1,-0.001746188332971,-0.001746188332971,-0.001746188332971,-0.001746188332971,0.013070209360414,1.0,0.0,0.0,-0.001746188332971,78065.88929619899,0.0215098238052321,1.0000000002463731,3.9847365407297275e-09,-0.0017461883373859504,92010.91716372655
2025-01-15,23208.590459343686,23321.99,1,0.0003214122887587,0.0003214122887587,0.0003214122887587,0.0003214122887587,0.0048861020170512,0.2,0.0,0.0,6.428245775174091e-05,78070.90756342953,0.013070209360414,1.0000000036227412,3.3763680740150903e-09,0.00032141228654672545,92040.4906029994
2025-01-16,23272.37794627161,23245.863,-1,0.0027484429543302,0.0027484429543302,0.0027484429543302,0.0027484429543302,-0.0011393311991074,0.2,2.0,0.002,-0.0014503114091339,77957.68043546884,0.0048861020170512,1.0000000005893288,3.033412410147207e-09,0.002748442952916524,92293.4586407802
2025-01-17,23229.623141364787,23379.016,1,-0.0018371480991554,-0.0018371480991554,-0.0018371480991554,0.0018371480991554,0.0064311356979868,0.5,2.0,0.002,-0.0010814259504222,77873.37497681119,-0.0011393311991074,0.8000000090203914,0.19999999156893744,-0.0016697184874650522,92139.3545466156
2025-01-20,23300.775453019352,23352.695,1,0.0030629989656554,0.0030629989656554,0.0030629989656554,0.0030629989656554,0.0022282325790114,0.2,0.0,0.0,0.000612599793131,77921.0801902124,0.0064311356979868,1.0000000008311087,0.19999999181071737,0.0028629989763903677,92403.14942436783
2025-01-21,23130.12077931396,23431.004,1,-0.0073239911714303,-0.0073239911714303,-0.0073239911714303,-0.0073239911714303,0.0130082857567753,1.0,0.0,0.0,-0.0073239911714303,77350.38688683097,0.0022282325790114,1.0000000001910172,6.400915353310666e-10,-0.0073239911734694,91726.38957358299
2025-01-22,23145.71305378808,23282.734,1,0.0006741112432091,0.0006741112432091,0.0006741112432091,0.0006741112432091,0.0059199276295138,0.5,0.0,0.0,0.0003370556216045,77376.45826956448,0.0130082857567753,1.0000000035779884,3.3869711479894704e-09,0.000674111242234091,91788.2233640041
2025-01-23,23182.57047211277,22964.045,-1,0.0015924079866986,0.0015924079866986,0.0015924079866986,0.0015924079866986,-0.0094262830938287,0.5,2.0,0.002,-0.0012037960066506,77283.3127980908,0.0059199276295138,1.0000000006520515,2.925936826159159e-09,0.0015924079848109952,91934.38766380056
2025-01-24,23126.71796592865,23069.297,-1,-0.0024092456119698,-0.0024092456119698,-0.0024092456119698,0.0024092456119698,-0.0024828843423976,0.2,0.0,0.0,0.0004818491223939,77320.55169453826,-0.0094262830938287,0.7999999851931643,0.20000001545888724,-0.002127396469361423,91738.80677207168
2025-01-27,22942.811090441097,23246.984,1,-0.0079521389830797,-0.0079521389830797,-0.0079521389830797,0.0079521389830797,0.0132578744757931,1.0,2.0,0.002,0.0059521389830797,77780.77436447256,-0.0024828843423976,0.5999999808676304,0.2000000043255339,-0.004971283242030091,91282.74717932184
2025-01-28,22951.73482730899,23171.623,1,0.0003889556878062,0.0003889556878062,0.0003889556878062,0.0003889556878062,0.0095804597929294,0.5,0.0,0.0,0.0001944778439031,77795.90100176807,0.0132578744757931,0.7999999811091408,0.20000000024151043,0.00011116454265574244,91292.89458416439
2025-01-29,23082.365446650496,23032.637,-1,0.0056915357520634,0.0056915357520634,0.0056915357520634,0.0056915357520634,-0.0021543912717885,0.2,2.0,0.002,-0.0008616928495873,77728.86483014765,0.0095804597929294,0.9999999843870343,0.20000000327789347,0.005491535659923754,91794.23277027097
2025-01-30,23185.66028131502,23159.62,-1,0.0044750541231688,0.0044750541231688,0.0044750541231688,-0.0044750541231688,-0.0011231201095448,0.2,0.0,0.0,-0.0008950108246337,77659.29665473818,-0.0021543912717885,0.7999999790154613,0.20000000537157303,0.0033800431992565202,92104.50124247711
2025-01-31,23385.124638401445,23346.908,-1,0.0086029189881287,0.0086029189881287,0.0086029189881287,-0.0086029189881287,-0.0016342285530815,0.2,0.0,0.0,-0.0017205837976257,77525.67732717902,-0.0011231201095448,0.599999985370379,0.19999999364508225,0.004961751273374694,92561.5008688005
2025-02-01,23445.089851059627,23576.65,1,0.0025642460147383,0.0025642460147383,0.0025642460147383,-0.0025642460147383,0.0056114158562044,0.5,2.0,0.002,-0.0032821230073691,77271.22851796162,-0.0016342285530815,0.399999983401925,0.20000000196845402,0.0008256983613653183,92637.92874839339
2025-02-03,23393.15084953435,23575.59,1,-0.0022153466612937,-0.0022153466612937,-0.0022153466612937,-0.0022153466612937,0.0077988275986892,0.5,0.0,0.0,-0.0011076733306468,77185.63723890594,0.0056114158562044,0.5999999832496413,0.19999999984771633,-0.0015292079595160852,92496.26609039826
2025-02-04,23607.051887999583,23505.45,-1,0.0091437463829071,0.0091437463829071,0.0091437463829071,0.0091437463829071,-0.0043038787088544,0.2,2.0,0.002,-0.0001712507234185,77172.41914269126,0.0077988275986892,0.7999999836185633,0.20000000036892196,0.0071149969561690556,93154.37674208844
2025-02-05,23662.21073748665,23595.69,-1,0.0023365412059397,0.0023365412059397,0.0023365412059397,-0.0023365412059397,-0.0028112646880143,0.2,0.0,0.0,-0.0004673082411879,77136.35583523347,-0.0043038787088544,0.5999999796469198,0.20000000397164353,0.0012019246720363658,93266.34128580292
2025-02-06,23625.832559697486,23759.654,1,-0.0015373955626019,-0.0015373955626019,-0.0015373955626019,0.0015373955626019,0.0056641999795932,0.5,2.0,0.002,-0.001231302218699,77041.37766915119,-0.0028112646880143,0.39999997366906054,0.20000000597785922,-0.0008149581905375498,93190.3331170706
2025-02-07,23585.114415699543,23772.09,1,-0.0017234585869114,-0.0017234585869114,-0.0017234585869114,-0.0017234585869114,0.0079276946045254,0.5,0.0,0.0,-0.0008617292934557,76974.98885720549,0.0056641999795932,0.5999999735180651,0.19999999984900457,-0.0012340751063553265,93075.32924681786
2025-02-10,23459.335348177126,23803.785,1,-0.0053329852594945,-0.0053329852594945,-0.0053329852594945,-0.0053329852594945,0.0146828393349873,1.0,0.0,0.0,-0.0053329852594945,76564.48237628027,0.0079276946045254,0.7999999738809762,0.2000000003629111,-0.004466388068666142,92659.61870678268
2025-02-11,23219.82581400069,23670.174,1,-0.0102095618064919,-0.0102095618064919,-0.0102095618064919,-0.0102095618064919,0.0193949855441105,1.0,0.0,0.0,-0.0102095618064919,75782.79256127757,0.0146828393349873,0.9999999785915293,0.20000000471055313,-0.01040956159263135,91695.0726987047
2025-02-12,23111.932027334587,23403.617,1,-0.0046466234299246,-0.0046466234299246,-0.0046466234299246,-0.0046466234299246,0.0126205361075151,1.0,0.0,0.0,-0.0046466234299246,75430.65846177722,0.0193949855441105,1.0000000001090086,2.1517479242838533e-08,-0.004646623451948602,91269.00022347477
2025-02-13,23062.1607386784,23243.62,1,-0.0021534888817309,-0.0021534888817309,-0.0021534888817309,-0.0021534888817309,0.007868267998725,0.5,0.0,0.0,-0.0010767444408654,75349.43891960768,0.0126205361075151,1.0000000032865652,3.17755666223718e-09,-0.0021534888919860383,91072.45344531084
2025-02-14,22980.017384705294,23301.361,1,-0.0035618238422622,-0.0035618238422622,-0.0035618238422622,-0.0035618238422622,0.0139836106263601,1.0,0.0,0.0,-0.0035618238422622,75081.05749156274,0.007868267998725,1.0000000005068799,2.7796853707684477e-09,-0.0035618238468473023,90748.06940883843
2025-02-17,22967.336943597165,23231.0,1,-0.0005518029379981,-0.0005518029379981,-0.0005518029379981,-0.0005518029379981,0.0114799141515768,1.0,0.0,0.0,-0.0005518029379981,75039.62754345089,0.0139836106263601,1.0000000042407156,3.733835685082454e-09,-0.000551802944071975,90697.99435696978
2025-02-18,22953.71784628501,23069.744,1,-0.0005929767715604,-0.0005929767715604,-0.0005929767715604,-0.0005929767715604,0.005054786962704,0.5,0.0,0.0,-0.0002964883857802,75017.379165411,0.0114799141515768,1.0000000025446931,1.6960224336060037e-09,-0.0005929767747653664,90644.2125527983
2025-02-19,22940.851951127832,22978.58,1,-0.0005605146514101,-0.0005605146514101,-0.0005605146514101,-0.0005605146514101,0.0016445792402367,0.2,0.0,0.0,-0.000112102930282,75008.96949738447,0.005054786962704,1.0000000004830392,2.061653958662646e-09,-0.0005605146537425045,90593.4051433855
2025-02-20,22923.73144519567,22898.045,-1,-0.0007462890205052,-0.0007462890205052,-0.0007462890205052,-0.0007462890205052,-0.0011205176285144,0.2,2.0,0.002,-0.002149257804101,74847.75588431464,0.0016445792402367,1.0000000001418252,3.412139459868513e-10,-0.0007462890209522566,90525.79627975631
2025-02-21,22844.727508653254,22889.312,1,-0.0034463820487207,-0.0034463820487207,-0.0034463820487207,0.0034463820487207,0.0019516315670589,0.2,2.0,0.002,-0.0013107235902558,74749.65116499935,-0.0011205176285144,0.8000000069857627,0.19999999315606254,-0.0029571056562082295,90258.10193554469
2025-02-24,22664.64606332875,22939.562,1,-0.0078828449696453,-0.0078828449696453,-0.0078828449696453,-0.0078828449696453,0.0121297255603767,1.0,0.0,0.0,-0.0078828449696453,74160.41125333059,0.0019516315670589,1.0000000018678752,0.1999999948821125,-0.008082844979251581,89528.55968947819
2025-02-25,22592.27719908183,22603.533,1,-0.0031930286510855,-0.0031930286510855,-0.0031930286510855,-0.0031930286510855,0.0004982145367191,0.2,0.0,0.0,-0.0006386057302171,74113.05198974896,0.0121297255603767,1.0000000029923282,1.124452975176382e-09,-0.0031930286617645426,89242.69243234319
2025-02-27,22563.08966769485,22457.068,-1,-0.0012919251622923,-0.0012919251622923,-0.0012919251622923,-0.0012919251622923,-0.0046988984778378,0.2,2.0,0.002,-0.0022583850324584,73945.6761824255,0.0004982145367191,1.0000000007127288,2.279599398136156e-09,-0.0012919251654926918,89127.39755215353
2025-02-28,22292.149469903605,22494.627,1,-0.012008115988617,-0.012008115988617,-0.012008115988617,0.012008115988617,0.0090829074320427,0.5,2.0,0.002,0.0040040579943085,74241.75895828828,-0.0046988984778378,0.7999999874758201,0.20000001323690864,-0.009806492653738704,88253.3703828115
2025-03-03,22185.32310540483,22542.713,1,-0.0047921069541992,-0.0047921069541992,-0.0047921069541992,-0.0047921069541992,0.0161092940993995,1.0,0.0,0.0,-0.0047921069541992,73885.98450889229,0.0090829074320427,0.9999999894105247,0.20000000193470457,-0.004992106905388006,87812.8001230997
2025-03-04,22121.86787795367,22365.361,1,-0.0028602345410826,-0.0028602345410826,-0.0028602345410826,-0.0028602345410826,0.0110068970391506,1.0,0.0,0.0,-0.0028602345410826,73674.65326389806,0.0161092940993995,1.000000005346383,1.5935858188598218e-08,-0.002860234572310367,87561.63491629624
2025-03-05,22255.01273448588,22188.693,-1,0.0060186986590267,0.0060186986590267,0.0060186986590267,0.0060186986590267,-0.0029799908576601,0.2,2.0,0.002,-0.0007962602681946,73615.98906473101,0.0110068970391506,1.0000000021180773,3.2283056228266105e-09,0.006018698668546463,88088.64201178271
2025-03-06,22434.04882784257,22416.451,-1,0.0080447535794603,0.0080447535794603,0.0080447535794603,-0.0080447535794603,-0.0007844249594717,0.2,0.0,0.0,-0.001608950715892,73497.5445664242,-0.0029799908576601,0.799999992458892,0.2000000096591853,0.0062358027932426984,88637.94541169274
2025-03-07,22507.255678243124,22636.895,1,0.0032632027754926,0.0032632027754926,0.0032632027754926,-0.0032632027754926,0.0057598902154114,0.5,2.0,0.002,-0.0036316013877463,73230.63078158082,-0.0007844249594717,0.7204356883571733,0.07956430410171866,0.0022713634337093312,88839.27439973998
2025-03-10,22478.23595596313,22685.281,1,-0.0012893496521677,-0.0012893496521677,-0.0012893496521677,-0.0012893496521677,0.009210911587657,0.5,0.0,0.0,-0.0006446748260838,73183.4208374177,0.0057598902154114,0.920435690031685,0.2000000016745117,-0.0013867634384596018,88716.07534210314
2025-03-11,22490.38924495372,22607.957,1,0.0005406691616904,0.0005406691616904,0.0005406691616904,0.0005406691616904,0.005227466442034,0.5,0.0,0.0,0.0002703345808452,73203.20484681461,0.009210911587657,1.0000000015469601,0.0795643115152751,0.0004611048510115186,88756.98275480609
2025-03-12,22478.097015561747,22591.424,1,-0.0005465547642635,-0.0005465547642635,-0.0005465547642635,-0.0005465547642635,0.005041662751068,0.5,0.0,0.0,-0.0002732773821317,73183.20006663042,0.005227466442034,1.0000000003675105,1.1794496490580286e-09,-0.0005465547656438143,88708.47220289728
2025-03-13,22428.099427517103,22568.932,1,-0.0022242802853831,-0.0022242802853831,-0.0022242802853831,-0.0022242802853831,0.0062792914280605,0.5,0.0,0.0,-0.0011121401426915,73101.81009206569,0.005041662751068,1.0000000002071432,1.6036727501500536e-10,-0.002224280286004212,88511.15969697482
2025-03-17,22477.944222523674,22558.379,1,0.0022224261653405,0.0022224261653405,0.0022224261653405,0.0022224261653405,0.0035783867367963,0.2,0.0,0.0,0.0004444852330681,73134.30276716217,0.0062792914280605,1.0000000002403988,3.325562047962194e-11,0.0022224261658415133,88707.86921425434
2025-03-18,22698.18468793049,22606.158,-1,0.0097980697534665,0.0097980697534665,0.0097980697534665,0.0097980697534665,-0.0040543633420792,0.2,2.0,0.002,-4.0386049306693605e-05,73131.3491616046,0.0035783867367963,1.0000000001242433,1.1615552963917253e-10,0.009798069754567689,89577.03510459467
2025-03-19,22827.610227134588,22849.543,1,0.0057020215926306,0.0057020215926306,0.0057020215926306,-0.0057020215926306,0.0009608002172449,0.2,2.0,0.002,-0.0031404043185261,72901.68715687784,-0.0040543633420792,0.7999999877624628,0.20000001236178044,0.0043616171919639984,89967.73584091204
2025-03-20,23051.98138745298,22964.043,-1,0.009828937768163,0.009828937768163,0.009828937768163,0.009828937768163,-0.0038147865025104,0.2,2.0,0.002,-3.4212446367385806e-05,72899.19301181589,0.0009608002172449,0.7999999927056496,4.943186748818107e-09,0.007863150137891496,90675.16565539528
2025-03-21,23236.41447430215,23100.291,-1,0.0080007476905892,0.0080007476905892,0.0080007476905892,-0.0080007476905892,-0.005858196171044,0.5,0.0,0.0,-0.0040003738452946,72607.56898674835,-0.0038147865025104,0.5999999885805206,0.20000000412512897,0.004600448518864018,91092.31208693238
2025-03-24,23497.184728824952,23308.04,-1,0.0112224824880446,0.0112224824880446,0.0112224824880446,-0.0112224824880446,-0.0080496762062273,0.5,0.0,0.0,-0.0056112412440223,72200.15040102172,-0.005858196171044,0.39999998148767774,0.20000000709284288,0.0042889927803707855,91483.00635582053
2025-03-25,23603.15633572088,23553.021,-1,0.0045099703695961,0.0045099703695961,0.0045099703695961,-0.0045099703695961,-0.0021240945493804,0.2,0.0,0.0,-0.0009019940739192,72135.02629322391,-0.0080496762062273,0.19999997655920634,0.2000000049284714,0.0007019939632734637,91547.22687402442
2025-03-26,23531.27482571889,23681.586,1,-0.003045419391355,-0.003045419391355,-0.003045419391355,0.003045419391355,0.0063877191267522,0.5,2.0,0.002,-0.0004772903043224,72100.59694457211,-0.0021240945493804,-1.8216964901616123e-08,0.19999999477617125,-0.0001999999392978731,91528.91743420674
2025-03-27,23568.773662858886,23670.559,1,0.0015935743990806,0.0015935743990806,0.0015935743990806,0.0015935743990806,0.0043186522386404,0.2,0.0,0.0,0.0003187148798161,72123.57647766196,0.0063877191267522,0.1999999799091692,0.19999999812613412,0.00011871484967375227,91539.78327588073
2025-03-28,23538.22791794405,23740.504,1,-0.0012960260619317,-0.0012960260619317,-0.0012960260619317,-0.0012960260619317,0.0085935136137308,0.5,0.0,0.0,-0.0006480130309658,72076.83946026457,0.0043186522386404,0.3999999694135787,0.19999998950440948,-0.0007184103746362904,91474.02014588338
2025-04-01,23307.99252005734,23761.236,1,-0.0097813394742086,-0.0097813394742086,-0.0097813394742086,-0.0097813394742086,0.0194458394283689,1.0,0.0,0.0,-0.0097813394742086,71371.83142527568,0.0085935136137308,0.5999999585634921,0.1999999891499134,-0.006068803268370522,90918.88231345106
2025-04-02,23323.04602912267,23578.928,1,0.0006458518060863,0.0006458518060863,0.0006458518060863,0.0006458518060863,0.0109712072152933,1.0,0.0,0.0,0.0006458518060863,71417.9270515054,0.0194458394283689,0.799999958755725,0.20000000019223296,0.0003166814180391176,90947.6746340286
2025-04-03,23277.96266236099,23511.13,1,-0.0019329965179241,-0.0019329965179241,-0.0019329965179241,-0.0019329965179241,0.010016655710855,1.0,0.0,0.0,-0.0019329965179241,71279.87644719747,0.0109712072152933,0.9999999660696386,0.20000000731391354,-0.002132996459650743,90753.68356602076
2025-04-04,23047.118658954383,23496.332,1,-0.0099168473957502,-0.0099168473957502,-0.0099168473957502,-0.0099168473957502,0.0194910846641163,1.0,0.0,0.0,-0.0099168473957502,70573.00479008268,0.010016655710855,1.000000000411757,3.4342118482300066e-08,-0.00991684743417565,89853.69313200707
2025-04-07,22499.83778862882,23361.514,1,-0.0237461731517978,-0.02,-0.02,-0.02,0.0382969966035337,1.0,0.0,0.0,-0.02,69161.54469428102,0.0194910846641163,1.0000000000827345,3.2902258695344244e-10,-0.023746173154091447,87720.01177635984
2025-04-08,22515.37334791257,22871.555,1,0.0006904742794011,0.0006904742794011,0.0006904742794011,0.0006904742794011,0.0158194868272283,1.0,0.0,0.0,0.0006904742794011,69209.29896201608,0.0382969966035337,1.0000000000852582,2.523758979577906e-12,0.0006904742794574448,87780.58018828512
2025-04-09,22440.79879514735,22575.186,1,-0.0033121615001836,-0.0033121615001836,-0.0033121615001836,-0.0033121615001836,0.0059885214461131,0.5,0.0,0.0,-0.0016560807500918,69094.68277427774,0.0158194868272283,1.0000000051769455,5.091687294012104e-09,-0.0033121615224221673,87489.83672816958
2025-04-11,22684.29966571808,22510.148,-1,0.0108508111851786,0.0108508111851786,0.0108508111851786,0.0108508111851786,-0.0076771894342969,0.5,2.0,0.002,0.0034254055925893,69331.36008707093,0.0059885214461131,1.0000000008153442,4.361601302349527e-09,0.010850811189664146,88439.17242752148
2025-04-15,23083.400180281504,22782.537,-1,0.0175936890468155,0.0175936890468155,0.0175936890468155,-0.0175936890468155,-0.0130337462389318,1.0,0.0,0.0,-0.0175936890468155,68111.56569650622,-0.0076771894342969,0.79999998574096,0.20000001507438425,0.013874950971508898,89666.26160891415
2025-04-16,23275.85838264646,22977.855,-1,0.0083375153080507,0.0083375153080507,0.0083375153080507,-0.0083375153080507,-0.0128031103191725,1.0,0.0,0.0,-0.0083375153080507,67543.68447485629,-0.0130337462389318,0.5999999818317943,0.20000000390916572,0.00480250902944356,90096.8846399274
2025-04-17,23634.80227856068,23186.412,-1,0.0154212957482948,0.0154212957482948,0.0154212957482948,-0.0154212957482948,-0.0189716111552756,1.0,0.0,0.0,-0.0154212957482948,66502.07334064002,-0.0128031103191725,0.3999999745154531,0.20000000731634116,0.005968517898996844,90634.62950854465
2025-04-21,23919.643711899564,23539.768,-1,0.0120517798279728,0.0120517798279728,0.0120517798279728,-0.0120517798279728,-0.0158813281867815,1.0,0.0,0.0,-0.0120517798279728,65700.60499463492,-0.0189716111552756,0.19999996934056014,0.20000000517489297,0.002210355590918848,90834.9642686097
2025-04-22,24064.433784653047,23867.148,-1,0.0060531868491608,0.0060531868491608,0.0060531868491608,-0.0060531868491608,-0.0081982309003615,0.5,0.0,0.0,-0.0030265934245804,65501.75597556721,-0.0158813281867815,-3.281496922250372e-08,0.20000000215552935,-0.0002000002007906695,90816.79725751717
2025-04-23,24231.10879313468,24059.63,-1,0.006926196974887,0.006926196974887,0.006926196974887,-0.006926196974887,-0.007076803401719,0.5,0.0,0.0,-0.0034630984874435,65274.91694352333,-0.0081982309003615,-0.20000003122376364,0.19999999840879443,-0.0015852396096481317,90672.83087328316
2025-04-24,24240.77155831525,24247.285,1,0.0003987751969198,0.0003987751969198,0.0003987751969198,-0.0003987751969198,0.0002686977874891,0.2,2.0,0.002,-0.0020797550393839,65139.16110606467,-0.007076803401719,-0.40000002443118204,0.1999999932074184,-0.00035951008171788783,90640.23307644633
2025-04-25,24116.234424877865,24402.826,1,-0.0051375069946841,-0.0051375069946841,-0.0051375069946841,-0.0051375069946841,0.0118837613730646,1.0,0.0,0.0,-0.0051375069946841,64804.5082102544,0.0002686977874891,-0.4000000000245736,2.4406608456484236e-08,0.0020550027735932786,90826.49900681757
2025-04-28,24247.42968594797,24404.191,1,0.0054401221500304,0.0054401221500304,0.0054401221500304,0.0054401221500304,0.0064650693323951,0.5,0.0,0.0,0.0027200610750152,64980.780430522624,0.0118837613730646,-0.199999994979668,0.2000000050449056,-0.0012880244077397662,90709.51225922724
2025-04-29,24302.1382478168,24381.049,1,0.0022562623163533,0.0022562623163533,0.0022562623163533,0.0022562623163533,0.0032470703350675,0.2,0.0,0.0,0.0004512524632706,65010.10316775715,0.0064650693323951,6.781496930069833e-09,0.20000000176116492,-0.00019999998646032894,90691.37035800357
2025-04-30,24321.953043032325,24452.934,1,0.0008153519255575,0.0008153519255575,0.0008153519255575,0.0008153519255575,0.0053852976665128,0.5,0.0,0.0,0.0004076759627787,65036.6062241564,0.0032470703350675,0.20000000208699042,0.1999999953054935,-3.6929608492361856e-05,90688.02116120262
2025-05-02,24337.247023585234,24705.96,1,0.0006288138343928,0.0006288138343928,0.0006288138343928,0.0006288138343928,0.01515015137322,1.0,0.0,0.0,0.0006288138343928,65077.50214189211,0.0053852976665128,0.3999999935068101,0.19999999141981967,5.152553825429269e-05,90692.69391030616
2025-05-05,24413.823517831315,24728.916,1,0.0031464731475943,0.0031464731475943,0.0031464731475943,0.0031464731475943,0.0129063144057934,1.0,0.0,0.0,0.0031464731475943,65282.26675489408,0.01515015137322,0.5999999858369868,0.19999999233017668,0.0016878838516628625,90845.77264382118
2025-05-06,24392.671979093026,24640.75,1,-0.0008663755074186,-0.0008663755074186,-0.0008663755074186,-0.0008663755074186,0.0101701864035068,1.0,0.0,0.0,-0.0008663755074186,65225.70779790887,0.0129063144057934,0.7999999860896636,0.20000000025267684,-0.0008931003941359822,90764.63824846738
2025-05-07,24406.100875949152,24554.148,1,0.0005505299652139,0.0005505299652139,0.0005505299652139,0.0005505299652139,0.0060659883691925,0.5,0.0,0.0,0.0002752649826069,65243.662151231394,0.0101701864035068,0.9999999882708435,0.20000000218117986,0.000350529956575468,90796.4539731712
2025-05-08,24324.3349207033,24646.154,1,-0.0033502260627968,-0.0033502260627968,-0.0033502260627968,-0.0033502260627968,0.013230334163126,1.0,0.0,0.0,-0.0033502260627968,65025.08113386003,0.0060659883691925,1.0000000000338178,1.1762974372331314e-08,-0.0033502260746730715,90492.26532558243
2025-05-09,24128.82918787773,24587.984,1,-0.0080374544037036,-0.0080374544037036,-0.0080374544037036,-0.0080374544037036,0.019029303433958,1.0,0.0,0.0,-0.0080374544037036,64502.4450091495,0.013230334163126,1.0000000037092183,3.6754004284489383e-09,-0.008037454437191673,89764.9378661098
2025-05-12,24620.70391758511,24294.68,-1,0.0203853542116538,0.0203853542116538,0.0203853542116538,0.0203853542116538,-0.013241860130256,1.0,2.0,0.002,0.0183853542116538,65688.34530816044,0.019029303433958,1.0000000002205287,3.4886895594610223e-09,0.020385354212660668,91594.8279203879
2025-05-13,24600.763706027243,24489.275,-1,-0.0008098960787072,-0.0008098960787072,-0.0008098960787072,0.0008098960787072,-0.0045319205273259,0.2,0.0,0.0,0.0001619792157414,65698.98545481682,-0.013241860130256,0.7999999842651465,0.2000000159553822,-0.000847916866177546,91517.16312093959
2025-05-14,24643.74548613192,24664.52,1,0.0017471725926192,0.0017471725926192,0.0017471725926192,-0.0017471725926192,0.0008429933623431,0.2,2.0,0.002,-0.0023494345185238,65544.62999055727,-0.0045319205273259,0.599999981116559,0.20000000314858757,0.0008483035194303016,91594.79745250334
2025-05-15,24904.22376487295,24738.803,-1,0.0105697520244076,0.0105697520244076,0.0105697520244076,0.0105697520244076,-0.0066422774881373,0.5,2.0,0.002,0.0032848760122038,65759.93597334203,0.0008429933623431,0.5999999832277966,2.11123762916543e-09,0.006341851035255291,92175.6780135515
2025-05-16,24975.73159133404,24898.547,-1,0.0028713132011748,0.0028713132011748,0.0028713132011748,-0.0028713132011748,-0.0030903836010482,0.2,0.0,0.0,-0.0005742626402349,65722.17249888829,-0.0066422774881373,0.3999999763184959,0.2000000069093007,0.0009485252055636039,92263.10896748728
2025-05-19,24957.013101563505,25092.15,1,-0.0007494671258009,-0.0007494671258009,-0.0007494671258009,0.0007494671258009,0.0054147865326091,0.5,2.0,0.002,-0.0016252664370995,65615.3564577526,-0.0030903836010482,0.19999997291011348,0.2000000034083824,-0.000349893408265583,92230.82671383346
2025-05-20,24788.21627627826,25118.852,1,-0.0067635026915408,-0.0067635026915408,-0.0067635026915408,-0.0067635026915408,0.0133384233878154,1.0,0.0,0.0,-0.0067635026915408,65171.56681774418,0.0054147865326091,0.39999996433661933,0.19999999142650585,-0.0029054008268334544,91962.85919363955
2025-05-21,24803.811144758925,24977.488,1,0.0006291242704536,0.0006291242704536,0.0006291242704536,0.0006291242704536,0.0070020229644335,0.5,0.0,0.0,0.0003145621352268,65192.06732495844,0.0133384233878154,0.5999999560144313,0.19999999167781202,0.00017747454292195916,91979.18026004074
2025-05-22,24683.84331805528,24894.572,1,-0.0048366690910318,-0.0048366690910318,-0.0048366690910318,-0.0048366690910318,0.0085371098507411,0.5,0.0,0.0,-0.0024183345455159,65034.41109645288,0.0070020229644335,0.7999999564429583,0.20000000042852695,-0.0040693350625829695,91604.8861567809
2025-05-23,24788.480850922733,24845.348,1,0.0042391102357595,0.0042391102357595,0.0042391102357595,0.0042391102357595,0.0022940957705018,0.2,0.0,0.0,0.0008478220471519,65089.548704004,0.0085371098507411,0.9999999640743436,0.20000000763138526,0.004039110075835297,91974.8883754525
2025-05-26,24919.917856202017,24910.91,-1,0.0053023420866225,0.0053023420866225,0.0053023420866225,0.0053023420866225,-0.0003614721466577,0.2,2.0,0.002,-0.0009395315826754,65028.3950172945,0.0022940957705018,0.9999999955713971,3.1497053520901375e-08,0.0053023420316434785,92462.57069194136
2025-05-27,24861.99655278916,24980.307,1,-0.0023242975256614,-0.0023242975256614,-0.0023242975256614,0.0023242975256614,0.0047586864940485,0.2,2.0,0.002,-0.0015351404948677,64928.56729478719,-0.0003614721466577,0.9999999774900954,1.8081301678130046e-08,-0.0023242974914229864,92247.66017083159
2025-05-28,24794.292576960983,25008.178,1,-0.0027231914252913,-0.0027231914252913,-0.0027231914252913,-0.0027231914252913,0.008626397481401,0.5,0.0,0.0,-0.0013615957126456,64840.16083593038,0.0047586864940485,0.9999999993522609,2.1862165522357202e-08,-0.002723191445389548,91996.45213179717
2025-05-29,24818.585658990527,24964.115,1,0.0009797852450978,0.0009797852450978,0.0009797852450978,0.0009797852450978,0.0058637241867469,0.5,0.0,0.0,0.0004898926225489,64871.92555236879,0.008626397481401,1.0000000001958265,8.435655507454953e-10,0.0009797852444461024,92086.5888981373
2025-05-30,24776.62953154644,25046.633,1,-0.0016905124256703,-0.0016905124256703,-0.0016905124256703,-0.0016905124256703,0.0108975059787604,1.0,0.0,0.0,-0.0016905124256703,64762.25875614536,0.0058637241867469,1.0000000001866296,9.196865491389872e-12,-0.0016905124259949964,91930.9153753375
2025-06-02,24739.52899930246,24866.314,1,-0.0014974002899281,-0.0014974002899281,-0.0014974002899281,-0.0014974002899281,0.0051247944413619,0.5,0.0,0.0,-0.000748700144964,64713.77124362643,0.0108975059787604,1.0000000016623787,1.4757490784944594e-09,-0.0014974002938930953,91793.2579956366
2025-06-03,24617.758380964147,24815.137,1,-0.0049221073829556,-0.0049221073829556,-0.0049221073829556,-0.0049221073829556,0.0080177332144292,0.5,0.0,0.0,-0.0024610536914778,64554.50717801785,0.0051247944413619,1.0000000003176313,1.3447474245253943e-09,-0.004922107385863762,91341.44172248378
2025-06-04,24619.266901676827,24717.941,1,6.12777446806767e-05,6.12777446806767e-05,6.12777446806767e-05,6.12777446806767e-05,0.0040080031106227,0.2,0.0,0.0,1.225554893613534e-05,64555.298328939614,0.0080177332144292,1.0000000002362546,8.137668316976487e-11,6.127774461377718e-05,91347.03892002231
2025-06-05,24700.62087190453,24469.717,-1,0.0033044838643088,0.0033044838643088,0.0033044838643088,0.0033044838643088,-0.0093480999162725,0.5,2.0,0.002,-0.0003477580678455,64532.84870312355,0.0040080031106227,1.0000000001111613,1.250932690766149e-10,0.0033044838645510375,91648.89373620805
2025-06-06,24887.532835094586,24578.04,-1,0.0075670957487006,0.0075670957487006,0.0075670957487006,-0.0075670957487006,-0.012435657529627,1.0,0.0,0.0,-0.0075670957487006,64044.52245805061,-0.0093480999162725,0.799999984621693,0.20000001548946833,0.00585367646710189,92185.37670870763
2025-06-09,25020.821990424403,24929.23,-1,0.0053556596474626,0.0053556596474626,0.0053556596474626,-0.0053556596474626,-0.0036606307522373,0.2,0.0,0.0,-0.0010711319294925,63975.92232513668,-0.012435657529627,0.5999999807692256,0.2000000038524674,0.0030133956816316095,92463.16772479123
2025-06-10,25072.38333595588,25123.1,1,0.0020607374750201,0.0020607374750201,0.0020607374750201,-0.0020607374750201,0.0020228098527589,0.2,2.0,0.002,-0.002412147495004,63821.602964359525,-0.0036606307522373,0.3999999744814522,0.20000000628777337,0.0006242949311332389,92520.89201171833
2025-06-11,25115.038221544804,25141.676,1,0.0017012696805633,0.0017012696805633,0.0017012696805633,0.0017012696805633,0.0010606306158174,0.2,0.0,0.0,0.0003402539361126,63843.31851597717,0.0020228098527589,0.5999999741611381,0.19999999967968596,0.0008207617646994218,92596.82962231744
2025-06-12,24974.84400784348,25216.611,1,-0.0055820824346212,-0.0055820824346212,-0.0055820824346212,-0.0055820824346212,0.0096804205095572,0.5,0.0,0.0,-0.0027910412173106,63665.12918254919,0.0010606306158174,0.6000000064464781,3.228533995702776e-08,-0.0033492495290428316,92286.69973431402
2025-06-13,24816.47626016319,25047.367,1,-0.0063410905641915,-0.0063410905641915,-0.0063410905641915,-0.0063410905641915,0.0093039292692592,0.5,0.0,0.0,-0.0031705452820957,63463.27600758543,0.0096804205095572,0.8000000067599852,0.20000000031350706,-0.005272872494532384,91800.0837336738
2025-06-16,24896.83535072672,24822.791,-1,0.0032381346054566,0.0032381346054566,0.0032381346054566,0.0032381346054566,-0.0029740466884099,0.2,2.0,0.002,-0.0013523730789086,63377.44998161342,0.0093039292692592,1.000000000422139,0.19999999366215382,0.0030381346131613893,92078.98474555618
2025-06-17,24869.99106908386,24878.258,1,-0.0010782206358638,-0.0010782206358638,-0.0010782206358638,0.0010782206358638,0.0003324058658959,0.2,2.0,0.002,-0.0017843558728272,63264.36205653392,-0.0029740466884099,0.7999999906218889,0.20000000980025012,-0.0010625765083796172,91981.14377945011
2025-06-18,24834.182001884583,25046.383,1,-0.0014398504245459,-0.0014398504245459,-0.0014398504245459,-0.0014398504245459,0.0085447146235505,0.5,0.0,0.0,-0.0007199252122729,63218.81644725106,0.0003324058658959,0.799999990818945,1.9705614917597813e-10,-0.0011518803266144303,91875.19250951108
2025-06-19,24808.884633492333,24990.65,1,-0.0010186511635588,-0.0010186511635588,-0.0010186511635588,-0.0010186511635588,0.0073266238766043,0.5,0.0,0.0,-0.0005093255817794,63186.61748678466,0.0085447146235505,0.9999999919121444,0.20000000109319938,-0.0012186511564132958,91763.22869991367
2025-06-20,24996.46768752148,24866.04,-1,0.007561124040857,0.007561124040857,0.007561124040857,0.007561124040857,-0.005217844743183,0.5,2.0,0.002,0.0017805620204285,63299.125178080976,0.0073266238766043,1.0000000002041955,8.292051156821856e-09,0.007561124034108897,92457.06185388402
2025-06-23,24981.28426302774,25061.27,1,-0.0006074228040355,-0.0006074228040355,-0.0006074228040355,0.0006074228040355,0.003201826460565,0.2,2.0,0.002,-0.0018785154391928,63180.21679414654,-0.005217844743183,0.7999999863691568,0.20000001383503874,-0.0006859382487837537,92393.64201878828
2025-06-24,25020.26079058264,25140.203,1,0.0015602291357206,0.0015602291357206,0.0015602291357206,0.0015602291357206,0.0047938033268825,0.2,0.0,0.0,0.0003120458271441,63199.93191715522,0.003201826460565,0.9999999877423328,0.20000000137317597,0.0013602291152226545,92519.31854072369
2025-06-25,25159.00275211016,25161.098,1,0.0055451844682508,0.0055451844682508,0.0055451844682508,0.0055451844682508,8.328024407357381e-05,0.2,0.0,0.0,0.0011090368936501,63270.02297332752,0.0047938033268825,0.999999999721795,1.1979462199995794e-08,0.005545184454728639,93032.3552276578
2025-06-26,25400.034306825,25167.191,-1,0.0095803302336625,0.0095803302336625,0.0095803302336625,0.0095803302336625,-0.0091670469422333,0.5,2.0,0.002,0.0027901651168312,63446.556784368826,8.328024407357381e-05,0.9999999984489726,1.2728224030311708e-09,0.009580330217530323,93923.63591165334
2025-06-27,25546.982069404883,25339.432,-1,0.0057853371694225,0.0057853371694225,0.0057853371694225,-0.0057853371694225,-0.0081242500128202,0.5,0.0,0.0,-0.0028926685847112,63263.02692275058,-0.0091670469422333,0.7999999829993846,0.200000015449588,0.004428269621734119,94339.55509532374
2025-06-30,25528.483515998098,25539.672,1,-0.0007240993615813,-0.0007240993615813,-0.0007240993615813,0.0007240993615813,0.0004382745255858,0.2,2.0,0.002,-0.0018551801276837,63145.66261238637,-0.0081242500128202,0.5999999792967627,0.20000000370262183,-0.000634459605660201,94279.70045839979
2025-07-01,25536.71403856097,25591.713,1,0.0003224054635957,0.0003224054635957,0.0003224054635957,0.0003224054635957,0.0021537211622442,0.2,0.0,0.0,6.44810927191486e-05,63149.73431371208,0.0004382745255858,0.5999999794656528,1.6889001308584284e-10,0.00019344327136814425,94297.93823208008
2025-07-02,25485.2233724098,25624.504,1,-0.0020163387534284,-0.0020163387534284,-0.0020163387534284,-0.0020163387534284,0.0054651523180677,0.5,0.0,0.0,-0.0010081693767142,63086.06868542935,0.0021537211622442,0.7999999804763991,0.20000000101074633,-0.0018130709643872731,94126.9693782699
2025-07-03,25435.828494604088,25677.209,1,-0.0019381771579521,-0.0019381771579521,-0.0019381771579521,-0.0019381771579521,0.0094897834936698,0.5,0.0,0.0,-0.000969088578976,63024.932696773794,0.0054651523180677,0.9999999835715407,0.20000000309514165,-0.0021381771292059773,93925.70924510383
2025-07-04,25451.38534048676,25729.074,1,0.000611611526079,0.000611611526079,0.000611611526079,0.000611611526079,0.0109105518539892,1.0,0.0,0.0,0.000611611526079,63063.47947204149,0.0094897834936698,1.000000000171552,1.660001136549738e-08,0.0006116115095839118,93983.15528992398
2025-07-07,25457.51341989188,25641.674,1,0.0002407758683127,0.0002407758683127,0.0002407758683127,0.0002407758683127,0.0072340364540168,0.5,0.0,0.0,0.0001203879341563,63071.07155405584,0.0109105518539892,1.000000001678695,1.507142854961785e-09,0.00024077586720974638,94005.78416564202
2025-07-08,25497.67733521132,25601.379,1,0.0015776841460115,0.0015776841460115,0.0015776841460115,0.0015776841460115,0.0040671024040873,0.2,0.0,0.0,0.0003155368292023,63090.97279998839,0.0072340364540168,1.0000000004310485,1.2476464306132584e-09,0.001577684145443912,94154.09560090018
2025-07-09,25484.341567244544,25643.39,1,-0.0005230189319385,-0.0005230189319385,-0.0005230189319385,-0.0005230189319385,0.0062410257818817,0.5,0.0,0.0,-0.0002615094659692,63074.473913383976,0.0040671024040873,1.0000000001448728,2.861757497640838e-10,-0.0005230189323004469,94104.85122634728
2025-07-10,25404.558591026424,25687.15,1,-0.003130666570592,-0.003130666570592,-0.003130666570592,-0.003130666570592,0.0111236496379589,1.0,0.0,0.0,-0.003130666570592,62877.00876644567,0.0062410257818817,1.0000000002079041,6.303135791085879e-11,-0.00313066657130591,93810.24031441525
2025-07-11,25247.139783125967,25513.951,1,-0.0061964787672422,-0.0061964787672422,-0.0061964787672422,-0.0061964787672422,0.0105679779636803,1.0,0.0,0.0,-0.0061964787672422,62487.39271667668,0.0111236496379589,1.0000000019231392,1.715235065091747e-09,-0.006196478780874127,93228.94715087827
2025-07-14,25145.263677295014,25332.428,1,-0.0040351543464358,-0.0040351543464358,-0.0040351543464358,-0.0040351543464358,0.0074433231286409,0.5,0.0,0.0,-0.0020175771732179,62361.319579517614,0.0105679779636803,1.000000001352185,5.709541728293743e-10,-0.004035154352463029,92852.75395900686
2025-07-15,25176.49732523218,25228.123,1,0.0012421284715089,0.0012421284715089,0.0012421284715089,0.0012421284715089,0.0020505503248094,0.2,0.0,0.0,0.0002484256943017,62376.81173363173,0.0074433231286409,1.000000000400633,9.515519483471735e-10,0.0012421284710549857,92968.08900831522
2025-07-16,25198.47056946872,25200.47,1,0.0008727681199132,0.0008727681199132,0.0008727681199132,0.0008727681199132,7.934729712135517e-05,0.2,0.0,0.0,0.0001745536239826,62387.69983217232,0.0020505503248094,1.0000000001159235,2.847095892377638e-10,0.0008727681197296648,93049.22859255386
2025-07-17,25144.688416977624,25031.697,-1,-0.0021343419372548,-0.0021343419372548,-0.0021343419372548,-0.0021343419372548,-0.0044936495176982,0.2,2.0,0.002,-0.0024268683874509,62236.29309568384,7.934729712135517e-05,0.9999999987299636,1.3859599024002023e-09,-0.002134341935930068,92850.62972186282
2025-07-18,25035.736424882067,24771.957,-1,-0.0043330022742295,-0.0043330022742295,-0.0043330022742295,0.0043330022742295,-0.0105361160704626,1.0,0.0,0.0,0.0043330022742295,62505.96309520705,-0.0044936495176982,0.7999999856584233,0.20000001307154025,-0.003666401770313056,92510.2020086759
2025-07-21,25069.705299609104,24775.508,-1,0.0013568154797027,0.0013568154797027,0.0013568154797027,-0.0013568154797027,-0.0117351718376079,1.0,0.0,0.0,-0.0013568154797027,62421.15403690575,-0.0105361160704626,0.5999999817510212,0.20000000390740214,0.0006140892591537209,92567.01153009156
2025-07-22,25064.26356658908,24921.467,-1,-0.0002170641000757,-0.0002170641000757,-0.0002170641000757,0.0002170641000757,-0.0056972177223443,0.5,0.0,0.0,0.0001085320500378,62427.9287327191,-0.0117351718376079,0.3999999744237661,0.2000000073272551,-0.0002868256418058529,92540.4609375994
2025-07-23,25160.45241374436,24966.426,-1,0.0038376889430535,0.0038376889430535,0.0038376889430535,-0.0038376889430535,-0.0077115629939296,0.5,0.0,0.0,-0.0019188444715267,62308.13924680145,-0.0056972177223443,0.19999996978532972,0.2000000046384364,0.0005675376680177575,92592.9811349972
2025-07-24,25099.66703775523,25081.258,-1,-0.0024159094991441,-0.0024159094991441,-0.0024159094991441,0.0024159094991441,-0.0007334375283758,0.2,0.0,0.0,0.0004831818998288,62338.24541189752,-0.0077115629939296,-3.212191701853854e-08,0.20000000190724673,-0.0001999999243036023,92574.46254577914
2025-07-25,24937.32988069825,24989.467,1,-0.0064677016158337,-0.0064677016158337,-0.0064677016158337,0.0064677016158337,0.0020907258135164,0.2,2.0,0.002,-0.0007064596768332,62294.20595518947,-0.0007334375283758,-3.419691296178634e-08,2.0749959432478023e-09,2.191004332762221e-10,92574.46256606226
2025-07-28,24778.847740115176,24856.094,1,-0.0063552169114039,-0.0063552169114039,-0.0063552169114039,-0.0063552169114039,0.0031174274403312,0.2,0.0,0.0,-0.0012710433822807,62215.0273169557,0.0020907258135164,0.19999995187385206,0.19999998607076502,-0.0014710430624994355,92438.28154513983
2025-07-29,24804.96083140596,24600.672,-1,0.0010538460692224,0.0010538460692224,0.0010538460692224,0.0010538460692224,-0.0082358054420834,0.5,2.0,0.002,-0.0014730769653887,62123.379793314045,0.0031174274403312,0.399999935215896,0.19999998334204394,0.0002215383760744427,92458.76017192045
2025-07-30,24835.91812290436,24686.594,-1,0.0012480282355136,0.0012480282355136,0.0012480282355136,-0.0012480282355136,-0.0060124261227391,0.5,0.0,0.0,-0.0006240141177568,62084.613927280254,-0.0082358054420834,0.1999999302991049,0.2000000049167911,4.960555519724377e-05,92463.34664005163
2025-07-31,24794.158484973905,24756.87,-1,-0.0016814211467359,-0.0016814211467359,-0.0016814211467359,0.0016814211467359,-0.0015039221837879,0.2,0.0,0.0,0.0003362842293471,62105.49200382911,-0.0060124261227391,-7.141694055660861e-08,0.20000000171604546,-0.00019999988163409136,92444.85398166813
2025-08-01,24652.74682292613,24803.422,1,-0.0057034265604729,-0.0057034265604729,-0.0057034265604729,0.0057034265604729,0.006111902180967,0.5,2.0,0.002,0.0008517132802364,62158.3880761444,-0.0015039221837879,-0.20000001464355407,0.19999994322661352,0.0009406854523864017,92531.81551095666
2025-08-04,24696.011165678265,24660.992,-1,0.0017549501912663,0.0017549501912663,0.0017549501912663,0.0017549501912663,-0.0014180089830431,0.2,2.0,0.002,-0.0016490099617467,62055.88827500072,0.006111902180967,-1.290174323890223e-08,0.20000000174181085,-0.00020000002438372763,92513.30914559819
2025-08-05,24667.297068971213,24610.756,-1,-0.0011627018029113,-0.0011627018029113,-0.0011627018029113,0.0011627018029113,-0.0022921469187775,0.2,0.0,0.0,0.0002325403605822,62070.318773636434,-0.0014180089830431,-0.19999992955655393,0.1999999166548107,3.254036202272759e-05,92516.31956216971
2025-08-06,24609.759433254952,24560.938,-1,-0.0023325472408015,-0.0023325472408015,-0.0023325472408015,0.0023325472408015,-0.0019838240754593,0.2,0.0,0.0,0.0004665094481603,62099.27516379466,-0.0022921469187775,-0.3999999015939799,0.19999997203742598,0.0007330186947464834,92584.13575397793
2025-08-07,24601.34858235529,24573.168,-1,-0.0003417689198658,-0.0003417689198658,-0.0003417689198658,0.0003417689198658,-0.0011454893320564,0.2,0.0,0.0,6.835378397316295e-05,62103.519884234105,-0.0019838240754593,-0.5999999013011388,0.19999999970715887,5.061318480117954e-06,92584.60435177518
2025-08-08,24454.226950325046,24576.855,1,-0.0059802263090472,-0.0059802263090472,-0.0059802263090472,0.0059802263090472,0.0050145952241325,0.5,2.0,0.002,0.0009901131545236,62165.009396213696,-0.0011454893320564,-0.6000006351792394,7.338781006227535e-07,0.003588138850065818,92916.81076756776
2025-08-11,24535.08052437513,24434.107,-1,0.0033063230424059,0.0033063230424059,0.0033063230424059,0.0033063230424059,-0.004115475564664,0.2,2.0,0.002,-0.0013387353915188,62081.78689802089,0.0050145952241325,-0.40000062829982075,0.20000000687941866,-0.0015225313012039534,92775.3420147661
2025-08-12,24505.61258112941,24501.121,-1,-0.0012010534555386,-0.0012010534555386,-0.0012010534555386,0.0012010534555386,-0.0001832878535291,0.2,0.0,0.0,0.0002402106911077,62096.69960695686,-0.004115475564664,-0.60000062810861,0.19999999980878924,0.0005206328279063873,92823.64390343922
2025-08-13,24575.90593036459,24361.531,-1,0.002868459174504,0.002868459174504,0.002868459174504,-0.002868459174504,-0.0087229716362041,0.5,0.0,0.0,-0.001434229587252,62007.63868310986,-0.0001832878535291,-0.6000006301375685,2.02895855672125e-09,-0.0017210773142552482,92663.8872356905
2025-08-14,24610.141831013505,24538.36,-1,0.0013930676958937,0.0013930676958937,0.0013930676958937,-0.0013930676958937,-0.0029167581197376,0.2,0.0,0.0,-0.0002786135391787,61990.36251544025,-0.0087229716362041,-0.8000006304736414,0.2000000003360729,-0.0013144550353434959,92542.08472251905
2025-08-18,24775.037865084232,24596.863,-1,0.0067003284744555,0.0067003284744555,0.0067003284744555,-0.0067003284744555,-0.0071917090926159,0.5,0.0,0.0,-0.0033501642372277,61782.68461988823,-0.0029167581197376,-1.00000000016493,0.19999936969128862,-0.006900327845251875,91903.5139984506
2025-08-19,24902.113394381136,24944.291,1,0.0051291759870928,0.0051291759870928,0.0051291759870928,-0.0051291759870928,0.0016937359874195,0.2,2.0,0.002,-0.0030258351974185,61595.74039817436,-0.0071917090926159,-1.0000000002532703,8.834022402481878e-11,-0.005129175988480208,91432.12470119279
2025-08-20,24993.852744667303,24915.588,-1,0.0036839985760752,0.0036839985760752,0.0036839985760752,0.0036839985760752,-0.0031313597574108,0.2,2.0,0.002,-0.0012632002847849,61517.93264136184,0.0016937359874195,-0.7999999998570352,0.2000000003962351,-0.003147198860729713,91144.3696224991
2025-08-21,25049.41230395824,24983.21,-1,0.0022229289681157,0.0022229289681157,0.0022229289681157,-0.0022229289681157,-0.0026428685493663,0.2,0.0,0.0,-0.0004445857936231,61490.58264245643,-0.0031313597574108,-0.9999999980071308,0.19999999815009561,-0.002422928961835789,90923.53328963247
2025-08-22,24938.59096409147,25055.479,1,-0.0044241093771792,-0.0044241093771792,-0.0044241093771792,0.0044241093771792,0.0046870344871061,0.2,2.0,0.002,-0.0011151781245641,61422.00968982685,-0.0026428685493663,-0.9999999998612552,1.8541244095615639e-09,0.004424109374711253,91325.788945641
2025-08-25,24956.612239362115,25119.602,1,0.0007226260415673,0.0007226260415673,0.0007226260415673,0.0007226260415673,0.0065309249137914,0.5,0.0,0.0,0.0003613130207836,61444.202261690494,0.0046870344871061,-0.7999999865890979,0.20000001327215733,-0.0007781008368349302,91254.72827283779
2025-08-26,24805.4649459106,25084.932,1,-0.0060564026880669,-0.0060564026880669,-0.0060564026880669,-0.0060564026880669,0.0112663501651266,1.0,0.0,0.0,-0.0060564026880669,61072.07142994666,0.0065309249137914,-0.5999999826975113,0.20000000389158656,0.0034338415041577147,91568.0825462317
2025-08-28,24617.2336989756,24907.145,1,-0.0075882974717644,-0.0075882974717644,-0.0075882974717644,-0.0075882974717644,0.0117767619452897,1.0,0.0,0.0,-0.0075882974717644,60608.63838471938,0.0112663501651266,-0.3999999753475104,0.2000000073500009,0.002835318794285335,91827.7072516317
2025-08-29,24499.56986068522,24776.336,1,-0.0047797343815798,-0.0047797343815798,-0.0047797343815798,-0.0047797343815798,0.0112967754490624,1.0,0.0,0.0,-0.0047797343815798,60318.9451920112,0.0117767619452897,-0.19999997026484936,0.20000000508266105,0.000755946729107177,91897.12410656999
2025-09-01,24577.12133453388,24616.428,1,0.0031654218539203,0.0031654218539203,0.0031654218539203,0.0031654218539203,0.0015993193397669,0.2,0.0,0.0,0.000633084370784,60357.132173474434,0.0112967754490624,3.181909102654036e-08,0.2000000020839404,-0.0001999999013630943,91878.74469081312
2025-09-02,24578.652992619154,24752.514,1,6.232048352727837e-05,6.232048352727837e-05,6.232048352727837e-05,6.232048352727837e-05,0.007073658895508,0.5,0.0,0.0,3.1160241763639185e-05,60359.01291630513,0.0015993193397669,0.19999999284665906,0.19999996102756804,-0.00018753586476791202,91861.51413097374
2025-09-03,24662.951461983343,24712.594,1,0.0034297432568621,0.0034297432568621,0.0034297432568621,0.0034297432568621,0.0020128384914992,0.2,0.0,0.0,0.0006859486513724,60400.41609981324,0.007073658895508,0.3999999862043006,0.19999999335764154,0.0011718972620714915,91969.16638787357
2025-09-04,24707.047766364307,24753.436,1,0.001787957311149,0.001787957311149,0.001787957311149,0.001787957311149,0.0018775304145745,0.2,0.0,0.0,0.0003575914622298,60422.01477292566,0.0020128384914992,0.5999999859251623,0.19999999972086174,0.0008727743618033294,92049.43471837332
2025-09-05,24728.03140074513,24736.357,1,0.0008492975194467,0.0008492975194467,0.0008492975194467,0.0008492975194467,0.0003366866985867,0.2,0.0,0.0,0.0001698595038893,60432.27802637897,0.0018775304145745,0.7999999870128758,0.20000000108771343,0.0004794380034397141,92093.56671557245
2025-09-08,24755.91647002896,24804.455,1,0.0011276704090155,0.0011276704090155,0.0011276704090155,0.0011276704090155,0.0019606840259704,0.2,0.0,0.0,0.0002255340818031,60445.90756471492,0.0003366866985867,0.79999998724218,2.2930424226075274e-10,0.0009021363125964797,92176.6476662631
2025-09-09,24825.558480103853,24718.75,-1,0.0028131461082931,0.0028131461082931,0.0028131461082931,0.0028131461082931,-0.0043023596101353,0.2,2.0,0.002,-0.0014373707783413,60359.024383511074,0.0019606840259704,0.9999999919499222,0.20000000470774215,0.0026131460809393128,92417.51871186632
2025-09-10,24916.743912731963,24792.889,-1,0.0036730465782346,0.0036730465782346,0.0036730465782346,-0.0036730465782346,-0.0049707503181696,0.2,0.0,0.0,-0.0007346093156469,60314.684081915584,-0.0043023596101353,0.7999999791735285,0.20000001277639368,0.0027384371733146866,92670.59828057242
2025-09-11,24971.59819137206,24889.83,-1,0.0022015026855923,0.0022015026855923,0.0022015026855923,-0.0022015026855923,-0.0032744476643193,0.2,0.0,0.0,-0.0004403005371184,60288.12749411818,-0.0049707503181696,0.5999999752447767,0.20000000392875183,0.0011209015529279375,92774.47289809586
2025-09-12,25059.607349163583,24952.207,-1,0.0035243702512373,0.0035243702512373,0.0035243702512373,-0.0035243702512373,-0.0042857953704996,0.2,0.0,0.0,-0.0007048740502474,60245.63195750957,-0.0032744476643193,0.3999999688988868,0.20000000634588988,0.001209747984537192,92886.70662970083
2025-09-15,25065.535450583644,25134.617,1,0.0002365600281546,0.0002365600281546,0.0002365600281546,-0.0002365600281546,0.0027560372509315,0.2,2.0,0.002,-0.0020473120056309,60122.29035191614,-0.0042857953704996,0.19999996458765942,0.20000000431122736,-0.00015268800705745163,92872.52394358341
2025-09-16,25172.80399994549,25139.312,-1,0.0042795235542971,0.0042795235542971,0.0042795235542971,0.0042795235542971,-0.0013304834831097,0.2,2.0,0.002,-0.0011440952891405,60053.50472275217,0.0027560372509315,0.3999999447541455,0.1999999801664861,0.0015118092051264183,93012.92948018464
2025-09-17,25270.110979371893,25306.447,1,0.0038655598091741,0.0038655598091741,0.0038655598091741,-0.0038655598091741,0.0014379050672855,0.2,2.0,0.002,-0.0027731119618348,59886.9696304554,-0.0013304834831097,0.19999996710375528,0.19999997765039024,0.0005731118570220283,93066.2362929261
2025-09-18,25364.972169600467,25449.58,1,0.0037538889443742,0.0037538889443742,0.0037538889443742,0.0037538889443742,0.0033356169221796,0.2,0.0,0.0,0.0007507777888748,59931.93143709697,0.0014379050672855,0.3999999655820775,0.19999999847832223,0.001301555450070299,93187.3671599907
2025-09-19,25341.53546269929,25576.117,1,-0.0009239792081958,-0.0009239792081958,-0.0009239792081958,-0.0009239792081958,0.0092568004668065,0.5,0.0,0.0,-0.0004619896040979,59904.24350781952,0.0033356169221796,0.5999999653955049,0.19999999981342742,-0.0007543874927570735,93117.06777572224
2025-09-22,25255.51387459172,25448.967,1,-0.0033944899761177,-0.0033944899761177,-0.0033944899761177,-0.0033944899761177,0.0076598372287685,0.5,0.0,0.0,-0.0016972449880588,59802.57133076241,0.0092568004668065,0.7999999657120235,0.20000000031651854,-0.002915591864820486,92845.5764104394
2025-09-23,25202.354376589967,25330.516,1,-0.0021048670110503,-0.0021048670110503,-0.0021048670110503,-0.0021048670110503,0.0050853035988209,0.5,0.0,0.0,-0.0010524335055251,59739.63310097735,0.0076598372287685,0.9999999719278256,0.20000000621580216,-0.0023048669581779086,92631.579709158
2025-09-24,25112.458869464463,25314.682,1,-0.0035669487771747,-0.0035669487771747,-0.0035669487771747,-0.0035669487771747,0.0080527013139852,0.5,0.0,0.0,-0.0017834743885873,59633.08899535815,0.0050853035988209,0.9999999995238014,2.759597572676853e-08,-0.0035669488030720996,92301.16760678774
2025-09-25,24975.496814507456,25278.375,1,-0.0054539484034176,-0.0054539484034176,-0.0054539484034176,-0.0054539484034176,0.0121270134380915,1.0,0.0,0.0,-0.0054539484034176,59307.853204841056,0.0080527013139852,1.0000000002177658,6.939644414671875e-10,-0.005453948405299248,91797.76180091144
2025-09-26,24777.2329968201,25135.496,1,-0.0079383332856142,-0.0079383332856142,-0.0079383332856142,-0.0079383332856142,0.0144593628847045,1.0,0.0,0.0,-0.0079383332856142,58837.04769964674,0.0121270134380915,1.0000000028939222,2.676156407588337e-09,-0.007938333311263274,91069.04057050786
2025-09-29,24689.266608484173,24903.797,1,-0.0035502910412642,-0.0035502910412642,-0.0035502910412642,-0.0035502910412642,0.0086892168535336,0.5,0.0,0.0,-0.0017751455206321,58732.60337797549,0.0144593628847045,1.0000000046328466,1.7389243378573838e-09,-0.0035502910594510783,90745.71896997759
2025-09-30,24640.95674623612,24753.102,1,-0.0019567151594309,-0.0019567151594309,-0.0019567151594309,-0.0019567151594309,0.0045511728671416,0.2,0.0,0.0,-0.0003913430318861,58709.618782898986,0.0086892168535336,1.000000000391592,4.24125445874779e-09,-0.0019567151644383886,90568.15544556118
2025-10-01,24761.68599937425,24658.283,-1,0.0048995359385375,0.0048995359385375,0.0048995359385375,0.0048995359385375,-0.0041759272521614,0.2,2.0,0.002,-0.0010200928122924,58649.72952276612,0.0045511728671416,1.0000000001812626,2.1032953156918666e-10,0.004899535939215273,91011.89737811513
2025-10-03,24843.615057445622,24791.775,-1,0.0033087027302358,0.0033087027302358,0.0033087027302358,-0.0033087027302358,-0.0020866551556909,0.2,0.0,0.0,-0.0006617405460471,58610.9186187262,-0.0041759272521614,0.7999999876071296,0.2000000125741329,0.0024469621306101833,91234.60004443435
2025-10-06,24988.25684791889,24814.793,-1,0.0058220911143089,0.0058220911143089,0.0058220911143089,-0.0058220911143089,-0.0069418146681701,0.5,0.0,0.0,-0.0029110455571544,58440.29956448041,-0.0020866551556909,0.5999999831709311,0.2000000044361986,0.003293254566168769,91535.05880762327
2025-10-07,25062.44807886074,24987.545,-1,0.0029690438750245,0.0029690438750245,0.0029690438750245,-0.0029690438750245,-0.0029886577171174,0.2,0.0,0.0,-0.0005938087750049,58405.59720178511,-0.0069418146681701,0.3999999759777672,0.20000000719316385,0.000987617471493573,91625.46043095588
2025-10-08,25052.375553593007,24999.629,-1,-0.0004018971026309,-0.0004018971026309,-0.0004018971026309,0.0004018971026309,-0.0021054511768821,0.2,0.0,0.0,8.037942052618874e-05,58410.29180984367,-0.0029886577171174,0.19999997255747395,0.20000000342029325,-0.00028037941291740153,91599.77053815196
2025-10-09,25132.36474328672,24992.068,-1,0.0031928784367212,0.0031928784367212,0.0031928784367212,-0.0031928784367212,-0.0055823136708293,0.5,0.0,0.0,-0.0015964392183606,58317.043329242544,-0.0021054511768821,-2.207087356350573e-08,0.19999999462834753,-0.0002000000650979638,91581.45057808136
2025-10-10,25226.914590293625,25024.074,-1,0.0037620752353662,0.0037620752353662,0.0037620752353662,-0.0037620752353662,-0.008040642051869,0.5,0.0,0.0,-0.0018810376176831,58207.34677698819,-0.0055823136708293,-0.20000001995995553,0.19999999788908196,-0.0009524151200531765,91494.2270198344
2025-10-13,25227.18344687168,25197.668,-1,1.0657529167401592e-05,1.0657529167401592e-05,1.0657529167401592e-05,-1.0657529167401592e-05,-0.0011699858184261,0.2,0.0,0.0,-2.1315058334803182e-06,58207.222707688976,-0.008040642051869,-0.4000000139095517,0.19999999394959617,-0.00020426300576479827,91475.53813401322
2025-10-14,25176.70030038673,25287.996,1,-0.0020011408166616,-0.0020011408166616,-0.0020011408166616,0.0020011408166616,0.0044205832490114,0.2,2.0,0.002,-0.0015997718366676,58114.10443211057,-0.0011699858184261,-0.5680884594828157,0.16808844557326402,0.0009687365581722082,91564.15383198213
2025-10-15,25267.45888882449,25252.004,-1,0.0036048643132304,0.0036048643132304,0.0036048643132304,0.0036048643132304,-0.0006116518836536,0.2,2.0,0.002,-0.0012790271373539,58039.77491547888,0.0044205832490114,-0.36808845286519976,0.20000000661761597,-0.001526908934463565,91424.34370741947
2025-10-16,25463.895981392045,25314.834,-1,0.0077743113556398,0.0077743113556398,0.0077743113556398,-0.0077743113556398,-0.0058538560439052,0.5,0.0,0.0,-0.0038871556778199,57814.16527487678,-0.0006116518836536,-0.36808848910544345,3.6240243694862784e-08,-0.0028616345569729895,91162.72064611774
2025-10-17,25615.90368314186,25517.992,-1,0.0059695382772886,0.0059695382772886,0.0059695382772886,-0.0059695382772886,-0.0038223005658121,0.2,0.0,0.0,-0.0011939076554577,57745.140500361216,-0.0058538560439052,-0.5680884758715393,0.19999998676609587,-0.0035912258883677908,90835.33472367935
2025-10-20,25756.349872197945,25738.926,-1,0.0054827731550424,0.0054827731550424,0.0054827731550424,-0.0054827731550424,-0.0006764884109899,0.2,0.0,0.0,-0.0010965546310084,57681.81979912731,-0.0038223005658121,-0.7680884763945761,0.2000000005230368,-0.004411254879596637,90434.63691013973
2025-10-21,25825.72402500161,25828.725,1,0.002693477653002,0.002693477653002,0.002693477653002,-0.002693477653002,0.0001162010015859,0.2,2.0,0.002,-0.0025386955306004,57535.38322100636,-0.0006764884109899,-0.7680884769456924,5.511162637361622e-10,-0.0020688291487326806,90247.54309724498
2025-10-23,25866.31425121444,25897.664,1,0.0015716975126636,0.0015716975126636,0.0015716975126636,0.0015716975126636,0.0012119913367281,0.2,0.0,0.0,0.0003143395025327,57553.46886474608,0.0001162010015859,-0.7680884768919906,5.370182076802621e-11,-0.0012072027486904164,90138.59601515543
2025-10-24,25822.332566599503,25960.46,1,-0.001700346024864,-0.001700346024864,-0.001700346024864,-0.001700346024864,0.005349146249443,0.5,0.0,0.0,-0.000850173012432,57504.53845874544,0.0012119913367281,-0.5680884795997835,0.19999999729220708,0.0007659469907663183,90207.63740152515
2025-10-27,25911.155308055964,26001.822,1,0.0034397644452675,0.0034397644452675,0.0034397644452675,0.0034397644452675,0.0034991373740809,0.2,0.0,0.0,0.0006879528890535,57544.09887211181,0.005349146249443,-0.3680884727828286,0.2000000068169549,-0.0014661376482081425,90075.38058817487
2025-10-28,25926.63329607609,26063.318,1,0.0005973484329859,0.0005973484329859,0.0005973484329859,0.0005973484329859,0.0052719804520318,0.5,0.0,0.0,0.0002986742164929,57561.28581075624,0.0034991373740809,-0.168088469385885,0.20000000339694357,-0.0003004073871876004,90048.32127844244
2025-10-29,26005.288686156764,26127.842,1,0.0030337679860878,0.0030337679860878,0.0030337679860878,0.0030337679860878,0.0047126303930813,0.2,0.0,0.0,0.0006067535972175,57596.21132798238,0.0052719804520318,0.03191153148490662,0.20000000087079162,-0.00010318781826484904,90039.02938863132
2025-10-30,25926.527005210726,26213.482,1,-0.003028679354287,-0.003028679354287,-0.003028679354287,-0.003028679354287,0.0110680074786569,1.0,0.0,0.0,-0.003028679354287,57421.770871848166,0.0047126303930813,0.23191152797063286,0.19999999648572625,-0.0009023856532715342,89957.77946027654
2025-10-31,25800.18392635262,26106.248,1,-0.0048731200608825,-0.0048731200608825,-0.0048731200608825,-0.0048731200608825,0.0118628640214755,1.0,0.0,0.0,-0.0048731200608825,57141.94768828116,0.0110680074786569,0.43191152258876514,0.19999999461813228,-0.002304756699871749,89750.44866535987
2025-11-03,25777.419066508064,25962.34,1,-0.000882352618475,-0.000882352618475,-0.000882352618475,-0.000882352618475,0.007173756729284,0.5,0.0,0.0,-0.0004411763092375,57116.7380146974,0.0118628640214755,0.6319115125549845,0.19999998996621932,-0.0007575687677136078,89682.45652856272
2025-11-04,25666.315914699764,25930.246,1,-0.0043100960387711,-0.0043100960387711,-0.0043100960387711,-0.0043100960387711,0.0102831308621536,1.0,0.0,0.0,-0.0043100960387711,56870.55938843272,0.007173756729284,0.8319115134488957,0.20000000089391123,-0.0037856185196180675,89342.95296024333
2025-11-06,25569.5214733971,25906.777,1,-0.0037712635356143,-0.0037712635356143,-0.0037712635356143,-0.0037712635356143,0.0131897472916645,1.0,0.0,0.0,-0.0037712635356143,56656.08552156114,0.0102831308621536,0.9999999996880077,0.168088486239112,-0.003939352020676807,88990.99961796617
2025-11-07,25521.796461015405,25756.707,1,-0.0018664804670415,-0.0018664804670415,-0.0018664804670415,-0.0018664804670415,0.0092043104937154,0.5,0.0,0.0,-0.0009332402335207,56603.21178307863,0.0131897472916645,1.0000000037033403,4.01533262195386e-09,-0.001866480477969045,88824.8996544643
2025-11-10,25554.27609291745,25534.586,-1,0.0012726232634783,0.0012726232634783,0.0012726232634783,0.0012726232634783,-0.0007705204735934,0.2,2.0,0.002,-0.0017454753473043,56504.41227233303,0.0092043104937154,1.0000000002845497,3.4187905839644372e-09,0.001272623260421634,88937.94028786919
2025-11-11,25641.21686598565,25481.826,-1,0.0034022005848288,0.0034022005848288,0.0034022005848288,-0.0034022005848288,-0.0062161974144485,0.5,0.0,0.0,-0.0017011002924144,56408.29260009385,-0.0007705204735934,0.8000969788809077,0.19990302140364202,0.0025221873880647383,89162.2584391837
2025-11-12,25786.19769883305,25544.484,-1,0.0056542103132288,0.0056542103132288,0.0056542103132288,-0.0056542103132288,-0.0093737627259403,0.5,0.0,0.0,-0.0028271051566144,56248.82042520832,-0.0062161974144485,0.6000969747638069,0.20000000411710084,0.003193074499529819,89446.96017292637
2025-11-13,25843.645621706262,25721.47,-1,0.0022278555196144,0.0022278555196144,0.0022278555196144,-0.0022278555196144,-0.0047274917592758,0.2,0.0,0.0,-0.0004455711039228,56223.757576197095,-0.0093737627259403,0.4000969674075912,0.20000000735621565,0.0006913582298637692,89508.8000649782
2025-11-14,25884.68626733265,25788.29,-1,0.00158803623247,0.00158803623247,0.00158803623247,-0.00158803623247,-0.0037240655087369,0.2,0.0,0.0,-0.000317607246494,56205.90050336578,-0.0047274917592758,0.20009696291208454,0.20000000449550667,0.00011776122261608935,89519.34073070878
2025-11-17,25964.266147800325,25885.86,-1,0.0030744000389182,0.0030744000389182,0.0030744000389182,-0.0030744000389182,-0.0030197713794027,0.2,0.0,0.0,-0.0006148800077836,56171.34061882678,-0.0037240655087369,9.69625127511572e-05,0.20000000039933338,-0.0001997018988463576,89501.46354838138
2025-11-18,25930.75920855969,25897.582,-1,-0.0012905020711887,-0.0012905020711887,-0.0012905020711887,0.0012905020711887,-0.0012794538059163,0.2,0.0,0.0,0.0002581004142377,56185.83846510878,-0.0030197713794027,-0.19990303229908873,0.1999999948118399,5.7975282407035704e-05,89506.65242100644
2025-11-19,26006.09210200496,25887.928,-1,0.0029051557202537,0.0029051557202537,0.0029051557202537,-0.0029051557202537,-0.0045437085103551,0.2,0.0,0.0,-0.0005810311440507,56153.19274310595,-0.0012794538059163,-0.39990302735223454,0.1999999950531458,-0.0013617805625122617,89384.76400152397
2025-11-20,26121.08244826078,25922.838,-1,0.0044216695766816,0.0044216695766816,0.0044216695766816,-0.0044216695766816,-0.0075894423078925,0.5,0.0,0.0,-0.0022108347883408,56029.04731111309,-0.0045437085103551,-0.5999030271751312,0.19999999982289668,-0.002852572964042369,89129.78744033592
2025-11-21,26088.3686375474,26112.008,1,-0.0012523910821145,-0.0012523910821145,-0.0012523910821145,0.0012523910821145,0.0009061265110528,0.2,2.0,0.002,-0.001749521783577,55931.02327232923,-0.0075894423078925,-0.7999030275486527,0.2000000003735215,0.0008017914178848003,89201.25093898347
2025-11-24,26008.723439459216,26202.662,1,-0.0030529006698239,-0.0030529006698239,-0.0030529006698239,-0.0030529006698239,0.0074566735653988,0.5,0.0,0.0,-0.0015264503349119,55845.647343123215,0.0009061265110528,-0.5999030298889914,0.19999999765966137,0.0016314443641178272,89346.77781710016
2025-11-25,25932.135024709685,26108.96,1,-0.0029447202561788,-0.0029447202561788,-0.0029447202561788,-0.0029447202561788,0.006818758853516,0.5,0.0,0.0,-0.0014723601280894,55763.42243864786,0.0074566735653988,-0.39990302260480803,0.20000000728418332,0.0009776025238873234,89434.12345259533
2025-11-26,26100.96074681418,26017.125,-1,0.00651029010699,0.00651029010699,0.00651029010699,0.00651029010699,-0.0032119793454121,0.2,2.0,0.002,-0.0006979419786019,55724.50280525741,0.006818758853516,-0.19990301774949687,0.20000000485531116,-0.001501426643667307,89299.84467679058
2025-11-27,26171.781282867538,26195.89,1,0.0027133306218241,0.0027133306218241,0.0027133306218241,-0.0027133306218241,0.0009211721919838,0.2,2.0,0.002,-0.0025426661243648,55582.81399967742,-0.0032119793454121,-0.399903002483119,0.19999998473362213,-0.001285069047130468,89185.08821048289
2025-11-28,26191.044126602075,26310.371,1,0.0007360157692877,0.0007360157692877,0.0007360157692877,0.0007360157692877,0.0045560181877867,0.2,0.0,0.0,0.0001472031538575,55590.99596519845,0.0009211721919838,-0.2786562829691363,0.12124671951398269,-0.00032634213799036255,89155.98335811943
2025-12-01,26181.591836533746,26293.094,1,-0.0003608977947819,-0.0003608977947819,-0.0003608977947819,-0.0003608977947819,0.0042588000058371,0.2,0.0,0.0,-7.217955895639782e-05,55586.98343162773,0.0045560181877867,-0.07865628041179441,0.2000000025573419,-0.00017161312441097855,89140.6830212554
2025-12-02,26089.26212107507,26251.246,1,-0.0035265126748267,-0.0035265126748267,-0.0035265126748267,-0.0035265126748267,0.0062088332806499,0.5,0.0,0.0,-0.0017632563374133,55488.969330814216,0.0042588000058371,0.12134371778739783,0.19999999819919223,-0.0006279201569870448,89084.70978957876
2025-12-03,26025.44262050027,26131.256,1,-0.0024461979905229,-0.0024461979905229,-0.0024461979905229,-0.0024461979905229,0.0040657667591935,0.2,0.0,0.0,-0.0004892395981045,55461.82192975958,0.0062088332806499,0.3213437124069797,0.19999999461958184,-0.0009860703381767042,88996.86599967019
2025-12-04,26030.576863388545,26058.076,1,0.0001972778316643,0.0001972778316643,0.0001972778316643,0.0001972778316643,0.001056416719298,0.2,0.0,0.0,3.9455566332868846e-05,55464.01020735366,0.0040657667591935,0.5213436962938847,0.199999983886905,-9.715042993019608e-05,88988.21991587587
2025-12-05,26126.91127690843,26067.021,-1,0.0037008174665302,0.0037008174665302,0.0037008174665302,0.0037008174665302,-0.0022922830897873,0.2,2.0,0.002,-0.0012598365066939,55394.1346224868,0.001056416719298,0.5213438374948552,1.4120097058256675e-07,0.0019293982386678718,89159.91363064376
2025-12-08,26024.09483620624,26165.068,1,-0.0039352696387445,-0.0039352696387445,-0.0039352696387445,0.0039352696387445,0.0054170246719831,0.5,2.0,0.002,-3.236518062771192e-05,55392.34178131403,-0.0022922830897873,0.3213438332462098,0.20000000424864545,-0.0014645746348202302,89029.33228269756
2025-12-09,25910.101899800906,26093.916,1,-0.0043802843911689,-0.0043802843911689,-0.0043802843911689,-0.0043802843911689,0.0070943024813232,0.5,0.0,0.0,-0.0021901421955844,55271.02467626653,0.0054170246719831,0.521343821225729,0.19999998797951918,-0.0024836341905269295,88808.21598908048
2025-12-10,25816.09775597052,25897.451,1,-0.0036280885422187,-0.0036280885422187,-0.0036280885422187,-0.0036280885422187,0.0031512603027182,0.2,0.0,0.0,-0.0007256177084437,55230.91904199761,0.0070943024813232,0.7213438211354216,0.19999999990969264,-0.0028170992523713708,88558.0344302132
2025-12-11,25867.056528068493,25676.504,-1,0.0019739145931221,0.0019739145931221,0.0019739145931221,0.0019739145931221,-0.0073666104166789,0.5,2.0,0.002,-0.0010130427034389,55174.96776245788,0.0031512603027182,0.9213438199657636,0.19999999883034203,0.0016186540126829395,88701.37924799898
2025-12-12,25978.236325237336,25806.02,-1,0.00429812325373,0.00429812325373,0.00429812325373,-0.00429812325373,-0.0066292539293759,0.5,0.0,0.0,-0.002149061626865,55056.39335647608,-0.0073666104166789,0.7213438142138231,0.20000000575194055,0.0029004246160547853,88958.65091184789
2025-12-15,26008.559826692686,26003.746,-1,0.0011672655940038,0.0011672655940038,0.0011672655940038,-0.0011672655940038,-0.0001850862456346,0.2,0.0,0.0,-0.0002334531188007,55043.54026973709,-0.0066292539293759,0.5213438073406826,0.20000000687314046,0.00040854668208258407,88994.99467352047
2025-12-16,25916.80636641316,26079.79,1,-0.0035278177988679,-0.0035278177988679,-0.0035278177988679,0.0035278177988679,0.0062887236676684,0.5,2.0,0.002,-0.000236091100566,55030.544979735765,-0.0001850862456346,0.5213438071941884,1.464942611661968e-10,-0.0018392059624957068,88831.31454868466
2025-12-17,25856.081075197817,25789.17,-1,-0.0023430854232888,-0.0023430854232888,-0.0023430854232888,-0.0023430854232888,-0.0025878274052134,0.2,2.0,0.002,-0.0024686170846577,54894.69563622076,0.0062887236676684,0.7213438071104911,0.19999999991630268,-0.001890170159536542,88663.40824869233
2025-12-18,25831.03197596404,25628.764,-1,-0.0009687894759041,-0.0009687894759041,-0.0009687894759041,0.0009687894759041,-0.0078304256737498,0.5,0.0,0.0,0.000484394737952,54921.28633792842,-0.0025878274052134,0.5213438006650555,0.20000000644543559,-0.0007050723938575862,88600.89412719086
2025-12-19,25914.694257227704,25638.766,-1,0.0032388284502729,0.0032388284502729,0.0032388284502729,-0.0032388284502729,-0.0106475598164059,1.0,0.0,0.0,-0.0032388284502729,54743.40571321156,-0.0078304256737498,0.3213437939842704,0.2000000066807851,0.0008407774155941034,88675.38775797443
2025-12-22,26073.965406776548,25844.73,-1,0.0061459783383097,0.0061459783383097,0.0061459783383097,-0.0061459783383097,-0.0087917354802108,0.5,0.0,0.0,-0.0030729891691548,54575.17982037221,-0.0106475598164059,0.1213437901089255,0.2000000038753449,0.0005457763016225102,88723.78468314993
2025-12-23,26137.7372339235,26048.613,-1,0.0024458047002846,0.0024458047002846,0.0024458047002846,-0.0024458047002846,-0.0034097914875289,0.2,0.0,0.0,-0.0004891609400569,54548.4837741075,-0.0087917354802108,-0.07865621068360683,0.20000000079253233,-0.0003923777305890737,88688.97144586669
2025-12-24,26140.433330224216,26126.455,-1,0.0001031495678676,0.0001031495678676,0.0001031495678676,-0.0001031495678676,-0.0005347398050992,0.2,0.0,0.0,-2.0629913573522176e-05,54547.35844360168,-0.0034097914875289,-0.27865620289229576,0.19999999220868891,-0.00022874325912065552,88668.68444149008
2025-12-26,26079.78407955549,26085.186,1,-0.0023201318012812,-0.0023201318012812,-0.0023201318012812,0.0023201318012812,0.0002071305662666,0.2,2.0,0.002,-0.0015359736397437,54463.57513891465,-0.0005347398050992,-0.2786562295502857,2.6657989926626158e-08,0.0006465191531467418,88726.01044426585
2025-12-29,25994.690397260925,25957.445,-1,-0.0032628215799253,-0.0032628215799253,-0.0032628215799253,-0.0032628215799253,-0.0014328078808297,0.2,2.0,0.002,-0.002652564315985,54319.10700298021,0.0002071305662666,-0.2786562182245701,1.1325715587595653e-08,0.0009092055108777854,88806.68062191996
2025-12-30,25960.178892388853,25975.361,1,-0.0013276366959811,-0.0013276366959811,-0.0013276366959811,0.0013276366959811,0.0005848229195215,0.2,2.0,0.002,-0.0017344726608037,54224.89199692426,-0.0014328078808297,-0.4786562169298825,0.19999999870531243,0.0004354815596502895,88845.35429370457
2025-12-31,26064.886653884667,26028.072,-1,0.0040333990736294,0.0040333990736294,0.0040333990736294,0.0040333990736294,-0.0014124233254311,0.2,2.0,0.002,-0.0011933201852741,54160.18433876003,0.0005848229195215,-0.478656215598531,1.3313515290214184e-09,-0.0019306115379134209,88673.82842761514
2026-01-01,26115.35786025805,26180.564,1,0.0019363677672414,0.0019363677672414,0.0019363677672414,-0.0019363677672414,0.0024968503242752,0.2,2.0,0.002,-0.0023872735534482,54030.88916303824,-0.0014124233254311,-0.6786562148976345,0.1999999992991035,-0.0015141280188649359,88539.56489945286
2026-01-02,26247.11833159194,26125.5,-1,0.0050453251316306,0.0050453251316306,0.0050453251316306,0.0050453251316306,-0.0046335879640378,0.2,2.0,0.002,-0.0009909349736738,53977.34806530788,0.0024968503242752,-0.4786562084652048,0.2000000064324297,-0.0026149762044129434,88308.03604409171
2026-01-05,26249.085193648112,26169.87,-1,7.493630467636514e-05,7.493630467636514e-05,7.493630467636514e-05,-7.493630467636514e-05,-0.0030178268333435,0.2,0.0,0.0,-1.4987260935273028e-05,53976.53909270783,-0.0046335879640378,-0.6786562083137927,0.1999999998485879,-0.00025085598824529703,88285.88344443987
2026-01-06,26205.58426882977,26191.316,-1,-0.0016572358425985,-0.0016572358425985,-0.0016572358425985,0.0016572358425985,-0.000544474364067,0.2,0.0,0.0,0.0003314471685197,53994.4294637566,-0.0030178268333435,-0.8786562100977573,0.2000000017839646,0.001256140562911797,88396.78292376695
2026-01-07,26165.514487057226,26303.037,1,-0.0015290550808366,-0.0015290550808366,-0.0015290550808366,0.0015290550808366,0.0052558688655176,0.5,2.0,0.002,-0.0012354724595816,53927.7208331833,-0.000544474364067,-0.878656211312707,1.2149496964042328e-09,0.0013435137430013822,88515.54521646214
2026-01-08,25987.10978129128,26295.574,1,-0.0068183144594459,-0.0068183144594459,-0.0068183144594459,-0.0068183144594459,0.0118698932395625,1.0,0.0,0.0,-0.0068183144594459,53560.02467446145,0.0052558688655176,-0.6786562098872293,0.2000000014254777,0.00442729144744137,88907.4293327646
2026-01-09,25799.34549317765,26096.414,1,-0.0072252855240103,-0.0072252855240103,-0.0072252855240103,-0.0072252855240103,0.0115145753174593,1.0,0.0,0.0,-0.0072252855240103,53173.03820351542,0.0118698932395625,-0.4786562023951282,0.20000000749210112,0.003258427722651163,89197.12776525211
2026-01-12,25793.724169249417,25791.055,-1,-0.0002178862998567,-0.0002178862998567,-0.0002178862998567,-0.0002178862998567,-0.0001034813442177,0.2,2.0,0.002,-0.0020435772599713,53064.37499179912,0.0115145753174593,-0.2786561960917458,0.20000000630338238,-0.00013928463880480887,89184.7039755289
2026-01-13,25755.76242776161,25621.143,-1,-0.0014717433294516,-0.0014717433294516,-0.0014717433294516,0.0014717433294516,-0.0052267692769407,0.5,0.0,0.0,0.0007358716647258,53103.42356176198,-0.0001034813442177,-0.2786561964886655,3.969197193143259e-10,0.0004101103979956282,89221.27954997143
2026-01-14,25700.0387414772,25632.59,-1,-0.00216354248649,-0.00216354248649,-0.00216354248649,0.00216354248649,-0.0026244606926738,0.2,0.0,0.0,0.000432708497298,53126.40186437276,-0.0052267692769407,-0.4786561857307246,0.19999998924205908,0.0008355930050076119,89295.83222706123
2026-01-16,25696.52266447155,25639.787,-1,-0.0001368121286127,-0.0001368121286127,-0.0001368121286127,0.0001368121286127,-0.0022079121448597,0.2,0.0,0.0,2.736242572254355e-05,53127.85553159768,-0.0026244606926738,-0.6786561857557001,0.20000000002497548,-0.00010715160265556222,89286.26403552764
2026-01-19,25627.90688430656,25623.268,-1,-0.0026702360105657,-0.0026702360105657,-0.0026702360105657,0.0026702360105657,-0.0001810090979143,0.2,0.0,0.0,0.0005340472021131,53156.2283141986,-0.0022079121448597,-0.8786561870843047,0.20000000132860463,0.002146219390330259,89477.89194669084
2026-01-20,25383.531990419408,25582.465,1,-0.0095354995236384,-0.0095354995236384,-0.0095354995236384,0.0095354995236384,0.0078370894033059,0.5,2.0,0.002,0.0027677497618192,53303.35145245443,-0.0001810090979143,-0.8786561876350093,5.507045930386312e-10,0.008378425658084858,90227.57581240834
2026-01-21,25243.83653779541,25394.83,1,-0.0055033890743305,-0.0055033890743305,-0.0055033890743305,-0.0055033890743305,0.0059813991418664,0.5,0.0,0.0,-0.0027516945371652,53156.67691145011,0.0078370894033059,-0.67865618561835,0.20000000201665935,0.0035349090351421797,90546.5220853666
2026-01-22,25272.30556449688,25092.059,-1,0.0011277614897735,0.0011277614897735,0.0011277614897735,0.0011277614897735,-0.0071321773170585,0.5,2.0,0.002,-0.0014361192551132,53080.33758419974,0.0059813991418664,-0.4786561782693401,0.20000000734900986,-0.0007398100120433309,90479.53486177213
2026-01-23,25134.079065284284,25011.37,-1,-0.0054694851191882,-0.0054694851191882,-0.0054694851191882,0.0054694851191882,-0.0048821786931423,0.2,0.0,0.0,0.0010938970238376,53138.4020075074,-0.0071321773170585,-0.6786561781272599,0.19999999985791977,0.0035118998674542644,90797.28992826052
2026-01-27,25159.61704880504,24876.746,-1,0.0010160699922374,0.0010160699922374,0.0010160699922374,-0.0010160699922374,-0.0112430585988778,1.0,0.0,0.0,-0.0010160699922374,53084.40967179212,-0.0048821786931423,-0.8786561804215789,0.20000000229431902,-0.0010927761807146162,90698.0688125535
2026-01-28,25272.799437103604,24931.447,-1,0.0044985735704565,0.0044985735704565,0.0044985735704565,-0.0044985735704565,-0.0135067125410118,1.0,0.0,0.0,-0.0044985735704565,52845.60554943932,-0.0112430585988778,-1.0000000004612342,0.12134382003965527,-0.0046199173925710515,90279.05122697377
2026-01-29,25363.0947921686,25064.686,-1,0.0035728275884003,0.0035728275884003,0.0035728275884003,-0.0035728275884003,-0.0117654724162737,1.0,0.0,0.0,-0.0035728275884003,52656.79731200655,-0.0135067125410118,-1.0000000039491117,3.4878775423408115e-09,-0.003572827605997673,89956.49974050677
2026-01-30,25336.8627093825,25291.537,-1,-0.0010342619069576,-0.0010342619069576,-0.0010342619069576,0.0010342619069576,-0.0017889235104753,0.2,0.0,0.0,0.0002068523813915,52667.68949592699,-0.0117654724162737,-1.0000000028030827,1.1460290494369474e-09,0.0010342619087106927,90049.53832162931
2026-02-02,25183.30455146676,25238.564,1,-0.0060606618774028,-0.0060606618774028,-0.0060606618774028,0.0060606618774028,0.0021942890147839,0.2,2.0,0.002,-0.0007878676245194,52626.19432851491,-0.0017889235104753,-1.00000000059486,2.208222715793795e-09,0.006060661878799822,90595.29812573873
2026-02-03,25519.66721972179,25184.434,-1,0.0133565738986958,0.0133565738986958,0.0133565738986958,0.0133565738986958,-0.0131362692481631,1.0,2.0,0.002,0.0113565738986958,53223.84759341382,0.0021942890147839,-0.7999999953025898,0.20000000529227013,-0.010885259061507604,89609.14483588554
2026-02-04,25671.328915774146,25488.686,-1,0.0059429339241208,0.0059429339241208,0.0059429339241208,-0.0059429339241208,-0.0071146654064299,0.5,0.0,0.0,-0.0029714669620604,53065.694688696254,-0.0131362692481631,-0.9999999955940888,0.200000000291499,-0.00614293389822826,89058.68178248194
2026-02-05,25653.522786042693,25566.654,-1,-0.0006936193209893,-0.0006936193209893,-0.0006936193209893,0.0006936193209893,-0.0033862322444836,0.2,0.0,0.0,0.0001387238641978,53073.05616691982,-0.0071146654064299,-1.0000000002283782,4.63428939667665e-09,0.0006936193165134182,89120.4546044695
2026-02-06,25678.389013685017,25687.07,1,0.0009693104471348,0.0009693104471348,0.0009693104471348,-0.0009693104471348,0.0003380658463564,0.2,2.0,0.002,-0.0021938620894269,52956.62120102519,-0.0033862322444836,-1.0000000001225822,1.0579603859639519e-10,-0.0009693104473594162,89034.06921674797
2026-02-09,25795.167476384067,25696.22,-1,0.0045477332178749,0.0045477332178749,0.0045477332178749,0.0045477332178749,-0.0038358919931283,0.2,2.0,0.002,-0.001090453356425,52898.874475691606,0.0003380658463564,-0.999999994810569,5.312013162672713e-09,-0.0045477331995867655,88629.16602427665
2026-02-10,25881.68433130007,25852.172,-1,0.0033539946966893,0.0033539946966893,0.0033539946966893,-0.0033539946966893,-0.0011402786202898,0.2,0.0,0.0,-0.0006707989393378,52863.38996680114,-0.0038358919931283,-0.99999999984696,5.036390970936111e-09,-0.0033539947012123953,88331.90427105835
2026-02-11,25926.28512573208,26049.748,1,0.0017232570284488,0.0017232570284488,0.0017232570284488,-0.0017232570284488,0.0047620734582364,0.2,2.0,0.002,-0.0023446514056897,52739.44374520596,-0.0011402786202898,-0.9999999999709066,1.2394663073678203e-10,-0.001723257028522611,88179.68569618046
2026-02-12,25852.68593953879,26159.092,1,-0.0028387864222105,-0.0028387864222105,-0.0028387864222105,-0.0028387864222105,0.0118520010329988,1.0,0.0,0.0,-0.0028387864222105,52589.72772838712,0.0047620734582364,-0.7999999867102555,0.2000000132606511,0.002071029086781003,88362.30839012045
2026-02-13,25616.85259536976,26066.807,1,-0.009122198935947,-0.009122198935947,-0.009122198935947,-0.009122198935947,0.0175647809564072,1.0,0.0,0.0,-0.009122198935947,52109.99377006149,0.0118520010329988,-0.5999999824499056,0.20000000426034992,0.005273319197212398,88828.27104726408
2026-02-16,25657.579431768183,25861.727,1,0.0015898454443925,0.0015898454443925,0.0015898454443925,0.0015898454443925,0.0079566183854057,0.5,0.0,0.0,0.0007949227221962,52151.41718816283,0.0175647809564072,-0.39999997492323425,0.20000000752667135,-0.0008359381454154895,88754.01610710435
2026-02-17,25699.495089576376,25811.256,1,0.0016336559697558,0.0016336559697558,0.0016336559697558,0.0016336559697558,0.0043487589944502,0.2,0.0,0.0,0.0003267311939511,52168.45668296697,0.0079566183854057,-0.19999996995686364,0.2000000049663706,-0.0005267311498373816,88707.26660214759
2026-02-18,25773.56925653915,25841.416,1,0.0028823199329242,0.0028823199329242,0.0028823199329242,0.0028823199329242,0.0026324155100728,0.2,0.0,0.0,0.0005764639865848,52198.52991948041,0.0043487589944502,3.1052519343478076e-08,0.20000000100938298,-0.0001999999115060875,88689.5251566772
2026-02-19,25576.280664706435,25898.273,1,-0.0076546864684898,-0.0076546864684898,-0.0076546864684898,-0.0076546864684898,0.0125894902200496,1.0,0.0,0.0,-0.0076546864684898,51798.96653883069,0.0026324155100728,0.20000002409980283,0.1999999930472835,-0.001730937471221678,88536.00913427866
2026-02-20,25573.171542931832,25769.432,1,-0.0001215627016047,-0.0001215627016047,-0.0001215627016047,-0.0001215627016047,0.007674466842671,0.5,0.0,0.0,-6.078135080239688e-05,51795.81812767428,0.0125894902200496,0.4000000193028662,0.19999999520306339,-0.00024862507819145194,88513.99686208488
2026-02-23,25659.590281994493,25772.514,1,0.0033792734279196,0.0033792734279196,0.0033792734279196,0.0033792734279196,0.0044008387025861,0.2,0.0,0.0,0.0006758546855839,51830.824574049526,0.007674466842671,0.6000000077209472,0.19999998841808098,0.0018275640944248705,88675.76186460408
2026-02-24,25514.38944381492,25667.186,1,-0.005658735645575,-0.005658735645575,-0.005658735645575,-0.005658735645575,0.0059886424686569,0.5,0.0,0.0,-0.0028293678227875,51684.17610677116,0.0044008387025861,0.8000000084783436,0.20000000075739643,-0.004726988565194102,88256.59255226022
2026-02-25,25494.68068365497,25582.799,1,-0.0007724566642423,-0.0007724566642423,-0.0007724566642423,-0.0007724566642423,0.0034563412438236,0.2,0.0,0.0,-0.0001544913328484,51676.191349517256,0.0059886424686569,1.0000000007749565,0.19999999229661292,-0.0009724566571375332,88170.7668412965
2026-02-26,25495.83646753098,25475.172,-1,4.533431464981419e-05,4.533431464981419e-05,4.533431464981419e-05,4.533431464981419e-05,-0.0008105036113365,0.2,2.0,0.002,-0.00199093313707,51573.307507761936,0.0034563412438236,1.0000000002033667,5.715898865332747e-10,4.533431408744379e-05,88174.76400253382
2026-02-27,25299.804691244844,25447.4,1,-0.0076887760295992,-0.0076887760295992,-0.0076887760295992,0.0076887760295992,0.0058338517058289,0.5,2.0,0.002,0.0018443880147996,51668.42869801282,-0.0008105036113365,0.800000032488904,0.1999999677144627,-0.006351021041193729,87614.76422105142
2026-03-02,25031.5127545407,25330.69,1,-0.0106045062394093,-0.0106045062394093,-0.0106045062394093,-0.0106045062394093,0.0119520241702142,1.0,0.0,0.0,-0.0106045062394093,51120.51052350427,0.0058338517058289,1.0000000055856393,0.19999997309673534,-0.010804506271738982,86668.12995152814
2026-03-04,24690.96814399984,25016.346,1,-0.0136046356398931,-0.0136046356398931,-0.0136046356398931,-0.0136046356398931,0.0131780112510182,1.0,0.0,0.0,-0.0136046356398931,50425.03460410668,0.0119520241702142,1.0000000030640208,2.5216184695864285e-09,-0.013604635684099605,85489.04161811539
2026-03-05,24735.05376859525,24747.803,1,0.0017854959893959,0.0017854959893959,0.0017854959893959,0.0017854959893959,0.0005154317239017,0.2,0.0,0.0,0.0003570991978791,50443.04134351684,0.0131780112510182,1.0000000038605195,7.96498644817234e-10,0.0017854959954923433,85641.68195958302
2026-03-06,24557.199403545023,24734.945,1,-0.0071903771349808,-0.0071903771349808,-0.0071903771349808,-0.0071903771349808,0.007238023910386,0.5,0.0,0.0,-0.0035951885674904,50261.68909796917,0.0005154317239017,1.000000001067716,2.7928035439828136e-09,-0.0071903771454508835,85025.88596692286
2026-03-09,24229.637544031622,24656.908,1,-0.0133387302896645,-0.0133387302896645,-0.0133387302896645,-0.0133387302896645,0.0176342074945163,1.0,0.0,0.0,-0.0133387302896645,49591.26198318839,0.007238023910386,1.000000000399921,6.677949304645381e-10,-0.013338730295666734,83891.74860585996
2026-03-10,24248.810849067817,24490.607,1,0.0007913162135153,0.0007913162135153,0.0007913162135153,0.0007913162135153,0.0099714642683799,0.5,0.0,0.0,0.0003956581067576,49610.88316801639,0.0176342074945163,1.0000000000773126,3.2260838445097306e-10,0.0007913162132538703,83958.13350668999
2026-03-11,24011.10494812789,24220.479,1,-0.0098027858940994,-0.0098027858940994,-0.0098027858940994,-0.0098027858940994,0.0087198840838199,0.5,0.0,0.0,-0.0049013929470497,49367.72073515976,0.0099714642683799,1.0000000002667595,1.8944690260980224e-10,-0.009802785896903834,83135.10989962023
2026-03-12,23780.99164301345,24061.496,1,-0.0095836199796536,-0.0095836199796536,-0.0095836199796536,-0.0095836199796536,0.0117953179243876,1.0,0.0,0.0,-0.0095836199796536,48894.59926037232,0.0087198840838199,1.0000000002170477,4.971179023982586e-11,-0.009583619981783415,82338.37459919848
2026-03-13,23391.639465344306,23991.547,1,-0.0163724113575193,-0.0163724113575193,-0.0163724113575193,-0.0163724113575193,0.0256462372184079,1.0,0.0,0.0,-0.0163724113575193,48094.076768120445,0.0117953179243876,1.0000000026055564,2.3885087241382053e-09,-0.01637241140256705,80990.29685604174
