Date,Actual_Close,Predicted_Close,Signal,Market_Return,Stop_Loss_Return,Protected_Return,Strategy_Return,Prediction_Change,Position_Size,Trade,Transaction_Cost,Net_Return,Portfolio_Value,Expected_Return,CVaR_Position,CVaR_Turnover,CVaR_Value,CVaR_Net_Return,CVaR_Portfolio_Value
2024-08-02,24814.001476001897,25110.24,1,,,,,0.0119383616658765,1.0,,,0.0,100000.0,,0.0,0.0,0.0,0.0,100000.0
2024-08-05,24345.283345295105,24949.012,1,-0.0188892602090032,-0.0188892602090032,-0.0188892602090032,-0.0188892602090032,0.0247985881347964,1.0,0.0,0.0,-0.0188892602090032,98111.07397909967,0.0119383616658765,0.0,0.0,,-0.0,100000.0
2024-08-06,24173.14558488854,24495.863,1,-0.0070706821508336,-0.0070706821508336,-0.0070706821508336,-0.0070706821508336,0.0133502449641142,1.0,0.0,0.0,-0.0070706821508336,97417.36175951654,0.0247985881347964,0.0,0.0,,-0.0,100000.0
2024-08-07,24245.496922854287,24248.379,1,0.0029930460523506,0.0029930460523506,0.0029930460523506,0.0029930460523506,0.0001188706156398,0.2,0.0,0.0,0.0005986092104701,97475.6766895255,0.0133502449641142,0.0,0.0,,0.0,100000.0
2024-08-08,24163.47915263329,24236.637,1,-0.0033828042577129,-0.0033828042577129,-0.0033828042577129,-0.0033828042577129,0.0030276206048224,0.2,0.0,0.0,-0.0006765608515425,97409.72846269974,0.0001188706156398,0.0,0.0,,-0.0,100000.0
2024-08-09,24290.16916573681,24374.064,1,0.0052430369113347,0.0052430369113347,0.0052430369113347,0.0052430369113347,0.0034538596125352,0.2,0.0,0.0,0.0010486073822669,97511.87302307034,0.0030276206048224,0.0,0.0,,0.0,100000.0
2024-08-12,24325.31683666219,24420.643,1,0.0014469916074095,0.0014469916074095,0.0014469916074095,0.0014469916074095,0.0039188045926759,0.2,0.0,0.0,0.0002893983214819,97540.09279544778,0.0034538596125352,0.0,0.0,,0.0,100000.0
2024-08-13,24210.1550854523,24395.643,1,-0.0047342343774253,-0.0047342343774253,-0.0047342343774253,-0.0047342343774253,0.0076615748182116,0.5,0.0,0.0,-0.0023671171887126,97309.20396520304,0.0039188045926759,0.0,0.0,,-0.0,100000.0
2024-08-14,24169.11388173704,24376.787,1,-0.001695206146776,-0.001695206146776,-0.001695206146776,-0.001695206146776,0.0085925002993131,0.5,0.0,0.0,-0.000847603073388,97226.7243848532,0.0076615748182116,0.0,0.0,,-0.0,100000.0
2024-08-16,24399.04558289426,24285.959,-1,0.0095134518494268,0.0095134518494268,0.0095134518494268,0.0095134518494268,-0.0046348773155924,0.2,2.0,0.002,-9.730963011462634e-05,97217.26328826604,0.0085925002993131,0.0,0.0,,0.0,100000.0
2024-08-19,24506.33928828757,24319.033,-1,0.004397455016377,0.004397455016377,0.004397455016377,-0.004397455016377,-0.0076431769789905,0.5,0.0,0.0,-0.0021987275081885,97003.50901720334,-0.0046348773155924,0.0,0.0,,0.0,100000.0
2024-08-20,24625.31721534164,24466.695,-1,0.0048549857102049,0.0048549857102049,0.0048549857102049,-0.0048549857102049,-0.0064414283054522,0.5,0.0,0.0,-0.0024274928551024,96768.0336921442,-0.0076431769789905,0.0,0.0,,0.0,100000.0
2024-08-21,24714.85921840317,24623.883,-1,0.0036361766339294,0.0036361766339294,0.0036361766339294,-0.0036361766339294,-0.0036810332439775,0.2,0.0,0.0,-0.0007272353267858,96697.66055953968,-0.0064414283054522,0.0,0.0,,0.0,100000.0
2024-08-22,24774.58650618746,24701.877,-1,0.0024166549870459,0.0024166549870459,0.0024166549870459,-0.0024166549870459,-0.0029348423703984,0.2,0.0,0.0,-0.0004833309974091,96650.92358281431,-0.0036810332439775,0.0,0.0,,0.0,100000.0
2024-08-23,24804.600637399843,24766.34,-1,0.0012114886843777,0.0012114886843777,0.0012114886843777,-0.0012114886843777,-0.0015424814920081,0.2,0.0,0.0,-0.0002422977368755,96627.50528276326,-0.0029348423703984,0.0,0.0,,0.0,100000.0
2024-08-26,24931.91500373066,24869.375,-1,0.0051326916402296,0.0051326916402296,0.0051326916402296,-0.0051326916402296,-0.0025084316115028,0.2,0.0,0.0,-0.0010265383280459,96528.31344504704,-0.0015424814920081,0.0,0.0,,0.0,100000.0
2024-08-27,24984.963948849498,25140.357,1,0.0021277525256644,0.0021277525256644,0.0021277525256644,-0.0021277525256644,0.0062194626923869,0.5,2.0,0.002,-0.0030638762628322,96232.56263679152,-0.0025084316115028,0.0,0.0,,0.0,100000.0
2024-08-28,25026.610577408635,25241.904,1,0.0016668676666653,0.0016668676666653,0.0016668676666653,0.0016668676666653,0.008602580118688,0.5,0.0,0.0,0.0008334338333326,96312.76611036134,0.0062194626923869,0.0,0.0,,0.0,100000.0
2024-08-29,25104.07411786134,25154.23,1,0.0030952469657488,0.0030952469657488,0.0030952469657488,0.0030952469657488,0.001997918023313,0.2,0.0,0.0,0.0006190493931497,96372.38846977452,0.008602580118688,0.0,0.0,,0.0,100000.0
2024-08-30,25185.547235039496,25138.773,-1,0.003245414142567,0.003245414142567,0.003245414142567,0.003245414142567,-0.0018571855756391,0.2,2.0,0.002,-0.0013509171714865,96242.19735533354,0.001997918023313,0.0,0.0,,0.0,100000.0
2024-09-02,25243.11832709207,25257.018,1,0.002285878147308,0.002285878147308,0.002285878147308,-0.002285878147308,0.0005506321654806,0.2,2.0,0.002,-0.0024571756294616,96005.71337346618,-0.0018571855756391,0.0,0.0,,0.0,100000.0
2024-09-03,25265.81950799328,25364.2,1,0.0008993017664085,0.0008993017664085,0.0008993017664085,0.0008993017664085,0.0038938175734056,0.2,0.0,0.0,0.0001798603532817,96022.9809949906,0.0005506321654806,3.4063049054106934e-08,3.4063049054106934e-08,1.436276693405159e-09,-3.4300888704891855e-12,99999.999999657
2024-09-04,25224.33688790621,25475.77,1,-0.0016418474007521,-0.0016418474007521,-0.0016418474007521,-0.0016418474007521,0.0099678779747958,0.5,0.0,0.0,-0.000820923700376,95944.15345411104,0.0038938175734056,0.2000000241727867,0.19999999010973765,0.0036652952846167376,-0.0005283695099481847,99947.16304866236
2024-09-05,25175.36555659788,25483.469,1,-0.0019414318610615,-0.0019414318610615,-0.0019414318610615,-0.0019414318610615,0.0122382907493223,1.0,0.0,0.0,-0.0019414318610615,95757.88441771266,0.0099678779747958,0.4000000238156618,0.1999999996428751,0.007125938204249305,-0.0009765727903039598,99849.55736876097
2024-09-06,24975.607598347204,25344.055,1,-0.0079346596895124,-0.0079346596895124,-0.0079346596895124,-0.0079346596895124,0.0147522898172526,1.0,0.0,0.0,-0.0079346596895124,94998.07819227043,0.0122382907493223,0.6000000236387295,0.1999999998230677,0.010408624380576149,-0.004960796001095781,99354.22408385483
2024-09-09,24951.376211370905,25060.188,1,-0.0009702021014256,-0.0009702021014256,-0.0009702021014256,-0.0009702021014256,0.0043609533881944,0.2,0.0,0.0,-0.0001940404202851,94979.64472525174,0.0147522898172526,0.7476962746289326,0.14769625099020312,0.012758310610599767,-0.0008731127478632861,99267.47664425315
2024-09-10,25006.828320923567,25054.145,1,0.0022224068557545,0.0022224068557545,0.0022224068557545,0.0022224068557545,0.001892150354663,0.2,0.0,0.0,0.0004444813711509,95021.86140797065,0.0043609533881944,0.7640465914415474,0.016350316812614785,0.012758310455309646,0.0016816720661229376,99434.41198680032
2024-09-11,24952.2070318851,25105.73,1,-0.0021842549697821,-0.0021842549697821,-0.0021842549697821,-0.0021842549697821,0.006152680919917,0.5,0.0,0.0,-0.001092127484891,94918.08542146148,0.001892150354663,0.7640465915934108,1.518634107355865e-10,0.012500776786028319,-0.0016688725649848454,99268.46862462016
2024-09-12,25222.09837024771,25130.023,-1,0.0108163313176157,0.0108163313176157,0.0108163313176157,0.0108163313176157,-0.0036505832661536,0.2,2.0,0.002,0.0001632662635231,94933.582342609,0.006152680919917,0.7949509773075234,0.03090438571411258,0.012758310345075626,0.008567548766106459,100118.9560704983
2024-09-13,25305.163145578004,25265.652,-1,0.0032933332552647,0.0032933332552647,0.0032933332552647,-0.0032933332552647,-0.0015613867158533,0.2,0.0,0.0,-0.0006586666510529,94871.05275785494,-0.0036505832661536,0.5949509782767752,0.19999999903074817,0.009376055273329941,0.001759371842980422,100295.10254275733
2024-09-16,25353.732492679737,25315.49,-1,0.0019193453455454,0.0019193453455454,0.0019193453455454,-0.0019193453455454,-0.0015083575047885,0.2,0.0,0.0,-0.000383869069109,94834.63469514735,-0.0015613867158533,0.3949509821308719,0.19999999614590336,0.0061176157379387395,0.0005580473331255701,100351.07195725685
2024-09-17,25393.79239810876,25430.748,1,0.0015800397610328,0.0015800397610328,0.0015800397610328,-0.0015800397610328,0.0014553006227613,0.2,2.0,0.002,-0.0023160079522065,94614.9969270488,-0.0015083575047885,0.19495098278662132,0.19999999934425056,0.0029706098949724364,0.00010803030491103209,100361.91291415854
2024-09-18,25383.754526857792,25442.355,1,-0.0003952883875554,-0.0003952883875554,-0.0003952883875554,-0.0003952883875554,0.0023085817773806,0.2,0.0,0.0,-7.905767751108517e-05,94607.51688513404,0.0014553006227613,0.19495098269940475,8.721656730159566e-11,0.0029246827262314518,-7.706185969080495e-05,100354.17883850726
2024-09-19,25403.56020128431,25449.85,1,0.0007802499983033,0.0007802499983033,0.0007802499983033,0.0007802499983033,0.0018221776140397,0.2,0.0,0.0,0.0001560499996606,94622.28038811186,0.0023085817773806,0.19495099797449372,1.5275088971478112e-08,0.002881626490197516,0.00015211050056373638,100369.44376288404
2024-09-20,25642.97978094653,25446.295,-1,0.0094246466938172,0.0094246466938172,0.0094246466938172,0.0094246466938172,-0.0076701219057496,0.5,2.0,0.002,0.0027123233469086,94878.92660834629,0.0018221776140397,0.19495099801997018,4.547645593433458e-11,0.0028411794730938294,0.001837344278899799,100553.8569861581
2024-09-23,25825.961722217253,25625.652,-1,0.0071357518835108,0.0071357518835108,0.0071357518835108,-0.0071357518835108,-0.0077561379658103,0.5,0.0,0.0,-0.0035678759417554,94540.41036872075,-0.0076701219057496,-0.00504900178159085,0.19999999980156102,5.1903100989608685e-05,-0.00023602842377439733,100530.12341778925
2024-09-24,25896.68870892052,25818.355,-1,0.0027386003070863,0.0027386003070863,0.0027386003070863,-0.0027386003070863,-0.003024854250711,0.2,0.0,0.0,-0.0005477200614172,94488.6286893472,-0.0077561379658103,-0.2050490016354882,0.19999999985389735,0.002103383351621232,-0.0007615472587005845,100453.56497788361
2024-09-25,25963.103680702112,25957.293,-1,0.0025646125081124,0.0025646125081124,0.0025646125081124,-0.0025646125081124,-0.0002238053190239,0.2,0.0,0.0,-0.0005129225016224,94440.163345545,-0.003024854250711,-0.40504898647706744,0.19999998484157924,0.004146598491083202,-0.001238793681958917,100329.12373625876
2024-09-26,26119.43358619644,26054.666,-1,0.006021233340085,0.006021233340085,0.006021233340085,-0.006021233340085,-0.0024796703949455,0.2,0.0,0.0,-0.001204246668017,94326.43409350912,-0.0002238053190239,-0.4050489159031194,7.057394801890382e-08,0.004138673654467244,-0.0024388941073750963,100084.4316275803
2024-09-27,26156.21626997649,26273.33,1,0.0014082496719793,0.0014082496719793,0.0014082496719793,-0.0014082496719793,0.004477472154791,0.2,2.0,0.002,-0.0022816499343958,94111.21419134788,-0.0024796703949455,-0.6050488799719569,0.19999996406883747,0.006171002058340138,-0.0010520598508207885,99979.1368153727
2024-09-30,25942.76793514372,26319.725,1,-0.0081605203378661,-0.0081605203378661,-0.0081605203378661,-0.0081605203378661,0.014530333301314,1.0,0.0,0.0,-0.0081605203378661,93343.21771391811,0.004477472154791,-0.4050488811562408,0.19999999881571606,0.00412404396219228,0.003105409633689696,100289.61299000714
2024-10-01,25852.616834775665,26112.436,1,-0.0034749992982024,-0.0034749992982024,-0.0034749992982024,-0.0034749992982024,0.0100500141585218,1.0,0.0,0.0,-0.0034749992982024,93018.8500978703,0.014530333301314,-0.20504888121821876,0.19999999993802206,0.00208429969676149,0.0005125447183924755,100341.01590145478
2024-10-03,25480.240710670776,25996.26,1,-0.014403807803471,-0.014403807803471,-0.014403807803471,-0.014403807803471,0.020251743112973,1.0,0.0,0.0,-0.014403807803471,91679.02445896067,0.0100500141585218,-0.005048881244643868,0.1999999999735749,5.123018929299473e-05,-0.0001272768849031752,100328.24480952283
2024-10-04,25218.07712591369,25684.193,1,-0.0102888974925302,-0.0102888974925302,-0.0102888974925302,-0.0102888974925302,0.0184834026701955,1.0,0.0,0.0,-0.0102888974925302,90735.74837408726,0.020251743112973,0.19495111842927232,0.19999999967391618,0.0031664822056694294,-0.0022058320732468144,100106.93754926942
2024-10-07,24971.67180173053,25438.014,1,-0.0097709798789519,-0.0097709798789519,-0.0097709798789519,-0.0097709798789519,0.0186748489236973,1.0,0.0,0.0,-0.0097709798789519,89849.17120242241,0.0184834026701955,0.3949511182024312,0.19999999977315885,0.006399384673005654,-0.004059059428898667,99700.59754051191
2024-10-08,24997.367108675327,25136.62,1,0.0010289782417778,0.0010289782417778,0.0010289782417778,0.0010289782417778,0.0055707023351408,0.5,0.0,0.0,0.0005144891208889,89895.39762352695,0.0186748489236973,0.5949511181490832,0.19999999994665202,0.009560011989257525,0.0004121917555501278,99741.69330484152
2024-10-09,24987.76489026193,25159.414,1,-0.0003841291913525,-0.0003841291913525,-0.0003841291913525,-0.0003841291913525,0.0068693262679514,0.5,0.0,0.0,-0.0001920645956762,89878.13190032923,0.0055707023351408,0.7949511149539759,0.19999999680489267,0.012671624182269681,-0.0005053639257569317,99691.28745115135
2024-10-10,24994.375579904685,25079.605,1,0.0002645570610972,0.0002645570610972,0.0002645570610972,0.0002645570610972,0.0034099439621063,0.2,0.0,0.0,5.29114122194585e-05,89882.88747921571,0.0068693262679514,0.806605983254328,0.011654868300352117,0.012758310379290785,0.00020173844009283023,99711.39901597258
2024-10-11,24975.753899500563,25074.934,1,-0.00074503483172,-0.00074503483172,-0.00074503483172,-0.00074503483172,0.0039710553242367,0.2,0.0,0.0,-0.000149006966344,89869.49430282619,0.0034099439621063,0.8126492318211053,0.006043248566777293,0.01275831013308705,-0.0006114952322440017,99650.42597087394
2024-10-14,25069.81802632993,24902.783,-1,0.0037662177169053,0.0037662177169053,0.0037662177169053,0.0037662177169053,-0.0066627937288774,0.5,2.0,0.002,-0.0001168911415473,89858.98935504684,0.0039710553242367,0.8185262791114172,0.00587704729031191,0.012758310121832078,0.00307687112685168,99957.03748932219
2024-10-15,25062.11209401345,24919.715,-1,-0.0003073788692198,-0.0003073788692198,-0.0003073788692198,0.0003073788692198,-0.0056817675014494,0.5,0.0,0.0,0.0001536894346099,89872.79973231544,-0.0066627937288774,0.6185262791698125,0.19999999994160467,0.00957404758817791,-0.000390121908215552,99918.04205911729
2024-10-16,25005.98758762873,24944.074,-1,-0.002239416461557,-0.002239416461557,-0.002239416461557,0.002239416461557,-0.0024759505063243,0.2,0.0,0.0,0.0004478832923114,89913.05225774879,-0.0056817675014494,0.41852627931607633,0.19999999985373618,0.006434844418126778,-0.0011372546393483604,99804.40980223095
2024-10-17,24847.68559951617,24927.771,1,-0.0063305633323946,-0.0063305633323946,-0.0063305633323946,0.0063305633323946,0.0032230527130216,0.2,2.0,0.002,-0.000733887333521,89847.06620757861,-0.0024759505063243,0.21852628444366454,0.1999999948724118,0.003338051774484086,-0.001583394478335907,99646.38005083652
2024-10-18,24851.619498214823,24708.947,-1,0.000158320527797,0.000158320527797,0.000158320527797,0.000158320527797,-0.0057409738719471,0.5,2.0,0.002,-0.0019208397361014,89674.48439263496,0.0032230527130216,0.41852628172526185,0.1999999972815973,0.006352972792801358,-0.00013373869546193796,99633.05347396102
2024-10-21,24808.03580996013,24674.865,-1,-0.0017537564607338,-0.0017537564607338,-0.0017537564607338,0.0017537564607338,-0.0053680513435352,0.5,0.0,0.0,0.0008768782303669,89753.11799581825,-0.0057409738719471,0.21852628175881597,0.19999999996644588,0.0032969308877632236,-0.0005832418784411041,99574.94330469806
2024-10-22,24600.4158198992,24679.69,1,-0.0083690620108494,-0.0083690620108494,-0.0083690620108494,0.0083690620108494,0.0032224731761108,0.2,2.0,0.002,-0.0003261875978301,89723.84164186142,-0.0053680513435352,0.018526282200489384,0.1999999995583266,0.0002778622728385502,-0.00035504760412471774,99539.58945964686
2024-10-23,24498.492237915507,24665.168,1,-0.0041431650070422,-0.0041431650070422,-0.0041431650070422,-0.0041431650070422,0.0068035110269576,0.5,0.0,0.0,-0.0020715825035211,89537.97130136745,0.0032224731761108,0.2185262820251799,0.19999999982469052,0.003258802304529059,-0.0011053904446304509,99429.55934859574
2024-10-24,24437.25010828166,24498.33,1,-0.0024998326035373,-0.0024998326035373,-0.0024998326035373,-0.0024998326035373,0.002499458468023,0.2,0.0,0.0,-0.0004999665207074,89493.2053133847,0.0068035110269576,0.4185262808101681,0.19999999878498823,0.006206773123927412,-0.001246245640991454,99305.64569367185
2024-10-25,24278.755707783945,24412.598,1,-0.00648577069005,-0.00648577069005,-0.00648577069005,-0.00648577069005,0.0055127327704502,0.5,0.0,0.0,-0.003242885345025,89202.9891093946,0.002499458468023,0.6185257039353916,0.1999994231252235,0.009123500198579554,-0.0042116153047519304,98887.40851642011
2024-10-28,24316.08167451949,24377.883,1,0.0015373920799235,0.0015373920799235,0.0015373920799235,0.0015373920799235,0.0025415824106756,0.2,0.0,0.0,0.0003074784159847,89230.41710318705,0.0055127327704502,0.8185257027330723,0.1999999987976807,0.012010615986650389,0.001058394933797962,98992.0704486103
2024-10-29,24409.261382673827,24292.506,-1,0.0038320198707006,0.0038320198707006,0.0038320198707006,0.0038320198707006,-0.0047832411166976,0.2,2.0,0.002,-0.0012335960258598,89120.34281526276,0.0025415824106756,0.8739071597914394,0.055381457058367056,0.012758310069176883,0.003293448144409953,99318.09569934059
2024-10-30,24366.980581544496,24367.129,1,-0.0017321622504866,-0.0017321622504866,-0.0017321622504866,0.0017321622504866,6.090966215860854e-06,0.2,2.0,0.002,-0.0016535675499026,88972.97630834724,-0.0047832411166976,0.6739071599190226,0.1999999998724168,0.009790066255568256,-0.0013673165426167841,99182.29642410968
2024-10-31,24267.08714710906,24358.168,1,-0.0040995409382438,-0.0040995409382438,-0.0040995409382438,-0.0040995409382438,0.0037532668152053,0.2,0.0,0.0,-0.0008199081876487,88900.02663659255,6.090966215860854e-06,0.47390716567674773,0.19999999424227488,0.006847650170346654,-0.0021428018208611895,98969.7684187349
2024-11-01,24290.11661529392,24292.49,1,0.0009490001022887,0.0009490001022887,0.0009490001022887,0.0009490001022887,9.770989343824924e-05,0.2,0.0,0.0,0.0001898000204577,88916.89986346685,0.0037532668152053,0.6739071613779268,0.1999999957011791,0.00968666891347788,0.00043953796937956093,99013.26938977563
2024-11-04,24107.94058687399,24140.484,1,-0.0075000063320085,-0.0075000063320085,-0.0075000063320085,-0.0075000063320085,0.001349904319232,0.2,0.0,0.0,-0.0015000012664017,88783.52440106714,9.770989343824924e-05,0.47390716291599605,0.19999999846193078,0.006777265502845247,-0.003754306721116085,98641.54320702591
2024-11-05,24173.056768059658,24131.156,-1,0.0027010262843074,0.0027010262843074,0.0027010262843074,0.0027010262843074,-0.0017333665519299,0.2,2.0,0.002,-0.0014597947431385,88653.91867886916,0.001349904319232,0.47390716288792406,2.8071989177647083e-11,0.006743723168212725,0.0012800357032537594,98767.80790415496
2024-11-06,24365.261638509022,24200.74,-1,0.0079512025431276,0.0079512025431276,0.0079512025431276,-0.0079512025431276,-0.0067523033797017,0.5,0.0,0.0,-0.0039756012715638,88301.46604704033,-0.0017333665519299,0.2739071632657967,0.19999999962212733,0.0038789224972331734,0.001977891333517742,98963.15989543915
2024-11-07,24262.722365361733,24408.21,1,-0.0042084207700534,-0.0042084207700534,-0.0042084207700534,0.0042084207700534,0.0059963442043902,0.5,2.0,0.002,0.0001042103850267,88310.66797681553,-0.0067523033797017,0.07390716341573127,0.19999999985006545,0.0010417162002058522,-0.0005110324414245597,98912.58651022668
2024-11-08,24191.943168257098,24378.404,1,-0.0029171993166637,-0.0029171993166637,-0.0029171993166637,-0.0029171993166637,0.0077075591012284,0.5,0.0,0.0,-0.0014585996583318,88181.8580666775,0.0059963442043902,0.2739071621818694,0.1999999987661381,0.003843025180176372,-0.000999041785112381,98813.76870322943
2024-11-11,24160.64445181528,24276.62,1,-0.0012937661197421,-0.0012937661197421,-0.0012937661197421,-0.0012937661197421,0.0048001843831614,0.2,0.0,0.0,-0.0002587532239484,88159.04072660898,0.0077075591012284,0.47390716215606904,0.19999999997419965,0.006619417823170203,-0.0008131250302748472,98733.42075456104
2024-11-12,23989.32837626149,24230.898,1,-0.0070907080270748,-0.0070907080270748,-0.0070907080270748,-0.0070907080270748,0.0100698785705712,1.0,0.0,0.0,-0.0070907080270748,87533.93070886958,0.0048001843831614,0.6739071600575101,0.19999999790144102,0.009371979854595466,-0.00497847890722441,98241.87850189635
2024-11-13,23723.402197946827,24206.117,1,-0.0110851864689053,-0.0110851864689053,-0.0110851864689053,-0.0110851864689053,0.0203476212233567,1.0,0.0,0.0,-0.0110851864689053,86563.60076460552,0.0100698785705712,0.8739071598766938,0.1999999998191837,0.012101730493915159,-0.00988742382356377,97270.51941192504
2024-11-14,23605.54127504732,23961.53,1,-0.0049681290194417,-0.0049681290194417,-0.0049681290194417,-0.0049681290194417,0.0150807270549218,1.0,0.0,0.0,-0.0049681290194417,86133.54162761952,0.0203476212233567,0.9051675684826828,0.031260408605989,0.01275831105220519,-0.0045282496730422875,96830.05421420133
2024-11-18,23511.760492410885,23746.768,1,-0.0039728291566678,-0.0039728291566678,-0.0039728291566678,-0.0039728291566678,0.009995317350437,0.5,0.0,0.0,-0.0019864145783339,85962.44470484687,0.0150807270549218,0.9085750805291686,0.0034075120464858166,0.012758310530951538,-0.0036130210829945614,96480.20518685791
2024-11-19,23515.9257371684,23637.018,1,0.0001771558007686,0.0001771558007686,0.0001771558007686,0.0001771558007686,0.0051493725650021,0.5,0.0,0.0,8.857790038430124e-05,85970.05907771074,0.009995317350437,0.9119139508682201,0.0033388703390515584,0.01275831024797915,0.00015821197585906574,96495.4695107518
2024-11-21,23413.3164300106,23574.213,1,-0.004363396461812,-0.004363396461812,-0.004363396461812,-0.004363396461812,0.0068720110826831,0.5,0.0,0.0,-0.002181698230906,85782.49835191,0.0051493725650021,0.9151862335035157,0.0032722826352955536,0.012758310209680582,-0.003996592655803587,96109.81642598682
2024-11-22,23718.58416444862,23500.75,-1,0.0130382099157355,0.0130382099157355,0.0130382099157355,0.0130382099157355,-0.0091841133070298,0.5,2.0,0.002,0.0045191049578677,86170.15846551041,0.0068720110826831,0.9183938916183808,0.0032076581148651195,0.012758310289615528,0.011971004686134821,97260.34748880587
2024-11-25,24028.70858897188,23825.674,-1,0.0130751659699863,0.0130751659699863,0.0130751659699863,-0.0130751659699863,-0.0084496671229789,0.5,0.0,0.0,-0.0065375829849931,85606.81390371213,-0.0091841133070298,0.7183938918864106,0.19999999973197025,0.00994585613789712,0.009193119368507242,98154.47347309296
2024-11-26,24129.83465563888,24041.527,-1,0.0042085518783732,0.0042085518783732,0.0042085518783732,-0.0042085518783732,-0.0036596875568827,0.2,0.0,0.0,-0.0008417103756746,85534.75776022093,-0.0084496671229789,0.5183938923107007,0.1999999995757099,0.0071530037412757316,0.001981687589645684,98348.9849750428
2024-11-27,24219.79009020404,24168.992,-1,0.0037279755890966,0.0037279755890966,0.0037279755890966,-0.0037279755890966,-0.0020973794576603,0.2,0.0,0.0,-0.0007455951178193,85470.98346243105,-0.0036596875568827,0.31839389248979805,0.1999999998209026,0.004378998827899952,0.0009869646590985118,98446.05194747138
2024-11-28,24030.80225926629,24250.834,1,-0.0078030333968165,-0.0078030333968165,-0.0078030333968165,0.0078030333968165,0.0091562378300901,0.5,2.0,0.002,0.0019015166984082,85633.50796471424,-0.0020973794576603,0.11839389274226393,0.19999999974753413,0.0016231266307933946,-0.0011238314987945303,98335.41517336085
2024-11-29,24092.79383999828,24181.512,1,0.0025796717089661,0.0025796717089661,0.0025796717089661,0.0025796717089661,0.0036823525154825,0.2,0.0,0.0,0.0005159343417932,85677.68923228147,0.0091562378300901,0.318393891994094,0.1999999992518301,0.004351422912417234,0.0006213517162329423,98396.5160523453
2024-12-02,24206.05403378048,24192.705,-1,0.0047009987523394,0.0047009987523394,0.0047009987523394,0.0047009987523394,-0.0005514750054614,0.2,2.0,0.002,-0.0010598002495321,85586.88799585376,0.0036823525154825,0.5183938901651365,0.19999999817104247,0.007059846904256896,0.002236969032715632,98616.62601168148
2024-12-03,24361.240351735403,24305.357,-1,0.0064110539346211,0.0064110539346211,0.0064110539346211,-0.0064110539346211,-0.0022939452560108,0.2,0.0,0.0,-0.0012822107869242,85477.1475648462,-0.0005514750054614,0.31839389038509597,0.19999999978004052,0.004321168119750441,0.0018412404039326482,98798.20292799371
2024-12-04,24426.881055957743,24475.22,1,0.0026944729937639,0.0026944729937639,0.0026944729937639,-0.0026944729937639,0.0019789241177177,0.2,2.0,0.002,-0.0025388945987527,85260.130096577,-0.0022939452560108,0.11839389043864307,0.1999999999464529,0.0016013929010366829,0.00011900914046711285,98809.96081720387
2024-12-05,24600.86957888008,24551.246,-1,0.0071228300708452,0.0071228300708452,0.0071228300708452,0.0071228300708452,-0.0020171473500547,0.2,2.0,0.002,-0.0005754339858309,85211.06852008306,0.0019789241177177,0.1183938919724952,1.5338521286434315e-09,0.0015961005216858922,0.0008432995724122347,98893.28721491108
2024-12-06,24648.415676963665,24774.686,1,0.0019326998962834,0.0019326998962834,0.0019326998962834,-0.0019326998962834,0.0051228575779963,0.5,2.0,0.002,-0.0029663499481417,84958.30267139743,-0.0020171473500547,-2.9593790357729204e-08,0.11839392156628556,3.5705004508848053e-10,-0.00011839397876220112,98881.57884516483
2024-12-09,24630.23578878556,24827.988,1,-0.0007375682241148,-0.0007375682241148,-0.0007375682241148,-0.0007375682241148,0.008028839549497,0.5,0.0,0.0,-0.0003687841120574,84926.97139918484,0.0051228575779963,0.19999997031831115,0.19999999991210152,0.0026789971456281873,-0.000347513622842791,98847.21614946792
2024-12-10,24617.760768064163,24845.291,1,-0.000506492135454,-0.000506492135454,-0.000506492135454,-0.000506492135454,0.0092425234804867,0.5,0.0,0.0,-0.000253246067727,84905.46397763403,0.008028839549497,0.3999999702745888,0.19999999995627762,0.005341332514441786,-0.00040259683908219063,98807.42057269407
2024-12-11,24632.61831330322,24836.281,1,0.0006035295159068,0.0006035295159068,0.0006035295159068,0.0006035295159068,0.0082680080577056,0.5,0.0,0.0,0.0003017647579534,84931.08545442016,0.0092425234804867,0.5999999697916298,0.19999999951704106,0.007987574334823309,0.00016211769179539593,98823.43900364958
2024-12-12,24580.753460564105,24884.79,1,-0.0021055355171523,-0.0021055355171523,-0.0021055355171523,-0.0021055355171523,0.0123688860849474,1.0,0.0,0.0,-0.0021055355171523,84752.26003748557,0.0082680080577056,0.7999999696762783,0.19999999988464845,0.010618263594263409,-0.0018844283497588153,98637.21331357044
2024-12-13,24696.664079247003,24806.234,1,0.0047155030812564,0.0047155030812564,0.0047155030812564,0.0047155030812564,0.0044366283803111,0.2,0.0,0.0,0.0009431006162512,84832.18994615562,0.0123688860849474,0.9640612743094923,0.164061304633214,0.012758310201534161,0.004381972604893169,99069.43888013352
2024-12-16,24679.10321251332,24803.57,1,-0.0007110622988324,-0.0007110622988324,-0.0007110622988324,-0.0007110622988324,0.0050434080369488,0.5,0.0,0.0,-0.0003555311494162,84802.02946015655,0.0044366283803111,0.9668414365588922,0.00278016224939992,0.01275831022229271,-0.0006902646567353857,99001.05474791196
2024-12-17,24467.053765530807,24801.1,1,-0.0085922671158892,-0.0085922671158892,-0.0085922671158892,-0.0085922671158892,0.013652899841165,1.0,0.0,0.0,-0.0085922671158892,84073.38777106539,0.0050434080369488,0.9695767176776038,0.0027352811187115744,0.012758310119665568,-0.008333597428751774,98176.01981262105
2024-12-18,24301.294481102534,24606.709,1,-0.0067747954460212,-0.0067747954460212,-0.0067747954460212,-0.0067747954460212,0.0125678292214007,1.0,0.0,0.0,-0.0067747954460212,83503.8077664624,0.013652899841165,0.97226835367656,0.0026916359989561656,0.012758312116911353,-0.006589610850797444,97529.0780471757
2024-12-19,24085.232726662736,24536.69,1,-0.0088909565952469,-0.0088909565952469,-0.0088909565952469,-0.0088909565952469,0.0187441524215579,1.0,0.0,0.0,-0.0088909565952469,82761.37903607293,0.0125678292214007,0.9749169350584569,0.0026485813818969417,0.012758310191014092,-0.008670592734957778,96683.44313161273
2024-12-20,23777.616984272,24299.18,1,-0.0127719647089064,-0.0127719647089064,-0.0127719647089064,-0.0127719647089064,0.0219350415171122,1.0,0.0,0.0,-0.0127719647089064,81704.35362376377,0.0187441524215579,0.9775240798714582,0.002607144813001283,0.012758312257886557,-0.012487510195037467,95476.1076498154
2024-12-23,23762.770070026967,23975.518,1,-0.0006244071579946,-0.0006244071579946,-0.0006244071579946,-0.0006244071579946,0.0089529936680817,0.5,0.0,0.0,-0.0003122035789973,81678.84523214278,0.0219350415171122,0.9366570272706052,0.04086705260085299,0.012758310200622633,-0.0006257224050145621,95416.36611011533
2024-12-24,23741.034252600268,23699.56,-1,-0.0009147004899953,-0.0009147004899953,-0.0009147004899953,-0.0009147004899953,-0.001746943800299,0.2,2.0,0.002,-0.002182940097999,81500.54520572728,0.0089529936680817,0.9390253090199707,0.0023682817493655417,0.012758310841522763,-0.0008612951920279208,95334.18445274391
2024-12-26,23746.699680221245,23734.316,-1,0.0002386344066016,0.0002386344066016,0.0002386344066016,-0.0002386344066016,-0.0005214905813442,0.2,0.0,0.0,-4.772688132033132e-05,81496.6554388787,-0.001746943800299,0.7390253104652093,0.19999999855476147,0.010016089985201673,-2.3643132128333045e-05,95331.93045402455
2024-12-27,23787.92422543971,23648.953,-1,0.0017360115626003,0.0017360115626003,0.0017360115626003,-0.0017360115626003,-0.0058420913116533,0.5,0.0,0.0,-0.0008680057813001,81425.91587080114,-0.0005214905813442,0.5390253112121743,0.1999999992530349,0.00728769544815418,0.000735754173545525,95402.07131972826
2024-12-30,23699.53024667625,23696.262,-1,-0.003715918124076,-0.003715918124076,-0.003715918124076,0.003715918124076,-0.0001379034369979,0.2,0.0,0.0,0.0007431836248152,81486.4302781119,-0.0058420913116533,0.3390253113903688,0.19999999982180555,0.004572713820743351,-0.0014597902989377865,95262.80430151713
2024-12-31,23665.7055552147,23736.168,1,-0.0014272304602449,-0.0014272304602449,-0.0014272304602449,0.0014272304602449,0.0029774073129113,0.2,2.0,0.002,-0.001714553907951,81346.71740063358,-0.0001379034369979,0.13902531187491132,0.19999999951545747,0.0018700326846166017,-0.0003984211593683779,95224.84958458264
2025-01-01,23713.41459170785,23708.115,-1,0.0020159566500919,0.0020159566500919,0.0020159566500919,0.0020159566500919,-0.0002234849682804,0.2,2.0,0.002,-0.0015968086699816,81216.82225701371,0.0029774073129113,0.3390253114497912,0.19999999957487988,0.004548005651995022,0.00048346033159180437,95270.88702193857
2025-01-02,24007.126472109583,23708.562,-1,0.0123858957243736,0.0123858957243736,0.0123858957243736,-0.0123858957243736,-0.0124364934910656,1.0,0.0,0.0,-0.0123858957243736,80210.87916547335,-0.0002234849682804,0.1390253144574367,0.1999999969923545,0.001860098527192542,0.001521953050925706,95415.884839106
2025-01-03,24005.657731569627,24050.756,1,-6.11793561242635e-05,-6.11793561242635e-05,-6.11793561242635e-05,6.11793561242635e-05,0.0018786516468184,0.2,2.0,0.002,-0.0019877641287751,80051.4388571307,-0.0124364934910656,-0.060974685538227644,0.19999999999566437,0.0007119261896388336,-0.00019626960799455615,95397.15760079217
2025-01-06,23764.867393949105,23974.494,1,-0.0100305661404086,-0.0100305661404086,-0.0100305661404086,-0.0100305661404086,0.0088208615926999,0.5,0.0,0.0,-0.0050152830702043,79649.95823108504,0.0018786516468184,1.1374435822269522e-08,0.06097469691266347,2.032431043440215e-10,-6.097481100469429e-05,95391.34077713708
2025-01-07,23729.659849656087,23933.654,1,-0.001481495508028,-0.001481495508028,-0.001481495508028,-0.001481495508028,0.0085965897377525,0.5,0.0,0.0,-0.000740747754014,79590.95770341805,0.0088208615926999,0.20000001131565848,0.19999999994122267,0.0026584261498230743,-0.0004962991183109198,95343.99813881489
2025-01-08,23704.49929605252,23802.611,1,-0.0010602998004597,-0.0010602998004597,-0.0010602998004597,-0.0010602998004597,0.0041389485903977,0.2,0.0,0.0,-0.0002120599600919,79574.07964810378,0.0085965897377525,0.4000000113019044,0.1999999999862459,0.0053046592255815705,-0.0006241199321535329,95284.49204916524
2025-01-09,23594.48968111841,23817.84,1,-0.0046408748634664,-0.0046408748634664,-0.0046408748634664,-0.0046408748634664,0.0094662068093096,0.5,0.0,0.0,-0.0023204374317332,79389.4329750926,0.0041389485903977,0.6000000112426538,0.1999999999407494,0.007939038298711528,-0.0029845249701963383,95000.11310337204
2025-01-10,23493.756518371712,23822.715,1,-0.0042693511963224,-0.0042693511963224,-0.0042693511963224,-0.0042693511963224,0.0140019533007013,1.0,0.0,0.0,-0.0042693511963224,79050.49160444502,0.0094662068093096,0.8000000107538277,0.19999999951117386,0.010561890378537057,-0.003615481002480961,94656.64199921326
2025-01-13,23241.717746345177,23741.643,1,-0.0107279043191516,-0.0107279043191516,-0.0107279043191516,-0.0107279043191516,0.0215098238052321,1.0,0.0,0.0,-0.0107279043191516,78202.44549413065,0.0140019533007013,0.9684809585053743,0.16848094775154665,0.0127583102778888,-0.010558252005517431,93657.23331898951
2025-01-14,23201.133329978304,23504.377,1,-0.001746188332971,-0.001746188332971,-0.001746188332971,-0.001746188332971,0.013070209360414,1.0,0.0,0.0,-0.001746188332971,78065.88929619899,0.0215098238052321,0.9628977079519254,0.005583250553448882,0.01275831082716169,-0.0016869839940236184,93499.23506545584
2025-01-15,23208.590459343686,23321.99,1,0.0003214122887587,0.0003214122887587,0.0003214122887587,0.0003214122887587,0.0048861020170512,0.2,0.0,0.0,6.428245775174091e-05,78070.90756342953,0.013070209360414,0.9648227775210697,0.0019250695691442887,0.012758310234079591,0.0003081808276004287,93528.04973709832
2025-01-16,23272.37794627161,23245.863,-1,0.0027484429543302,0.0027484429543302,0.0027484429543302,0.0027484429543302,-0.0011393311991074,0.2,2.0,0.002,-0.0014503114091339,77957.68043546884,0.0048861020170512,0.9667213240041247,0.0018985464830549859,0.01275831013338775,0.002655079865276844,93776.3741787939
2025-01-17,23229.623141364787,23379.016,1,-0.0018371480991554,-0.0018371480991554,-0.0018371480991554,0.0018371480991554,0.0064311356979868,0.5,2.0,0.002,-0.0010814259504222,77873.37497681119,-0.0011393311991074,0.7667213240361759,0.19999999996794882,0.010099246800338848,-0.001608580623002921,93625.52732039442
2025-01-20,23300.775453019352,23352.695,1,0.0030629989656554,0.0030629989656554,0.0030629989656554,0.0030629989656554,0.0022282325790114,0.2,0.0,0.0,0.000612599793131,77921.0801902124,0.0064311356979868,0.9667213231549214,0.19999999911874555,0.012709409389765112,0.0027610664137817987,93884.03361935138
2025-01-21,23130.12077931396,23431.004,1,-0.0073239911714303,-0.0073239911714303,-0.0073239911714303,-0.0073239911714303,0.0130082857567753,1.0,0.0,0.0,-0.0073239911714303,77350.38688683097,0.0022282325790114,0.9667213234509603,2.960388600925512e-10,0.012685590811422114,-0.007080258438484288,93219.31039807902
2025-01-22,23145.71305378808,23282.734,1,0.0006741112432091,0.0006741112432091,0.0006741112432091,0.0006741112432091,0.0059199276295138,0.5,0.0,0.0,0.0003370556216045,77376.45826956448,0.0130082857567753,0.9740606059726066,0.007339282521646284,0.012758310154494088,0.0006492859235315569,93279.83638412182
2025-01-23,23182.57047211277,22964.045,-1,0.0015924079866986,0.0015924079866986,0.0015924079866986,0.0015924079866986,-0.0094262830938287,0.5,2.0,0.002,-0.0012037960066506,77283.3127980908,0.0059199276295138,0.975834240396542,0.0017736344239354107,0.01275831012472484,0.0015521526036774798,93424.62092503606
2025-01-24,23126.71796592865,23069.297,-1,-0.0024092456119698,-0.0024092456119698,-0.0024092456119698,0.0024092456119698,-0.0024828843423976,0.2,0.0,0.0,0.0004818491223939,77320.55169453826,-0.0094262830938287,0.7758342404024912,0.19999999999405083,0.010125298736425306,-0.0020691752392996755,93231.309012677
2025-01-27,22942.811090441097,23246.984,1,-0.0079521389830797,-0.0079521389830797,-0.0079521389830797,0.0079521389830797,0.0132578744757931,1.0,2.0,0.002,0.0059521389830797,77780.77436447256,-0.0024828843423976,0.5758342408909572,0.1999999995115339,0.007501874756715687,-0.004779113914292621,92785.7459665268
2025-01-28,22951.73482730899,23171.623,1,0.0003889556878062,0.0003889556878062,0.0003889556878062,0.0003889556878062,0.0095804597929294,0.5,0.0,0.0,0.0001944778439031,77795.90100176807,0.0132578744757931,0.7758342406378047,0.19999999974684746,0.010088224665804096,0.00010176514094403072,92795.18832104269
2025-01-29,23082.365446650496,23032.637,-1,0.0056915357520634,0.0056915357520634,0.0056915357520634,0.0056915357520634,-0.0021543912717885,0.2,2.0,0.002,-0.0008616928495873,77728.86483014765,0.0095804597929294,0.9758342406235465,0.1999999999857418,0.01266506109275501,0.005353995468610811,93292.01333882243
2025-01-30,23185.66028131502,23159.62,-1,0.0044750541231688,0.0044750541231688,0.0044750541231688,-0.0044750541231688,-0.0011231201095448,0.2,0.0,0.0,-0.0008950108246337,77659.29665473818,-0.0021543912717885,0.7758342419157366,0.19999999870780993,0.010050725810666437,0.003271900224472747,93597.25549820725
2025-01-31,23385.124638401445,23346.908,-1,0.0086029189881287,0.0086029189881287,0.0086029189881287,-0.0086029189881287,-0.0016342285530815,0.2,0.0,0.0,-0.0017205837976257,77525.67732717902,-0.0011231201095448,0.5758342419616752,0.19999999995406137,0.00744619936477297,0.0047538553342327304,94042.20331052694
2025-02-01,23445.089851059627,23576.65,1,0.0025642460147383,0.0025642460147383,0.0025642460147383,-0.0025642460147383,0.0056114158562044,0.5,2.0,0.002,-0.0032821230073691,77271.22851796162,-0.0016342285530815,0.375834242000419,0.19999999996125623,0.004851248116426837,0.000763731457290508,94114.0262995081
2025-02-03,23393.15084953435,23575.59,1,-0.0022153466612937,-0.0022153466612937,-0.0022153466612937,-0.0022153466612937,0.0077988275986892,0.5,0.0,0.0,-0.0011076733306468,77185.63723890594,0.0056114158562044,0.5758342419896738,0.19999999998925483,0.007419687363410087,-0.0014756724654396672,93975.14482228625
2025-02-04,23607.051887999583,23505.45,-1,0.0091437463829071,0.0091437463829071,0.0091437463829071,0.0091437463829071,-0.0043038787088544,0.2,2.0,0.002,-0.0001712507234185,77172.41914269126,0.0077988275986892,0.7758342417894762,0.19999999979980243,0.009979271396701943,0.0068940315422981934,94623.01243488313
2025-02-05,23662.21073748665,23595.69,-1,0.0023365412059397,0.0023365412059397,0.0023365412059397,-0.0023365412059397,-0.0028112646880143,0.2,0.0,0.0,-0.0004673082411879,77136.35583523347,-0.0043038787088544,0.5758342418487115,0.19999999994076478,0.007394003915965227,0.0011454604339297964,94731.39935176654
2025-02-06,23625.832559697486,23759.654,1,-0.0015373955626019,-0.0015373955626019,-0.0015373955626019,0.0015373955626019,0.0056641999795932,0.5,2.0,0.002,-0.001231302218699,77041.37766915119,-0.0028112646880143,0.3758342418645544,0.19999999998415707,0.004817715773195269,-0.0007778058957005722,94657.71671084278
2025-02-07,23585.114415699543,23772.09,1,-0.0017234585869114,-0.0017234585869114,-0.0017234585869114,-0.0017234585869114,0.0079276946045254,0.5,0.0,0.0,-0.0008617292934557,76974.98885720549,0.0056641999795932,0.5758342418527107,0.19999999998815632,0.007369110629170792,-0.0011924264687468264,94544.84434396563
2025-02-10,23459.335348177126,23803.785,1,-0.0053329852594945,-0.0053329852594945,-0.0053329852594945,-0.0053329852594945,0.0146828393349873,1.0,0.0,0.0,-0.0053329852594945,76564.48237628027,0.0079276946045254,0.7758342418001204,0.1999999999474097,0.009912180621102355,-0.0043375125752785435,94134.75489269591
2025-02-11,23219.82581400069,23670.174,1,-0.0102095618064919,-0.0102095618064919,-0.0102095618064919,-0.0102095618064919,0.0193949855441105,1.0,0.0,0.0,-0.0102095618064919,75782.79256127757,0.0146828393349873,0.9758342417961077,0.19999999999598728,0.012447114808321969,-0.01016284000450451,93178.0784398582
2025-02-12,23111.932027334587,23403.617,1,-0.0046466234299246,-0.0046466234299246,-0.0046466234299246,-0.0046466234299246,0.0126205361075151,1.0,0.0,0.0,-0.0046466234299246,75430.65846177722,0.0193949855441105,0.99999999999959,0.024165758203482324,0.012752366356329554,-0.004670789188126178,92742.86327851095
2025-02-13,23062.1607386784,23243.62,1,-0.0021534888817309,-0.0021534888817309,-0.0021534888817309,-0.0021534888817309,0.007868267998725,0.5,0.0,0.0,-0.0010767444408654,75349.43891960768,0.0126205361075151,0.9999999999777947,2.179534330792876e-11,0.012733390182576503,-0.0021534888817048765,92543.1425535832
2025-02-14,22980.017384705294,23301.361,1,-0.0035618238422622,-0.0035618238422622,-0.0035618238422622,-0.0035618238422622,0.0139836106263601,1.0,0.0,0.0,-0.0035618238422622,75081.05749156274,0.007868267998725,0.9999999998897405,8.805411955137288e-11,0.012714695388810131,-0.0035618238419575293,92213.52018202617
2025-02-17,22967.336943597165,23231.0,1,-0.0005518029379981,-0.0005518029379981,-0.0005518029379981,-0.0005518029379981,0.0114799141515768,1.0,0.0,0.0,-0.0005518029379981,75039.62754345089,0.0139836106263601,0.9999999999763121,8.657152772428844e-11,0.012696275352073308,-0.0005518029380716004,92162.6364906598
2025-02-18,22953.71784628501,23069.744,1,-0.0005929767715604,-0.0005929767715604,-0.0005929767715604,-0.0005929767715604,0.005054786962704,0.5,0.0,0.0,-0.0002964883857802,75017.379165411,0.0114799141515768,0.9999999999725041,3.8079539521618244e-12,0.012678124101519816,-0.0005929767715479035,92107.98618801622
2025-02-19,22940.851951127832,22978.58,1,-0.0005605146514101,-0.0005605146514101,-0.0005605146514101,-0.0005605146514101,0.0016445792402367,0.2,0.0,0.0,-0.000112102930282,75008.96949738447,0.005054786962704,0.9999999999680363,4.467759495696555e-12,0.012660235933818757,-0.0005605146513966517,92056.3583122472
2025-02-20,22923.73144519567,22898.045,-1,-0.0007462890205052,-0.0007462890205052,-0.0007462890205052,-0.0007462890205052,-0.0011205176285144,0.2,2.0,0.002,-0.002149257804101,74847.75588431464,0.0016445792402367,0.9999999999354108,3.262556891314716e-11,0.012642605014058162,-0.0007462890204896234,91987.6576627725
2025-02-21,22844.727508653254,22889.312,1,-0.0034463820487207,-0.0034463820487207,-0.0034463820487207,0.0034463820487207,0.0019516315670589,0.2,2.0,0.002,-0.0013107235902558,74749.65116499935,-0.0011205176285144,0.8000000003617445,0.19999999957366632,0.010100181030450996,-0.0029571056397969357,91715.64044150621
2025-02-24,22664.64606332875,22939.562,1,-0.0078828449696453,-0.0078828449696453,-0.0078828449696453,-0.0078828449696453,0.0121297255603767,1.0,0.0,0.0,-0.0078828449696453,74160.41125333059,0.0019516315670589,0.8000000020216127,1.6598682428536904e-09,0.01008545960474454,-0.006306275993312168,91137.25629997869
2025-02-25,22592.27719908183,22603.533,1,-0.0031930286510855,-0.0031930286510855,-0.0031930286510855,-0.0031930286510855,0.0004982145367191,0.2,0.0,0.0,-0.0006386057302171,74113.05198974896,0.0121297255603767,0.9999999997864978,0.19999999776488508,0.012588682039819138,-0.0033930286481686665,90828.02497843736
2025-02-27,22563.08966769485,22457.068,-1,-0.0012919251622923,-0.0012919251622923,-0.0012919251622923,-0.0012919251622923,-0.0046988984778378,0.2,2.0,0.002,-0.0022583850324584,73945.6761824255,0.0004982145367191,0.9999999924163382,7.3701595937336606e-09,0.012570792812773035,-0.0012919251598649362,90710.68196774687
2025-02-28,22292.149469903605,22494.627,1,-0.012008115988617,-0.012008115988617,-0.012008115988617,0.012008115988617,0.0090829074320427,0.5,2.0,0.002,0.0040040579943085,74241.75895828828,-0.0046988984778378,0.7999999924225492,0.19999999999378903,0.010042521691342383,-0.009806492699896481,89821.12832722753
2025-03-03,22185.32310540483,22542.713,1,-0.0047921069541992,-0.0047921069541992,-0.0047921069541992,-0.0047921069541992,0.0161092940993995,1.0,0.0,0.0,-0.0047921069541992,73885.98450889229,0.0090829074320427,0.9975220060802373,0.19752201365768818,0.012758310249352077,-0.00497775415596153,89374.0208324035
2025-03-04,22121.86787795367,22365.361,1,-0.0028602345410826,-0.0028602345410826,-0.0028602345410826,-0.0028602345410826,0.0110068970391506,1.0,0.0,0.0,-0.0028602345410826,73674.65326389806,0.0161092940993995,0.9989023647596705,0.0013803586794332023,0.012758310163885173,-0.002858475405534133,89118.5473919604
2025-03-05,22255.01273448588,22188.693,-1,0.0060186986590267,0.0060186986590267,0.0060186986590267,0.0060186986590267,-0.0029799908576601,0.2,2.0,0.002,-0.0007962602681946,73615.98906473101,0.0110068970391506,0.9999999999824467,0.001097635222776172,0.012754895898435713,0.006017601023698275,89654.82725397676
2025-03-06,22434.04882784257,22416.451,-1,0.0080447535794603,0.0080447535794603,0.0080447535794603,-0.0080447535794603,-0.0007844249594717,0.2,0.0,0.0,-0.001608950715892,73497.5445664242,-0.0029799908576601,0.8000000006340828,0.19999999934836388,0.010190158455394137,0.006235802869320916,90213.89708301559
2025-03-07,22507.255678243124,22636.895,1,0.0032632027754926,0.0032632027754926,0.0032632027754926,-0.0032632027754926,0.0057598902154114,0.5,2.0,0.002,-0.0036316013877463,73230.63078158082,-0.0007844249594717,0.6000000006834223,0.19999999995066053,0.007632438128446492,0.0017579216675750447,90372.4860474142
2025-03-10,22478.23595596313,22685.281,1,-0.0012893496521677,-0.0012893496521677,-0.0012893496521677,-0.0012893496521677,0.009210911587657,0.5,0.0,0.0,-0.0006446748260838,73183.4208374177,0.0057598902154114,0.8000000002235964,0.1999999995401741,0.01016319177213602,-0.0012314797215626282,90261.1941634596
2025-03-11,22490.38924495372,22607.957,1,0.0005406691616904,0.0005406691616904,0.0005406691616904,0.0005406691616904,0.005227466442034,0.5,0.0,0.0,0.0002703345808452,73203.20484681461,0.009210911587657,0.9999999994880089,0.19999999926441248,0.01268747018699861,0.0003406691621491697,90291.94336884985
2025-03-12,22478.097015561747,22591.424,1,-0.0005465547642635,-0.0005465547642635,-0.0005465547642635,-0.0005465547642635,0.005041662751068,0.5,0.0,0.0,-0.0002732773821317,73183.20006663042,0.005227466442034,0.9999999997263589,2.3835000639849113e-10,0.01267116802812469,-0.0005465547643522902,90242.59387701898
2025-03-13,22428.099427517103,22568.932,1,-0.0022242802853831,-0.0022242802853831,-0.0022242802853831,-0.0022242802853831,0.0062792914280605,0.5,0.0,0.0,-0.0011121401426915,73101.81009206569,0.005041662751068,0.9999999997365286,1.0169753927868896e-11,0.012655078689803406,-0.0022242802848072354,90041.86905460845
2025-03-17,22477.944222523674,22558.379,1,0.0022224261653405,0.0022224261653405,0.0022224261653405,0.0022224261653405,0.0035783867367963,0.2,0.0,0.0,0.0004444852330681,73134.30276716217,0.0062792914280605,0.9999999999543127,2.177840130457298e-10,0.012639198870607184,0.002222426165021179,90241.98046034283
2025-03-18,22698.18468793049,22606.158,-1,0.0097980697534665,0.0097980697534665,0.0097980697534665,0.0097980697534665,-0.0040543633420792,0.2,2.0,0.002,-4.0386049306693605e-05,73131.3491616046,0.0035783867367963,0.9999999998652326,8.908007664842899e-11,0.012623523857460945,0.00979806975205696,91126.17767945703
2025-03-19,22827.610227134588,22849.543,1,0.0057020215926306,0.0057020215926306,0.0057020215926306,-0.0057020215926306,0.0009608002172449,0.2,2.0,0.002,-0.0031404043185261,72901.68715687784,-0.0040543633420792,0.7999999998712309,0.19999999999400164,0.010086439640197387,0.004361617273376234,91523.63519008052
2025-03-20,23051.98138745298,22964.043,-1,0.009828937768163,0.009828937768163,0.009828937768163,0.009828937768163,-0.0038147865025104,0.2,2.0,0.002,-3.4212446367385806e-05,72899.19301181589,0.0009608002172449,0.799999999549419,3.21811910453107e-10,0.010074218260098178,0.007863150209779856,92243.2992813252
2025-03-21,23236.41447430215,23100.291,-1,0.0080007476905892,0.0080007476905892,0.0080007476905892,-0.0080007476905892,-0.005858196171044,0.5,0.0,0.0,-0.0040003738452946,72607.56898674835,-0.0038147865025104,0.599999999971127,0.19999999957829206,0.007546613980759324,0.004600448614544222,92667.65983970497
2025-03-24,23497.184728824952,23308.04,-1,0.0112224824880446,0.0112224824880446,0.0112224824880446,-0.0112224824880446,-0.0080496762062273,0.5,0.0,0.0,-0.0056112412440223,72200.15040102172,-0.005858196171044,0.4000000000249394,0.19999999994618756,0.005025118126054787,0.004288992995551535,93065.11078367163
2025-03-25,23603.15633572088,23553.021,-1,0.0045099703695961,0.0045099703695961,0.0045099703695961,-0.0045099703695961,-0.0021240945493804,0.2,0.0,0.0,-0.0009019940739192,72135.02629322391,-0.0080496762062273,0.20000000003701301,0.1999999999879264,0.0025096175050925446,0.0007019940740982211,93130.44193994705
2025-03-26,23531.27482571889,23681.586,1,-0.003045419391355,-0.003045419391355,-0.003045419391355,0.003045419391355,0.0063877191267522,0.5,2.0,0.002,-0.0004772903043224,72100.59694457211,-0.0021240945493804,6.652686485274868e-10,0.19999999937174437,6.944025861795179e-10,-0.0002000000013977664,93111.8158514289
2025-03-27,23568.773662858886,23670.559,1,0.0015935743990806,0.0015935743990806,0.0015935743990806,0.0015935743990806,0.0043186522386404,0.2,0.0,0.0,0.0003187148798161,72123.57647766196,0.0063877191267522,0.2000000005803965,0.19999999991512785,0.0025034015540600727,0.00011871488082589713,93122.86960955118
2025-03-28,23538.22791794405,23740.504,1,-0.0012960260619317,-0.0012960260619317,-0.0012960260619317,-0.0012960260619317,0.0085935136137308,0.5,0.0,0.0,-0.0006480130309658,72076.83946026457,0.0043186522386404,0.39999999993283725,0.19999999935244075,0.005000701312178611,-0.0007184104240380761,93055.96916930734
2025-04-01,23307.99252005734,23761.236,1,-0.0097813394742086,-0.0097813394742086,-0.0097813394742086,-0.0097813394742086,0.0194458394283689,1.0,0.0,0.0,-0.0097813394742086,71371.83142527568,0.0085935136137308,0.5999999998255005,0.1999999998926632,0.007492010885560952,-0.006068803682710984,92491.2307609144
2025-04-02,23323.04602912267,23578.928,1,0.0006458518060863,0.0006458518060863,0.0006458518060863,0.0006458518060863,0.0109712072152933,1.0,0.0,0.0,0.0006458518060863,71417.9270515054,0.0194458394283689,0.7999999998195805,0.19999999999408002,0.009977439136710828,0.0003166814447584358,92520.52101749925
2025-04-03,23277.96266236099,23511.13,1,-0.0019329965179241,-0.0019329965179241,-0.0019329965179241,-0.0019329965179241,0.010016655710855,1.0,0.0,0.0,-0.0019329965179241,71279.87644719747,0.0109712072152933,0.9999999998311282,0.20000000001154772,0.012457092692409166,-0.0021329965176092192,92323.17506836152
2025-04-04,23047.118658954383,23496.332,1,-0.0099168473957502,-0.0099168473957502,-0.0099168473957502,-0.0099168473957502,0.0194910846641163,1.0,0.0,0.0,-0.0099168473957502,70573.00479008268,0.010016655710855,0.9999999999218327,9.070455497806051e-11,0.012442562779100934,-0.009916847395065731,91407.62023018065
2025-04-07,22499.83778862882,23361.514,1,-0.0237461731517978,-0.02,-0.02,-0.02,0.0382969966035337,1.0,0.0,0.0,-0.02,69161.54469428102,0.0194910846641163,0.9999999999994122,7.757949838094191e-11,0.012428205410750515,-0.02374617315186142,89237.03905279518
2025-04-08,22515.37334791257,22871.555,1,0.0006904742794011,0.0006904742794011,0.0006904742794011,0.0006904742794011,0.0158194868272283,1.0,0.0,0.0,0.0006904742794011,69209.29896201608,0.0382969966035337,0.9096501419480392,0.09034985805137308,0.012758312895580796,0.0005377401682173076,89285.02539318666
2025-04-09,22440.79879514735,22575.186,1,-0.0033121615001836,-0.0033121615001836,-0.0033121615001836,-0.0033121615001836,0.0059885214461131,0.5,0.0,0.0,-0.0016560807500918,69094.68277427774,0.0158194868272283,0.9111081077860149,0.0014579658379757499,0.012758310191746829,-0.003019195162951944,89015.4564763955
2025-04-11,22684.29966571808,22510.148,-1,0.0108508111851786,0.0108508111851786,0.0108508111851786,0.0108508111851786,-0.0076771894342969,0.5,2.0,0.002,0.0034254055925893,69331.36008707093,0.0059885214461131,0.9125538119665182,0.001445704180503271,0.012758310171622673,0.009900503405783162,89896.75430640738
2025-04-15,23083.400180281504,22782.537,-1,0.0175936890468155,0.0175936890468155,0.0175936890468155,-0.0175936890468155,-0.0130337462389318,1.0,0.0,0.0,-0.0175936890468155,68111.56569650622,-0.0076771894342969,0.7125538119689039,0.1999999999976143,0.009946509439520182,0.012336450196906322,91005.76113877191
2025-04-16,23275.85838264646,22977.855,-1,0.0083375153080507,0.0083375153080507,0.0083375153080507,-0.0083375153080507,-0.0128031103191725,1.0,0.0,0.0,-0.0083375153080507,67543.68447485629,-0.0130337462389318,0.5125538119771769,0.19999999999172702,0.007143609168349512,0.004073425253567725,91376.46630441475
2025-04-17,23634.80227856068,23186.412,-1,0.0154212957482948,0.0154212957482948,0.0154212957482948,-0.0154212957482948,-0.0189716111552756,1.0,0.0,0.0,-0.0154212957482948,66502.07334064002,-0.0128031103191725,0.31255381197753523,0.19999999999964163,0.004349455865652333,0.004619984771762855,91798.62418723865
2025-04-21,23919.643711899564,23539.768,-1,0.0120517798279728,0.0120517798279728,0.0120517798279728,-0.0120517798279728,-0.0158813281867815,1.0,0.0,0.0,-0.0120517798279728,65700.60499463492,-0.0189716111552756,0.11255381197703214,0.2000000000005031,0.001563899617045715,0.001156473760745736,91904.78688738374
2025-04-22,24064.433784653047,23867.148,-1,0.0060531868491608,0.0060531868491608,0.0060531868491608,-0.0060531868491608,-0.0081982309003615,0.5,0.0,0.0,-0.0030265934245804,65501.75597556721,-0.0158813281867815,-0.0874461880209093,0.19999999999794144,0.0011357312526604911,-0.0007293281153353523,91837.75814237287
2025-04-23,24231.10879313468,24059.63,-1,0.006926196974887,0.006926196974887,0.006926196974887,-0.006926196974887,-0.007076803401719,0.5,0.0,0.0,-0.0034630984874435,65274.91694352333,-0.0081982309003615,-0.2874461879732266,0.19999999995231726,0.003729759390769135,-0.002190908917535279,91636.54997909229
2025-04-24,24240.77155831525,24247.285,1,0.0003987751969198,0.0003987751969198,0.0003987751969198,-0.0003987751969198,0.0002686977874891,0.2,2.0,0.002,-0.0020797550393839,65139.16110606467,-0.007076803401719,-0.48744618773269455,0.19999999975946797,0.006318947705233844,-0.000394381449260379,91600.41022370632
2025-04-25,24116.234424877865,24402.826,1,-0.0051375069946841,-0.0051375069946841,-0.0051375069946841,-0.0051375069946841,0.0118837613730646,1.0,0.0,0.0,-0.0051375069946841,64804.5082102544,0.0002686977874891,-0.28744618813271255,0.199999999599982,0.003722824664018481,0.0012767568025271105,91717.36167057372
2025-04-28,24247.42968594797,24404.191,1,0.0054401221500304,0.0054401221500304,0.0054401221500304,0.0054401221500304,0.0064650693323951,0.5,0.0,0.0,0.0027200610750152,64980.780430522624,0.0118837613730646,-0.08744618813419881,0.19999999999851376,0.001131511550078752,-0.0006757179450030943,91655.38660342457
2025-04-29,24302.1382478168,24381.049,1,0.0022562623163533,0.0022562623163533,0.0022562623163533,0.0022562623163533,0.0032470703350675,0.2,0.0,0.0,0.0004512524632706,65010.10316775715,0.0064650693323951,0.11255381185475406,0.19999999998895288,0.0015500388859399652,5.395092426084807e-05,91660.3314962453
2025-04-30,24321.953043032325,24452.934,1,0.0008153519255575,0.0008153519255575,0.0008153519255575,0.0008153519255575,0.0053852976665128,0.5,0.0,0.0,0.0004076759627787,65036.6062241564,0.0032470703350675,0.312553811828581,0.19999999997382695,0.00429792158803324,5.484135234094307e-05,91665.35827278058
2025-05-02,24337.247023585234,24705.96,1,0.0006288138343928,0.0006288138343928,0.0006288138343928,0.0006288138343928,0.01515015137322,1.0,0.0,0.0,0.0006288138343928,65077.50214189211,0.0053852976665128,0.5125538117594828,0.19999999993090178,0.00703769762160142,0.00012230092777422395,91676.56903114209
2025-05-05,24413.823517831315,24728.916,1,0.0031464731475943,0.0031464731475943,0.0031464731475943,0.0031464731475943,0.0129063144057934,1.0,0.0,0.0,0.0031464731475943,65282.26675489408,0.01515015137322,0.7125538117571439,0.19999999999766116,0.009769498892881014,0.002042031434912156,91863.77546694857
2025-05-06,24392.671979093026,24640.75,1,-0.0008663755074186,-0.0008663755074186,-0.0008663755074186,-0.0008663755074186,0.0101701864035068,1.0,0.0,0.0,-0.0008663755074186,65225.70779790887,0.0129063144057934,0.9125538117535601,0.19999999999641616,0.012493454955452944,-0.0009906142717011845,91772.77389991865
2025-05-07,24406.100875949152,24554.148,1,0.0005505299652139,0.0005505299652139,0.0005505299652139,0.0005505299652139,0.0060659883691925,0.5,0.0,0.0,0.0002752649826069,65243.662151231394,0.0101701864035068,0.9332409186702953,0.020687106916735254,0.012758310720593878,0.0004930899835750105,91818.02613549361
2025-05-08,24324.3349207033,24646.154,1,-0.0033502260627968,-0.0033502260627968,-0.0033502260627968,-0.0033502260627968,0.013230334163126,1.0,0.0,0.0,-0.0033502260627968,65025.08113386003,0.0060659883691925,0.9345717158723071,0.0013307972020117909,0.012758310311753047,-0.003132357317270141,91530.4192694708
2025-05-09,24128.82918787773,24587.984,1,-0.0080374544037036,-0.0080374544037036,-0.0080374544037036,-0.0080374544037036,0.019029303433958,1.0,0.0,0.0,-0.0080374544037036,64502.4450091495,0.013230334163126,0.9358921467379242,0.0013204308656170616,0.012758310581626919,-0.007523510887055961,90841.78916360014
2025-05-12,24620.70391758511,24294.68,-1,0.0203853542116538,0.0203853542116538,0.0203853542116538,0.0203853542116538,-0.013241860130256,1.0,2.0,0.002,0.0183853542116538,65688.34530816044,0.019029303433958,0.9372022955416461,0.0013101488037219333,0.012758311052906934,0.019103890613787786,92577.22076694232
2025-05-13,24600.763706027243,24489.275,-1,-0.0008098960787072,-0.0008098960787072,-0.0008098960787072,0.0008098960787072,-0.0045319205273259,0.2,0.0,0.0,0.0001619792157414,65698.98545481682,-0.013241860130256,0.7372022955418682,0.1999999999997779,0.010021772843407727,-0.0007970572483730834,92503.43142209579
2025-05-14,24643.74548613192,24664.52,1,0.0017471725926192,0.0017471725926192,0.0017471725926192,-0.0017471725926192,0.0008429933623431,0.2,2.0,0.002,-0.0023494345185238,65544.62999055727,-0.0045319205273259,0.5372022955450861,0.19999999999678209,0.007292883053612893,0.0007385851274717118,92571.75308078426
2025-05-15,24904.22376487295,24738.803,-1,0.0105697520244076,0.0105697520244076,0.0105697520244076,0.0105697520244076,-0.0066422774881373,0.5,2.0,0.002,0.0032848760122038,65759.93597334203,0.0008429933623431,0.53720229478469,7.603961904578682e-10,0.007282964451179426,0.005678095042056489,93097.38429298674
2025-05-16,24975.73159133404,24898.547,-1,0.0028713132011748,0.0028713132011748,0.0028713132011748,-0.0028713132011748,-0.0030903836010482,0.2,0.0,0.0,-0.0005742626402349,65722.17249888829,-0.0066422774881373,0.33720229482139447,0.19999999996329548,0.0045653607146070915,0.0007682134006238113,93168.90295116362
2025-05-19,24957.013101563505,25092.15,1,-0.0007494671258009,-0.0007494671258009,-0.0007494671258009,0.0007494671258009,0.0054147865326091,0.5,2.0,0.002,-0.0016252664370995,65615.3564577526,-0.0030903836010482,0.13720229493848837,0.1999999998829061,0.0018550920424157988,-0.00030282860952374235,93140.68874183207
2025-05-20,24788.21627627826,25118.852,1,-0.0067635026915408,-0.0067635026915408,-0.0067635026915408,-0.0067635026915408,0.0133384233878154,1.0,0.0,0.0,-0.0067635026915408,65171.56681774418,0.0054147865326091,0.33720229474586244,0.19999999980737407,0.004553227243187043,-0.002480668627914749,92909.63755728783
2025-05-21,24803.811144758925,24977.488,1,0.0006291242704536,0.0006291242704536,0.0006291242704536,0.0006291242704536,0.0070020229644335,0.5,0.0,0.0,0.0003145621352268,65192.06732495844,0.0133384233878154,0.5372022947450517,0.19999999999918922,0.007244300394295115,0.00013796700176829115,92922.45602141699
2025-05-22,24683.84331805528,24894.572,1,-0.0048366690910318,-0.0048366690910318,-0.0048366690910318,-0.0048366690910318,0.0085371098507411,0.5,0.0,0.0,-0.0024183345455159,65034.41109645288,0.0070020229644335,0.7372022947396681,0.19999999999461648,0.009928419968218605,-0.0037656035527996842,92572.54689088787
2025-05-23,24788.480850922733,24845.348,1,0.0042391102357595,0.0042391102357595,0.0042391102357595,0.0042391102357595,0.0022940957705018,0.2,0.0,0.0,0.0008478220471519,65089.548704004,0.0085371098507411,0.9372022946702062,0.19999999993053807,0.012605691032430144,0.003772903840383225,92921.81420856656
2025-05-26,24919.917856202017,24910.91,-1,0.0053023420866225,0.0053023420866225,0.0053023420866225,0.0053023420866225,-0.0003614721466577,0.2,2.0,0.002,-0.0009395315826754,65028.3950172945,0.0022940957705018,0.9372023055596157,1.0889409485237422e-08,0.012589585489768707,0.004969367217558981,93383.57682589072
2025-05-27,24861.99655278916,24980.307,1,-0.0023242975256614,-0.0023242975256614,-0.0023242975256614,0.0023242975256614,0.0047586864940485,0.2,2.0,0.002,-0.0015351404948677,64928.56729478719,-0.0003614721466577,0.7372023069677366,0.1999999985918791,0.00989041248276102,-0.0019134774965888653,93204.88945308341
2025-05-28,24794.292576960983,25008.178,1,-0.0027231914252913,-0.0027231914252913,-0.0027231914252913,-0.0027231914252913,0.008626397481401,0.5,0.0,0.0,-0.0013615957126456,64840.16083593038,0.0047586864940485,0.9372023069529339,0.19999999998519735,0.012557324778026638,-0.0027521812860426516,92948.37270056296
2025-05-29,24818.585658990527,24964.115,1,0.0009797852450978,0.0009797852450978,0.0009797852450978,0.0009797852450978,0.0058637241867469,0.5,0.0,0.0,0.0004898926225489,64871.92555236879,0.008626397481401,0.9534292484468863,0.016226941493952318,0.012758310934003272,0.0009179289683789915,93033.6927044285
2025-05-30,24776.62953154644,25046.633,1,-0.0016905124256703,-0.0016905124256703,-0.0016905124256703,-0.0016905124256703,0.0108975059787604,1.0,0.0,0.0,-0.0016905124256703,64762.25875614536,0.0058637241867469,0.9546467854592319,0.0012175370123456153,0.012758310205918316,-0.001615059789957386,92883.43772823032
2025-06-02,24739.52899930246,24866.314,1,-0.0014974002899281,-0.0014974002899281,-0.0014974002899281,-0.0014974002899281,0.0051247944413619,0.5,0.0,0.0,-0.000748700144964,64713.77124362643,0.0108975059787604,0.9558555023791306,0.0012087169198987668,0.012758310140045472,-0.0014325070233117787,92750.38155133529
2025-06-03,24617.758380964147,24815.137,1,-0.0049221073829556,-0.0049221073829556,-0.0049221073829556,-0.0049221073829556,0.0080177332144292,0.5,0.0,0.0,-0.0024610536914778,64554.50717801785,0.0051247944413619,0.9570554518889748,0.0011999495098441448,0.0127583101547014,-0.004711929655150475,92313.34827797704
2025-06-04,24619.266901676827,24717.941,1,6.12777446806767e-05,6.12777446806767e-05,6.12777446806767e-05,6.12777446806767e-05,0.0040080031106227,0.2,0.0,0.0,1.225554893613534e-05,64555.298328939614,0.0080177332144292,0.9582467300552918,0.0011912781663170335,0.012758310241073545,5.752792029910447e-05,92318.6588729193
2025-06-05,24700.62087190453,24469.717,-1,0.0033044838643088,0.0033044838643088,0.0033044838643088,0.0033044838643088,-0.0093480999162725,0.5,2.0,0.002,-0.0003477580678455,64532.84870312355,0.0040080031106227,0.9594294103271176,0.0011826802718257756,0.012758310138593965,0.003169236325097441,92611.23852010364
2025-06-06,24887.532835094586,24578.04,-1,0.0075670957487006,0.0075670957487006,0.0075670957487006,-0.0075670957487006,-0.012435657529627,1.0,0.0,0.0,-0.0075670957487006,64044.52245805061,-0.0093480999162725,0.7594294103468394,0.19999999998027818,0.010086403995357303,0.005546675062493494,93124.92296730973
2025-06-09,25020.821990424403,24929.23,-1,0.0053556596474626,0.0053556596474626,0.0053556596474626,-0.0053556596474626,-0.0036606307522373,0.2,0.0,0.0,-0.0010711319294925,63975.92232513668,-0.012435657529627,0.5594294103502405,0.1999999999965989,0.007421086559086736,0.0027961135186199805,93385.31082333908
2025-06-10,25072.38333595588,25123.1,1,0.0020607374750201,0.0020607374750201,0.0020607374750201,-0.0020607374750201,0.0020228098527589,0.2,2.0,0.002,-0.002412147495004,63821.602964359525,-0.0036606307522373,0.35942941036090725,0.19999999998933327,0.004762263815214025,0.0005406896555657662,93435.80329488305
2025-06-11,25115.038221544804,25141.676,1,0.0017012696805633,0.0017012696805633,0.0017012696805633,0.0017012696805633,0.0010606306158174,0.2,0.0,0.0,0.0003402539361126,63843.31851597717,0.0020228098527589,0.3594294104987391,1.3783185703886147e-10,0.004756586778636754,0.0006114863582464133,93492.93801396969
2025-06-12,24974.84400784348,25216.611,1,-0.0055820824346212,-0.0055820824346212,-0.0055820824346212,-0.0055820824346212,0.0096804205095572,0.5,0.0,0.0,-0.0027910412173106,63665.12918254919,0.0010606306158174,0.35942941049054833,8.190781386474555e-12,0.004750963272837343,-0.0020063645987937334,93305.35709290123
2025-06-13,24816.47626016319,25047.367,1,-0.0063410905641915,-0.0063410905641915,-0.0063410905641915,-0.0063410905641915,0.0093039292692592,0.5,0.0,0.0,-0.0031705452820957,63463.27600758543,0.0096804205095572,0.5594294104127591,0.19999999992221074,0.007385907285040881,-0.0037473925556217712,92955.70529233167
2025-06-16,24896.83535072672,24822.791,-1,0.0032381346054566,0.0032381346054566,0.0032381346054566,0.0032381346054566,-0.0029740466884099,0.2,2.0,0.002,-0.0013523730789086,63377.44998161342,0.0093039292692592,0.7594294102981617,0.19999999988540262,0.010014761544122067,0.0022591346540025738,93165.70474744483
2025-06-17,24869.99106908386,24878.258,1,-0.0010782206358638,-0.0010782206358638,-0.0010782206358638,0.0010782206358638,0.0003324058658959,0.2,2.0,0.002,-0.0017843558728272,63264.36205653392,-0.0029740466884099,0.559429410305998,0.19999999999216367,0.0073688080336803095,-0.0008031883344932075,93090.87514021684
2025-06-18,24834.182001884583,25046.383,1,-0.0014398504245459,-0.0014398504245459,-0.0014398504245459,-0.0014398504245459,0.0085447146235505,0.5,0.0,0.0,-0.0007199252122729,63218.81644725106,0.0003324058658959,0.5594293444325632,6.5873434818009e-08,0.007360376752456422,-0.0008054946449580955,93015.89093879695
2025-06-19,24808.884633492333,24990.65,1,-0.0010186511635588,-0.0010186511635588,-0.0010186511635588,-0.0010186511635588,0.0073266238766043,0.5,0.0,0.0,-0.0005093255817794,63186.61748678466,0.0085447146235505,0.7594293444297743,0.19999999999721108,0.009980424540830406,-0.0009735935853412973,92925.33126404411
2025-06-20,24996.46768752148,24866.04,-1,0.007561124040857,0.007561124040857,0.007561124040857,0.007561124040857,-0.005217844743183,0.5,2.0,0.002,0.0017805620204285,63299.125178080976,0.0073266238766043,0.9594293444274713,0.19999999999769702,0.012594631525974434,0.0070543642816565276,93580.86040177429
2025-06-23,24981.28426302774,25061.27,1,-0.0006074228040355,-0.0006074228040355,-0.0006074228040355,0.0006074228040355,0.003201826460565,0.2,2.0,0.002,-0.0018785154391928,63180.21679414654,-0.005217844743183,0.7594293444313912,0.1999999999960801,0.009958056691884237,-0.0006612947018574373,93518.97587459534
2025-06-24,25020.26079058264,25140.203,1,0.0015602291357206,0.0015602291357206,0.0015602291357206,0.0015602291357206,0.0047938033268825,0.2,0.0,0.0,0.0003120458271441,63199.93191715522,0.003201826460565,0.9594293428601333,0.19999999842874205,0.01256663051663116,0.0012969296159669069,93640.263404062
2025-06-25,25159.00275211016,25161.098,1,0.0055451844682508,0.0055451844682508,0.0055451844682508,0.0055451844682508,8.328024407357381e-05,0.2,0.0,0.0,0.0011090368936501,63270.02297332752,0.0047938033268825,0.975180941037309,0.015751598177175752,0.012758310119034433,0.005391806609797109,94145.15359522717
2025-06-26,25400.034306825,25167.191,-1,0.0095803302336625,0.0095803302336625,0.0095803302336625,0.0095803302336625,-0.0091670469422333,0.5,2.0,0.002,0.0027901651168312,63446.556784368826,8.328024407357381e-05,0.7751809412480571,0.19999999978925187,0.010130177659922128,0.007226489408208464,94825.49255051721
2025-06-27,25546.982069404883,25339.432,-1,0.0057853371694225,0.0057853371694225,0.0057853371694225,-0.0057853371694225,-0.0081242500128202,0.5,0.0,0.0,-0.0028926685847112,63263.02692275058,-0.0091670469422333,0.5751809412515488,0.1999999999965083,0.00750807087895719,0.003127615678569497,95122.0702477463
2025-06-30,25528.483515998098,25539.672,1,-0.0007240993615813,-0.0007240993615813,-0.0007240993615813,0.0007240993615813,0.0004382745255858,0.2,2.0,0.002,-0.0018551801276837,63145.66261238637,-0.0081242500128202,0.37518094125305174,0.1999999999984971,0.004891909049746477,-0.0004716682800373031,95077.20418447896
2025-07-01,25536.71403856097,25591.713,1,0.0003224054635957,0.0003224054635957,0.0003224054635957,0.0003224054635957,0.0021537211622442,0.2,0.0,0.0,6.44810927191486e-05,63149.73431371208,0.0004382745255858,0.3751809410304177,2.226340223288048e-10,0.004886477335590179,0.0001209603850025488,95088.70475970209
2025-07-02,25485.2233724098,25624.504,1,-0.0020163387534284,-0.0020163387534284,-0.0020163387534284,-0.0020163387534284,0.0054651523180677,0.5,0.0,0.0,-0.0010081693767142,63086.06868542935,0.0021537211622442,0.3751809411075765,7.715877936576021e-11,0.004881093672242598,-0.0007564918711801034,95016.77092751033
2025-07-03,25435.828494604088,25677.209,1,-0.0019381771579521,-0.0019381771579521,-0.0019381771579521,-0.0019381771579521,0.0094897834936698,0.5,0.0,0.0,-0.000969088578976,63024.932696773794,0.0054651523180677,0.5751809410892204,0.19999999998164386,0.007474907336303367,-0.0013148025616901632,94891.8426336913
2025-07-04,25451.38534048676,25729.074,1,0.000611611526079,0.000611611526079,0.000611611526079,0.000611611526079,0.0109105518539892,1.0,0.0,0.0,0.000611611526079,63063.47947204149,0.0094897834936698,0.7751809409767302,0.19999999988750983,0.010063128905753527,0.00027410959841062333,94917.85339856807
2025-07-07,25457.51341989188,25641.674,1,0.0002407758683127,0.0002407758683127,0.0002407758683127,0.0002407758683127,0.0072340364540168,0.5,0.0,0.0,0.0001203879341563,63071.07155405584,0.0109105518539892,0.9751809409542719,0.1999999999775417,0.012645830367066194,3.480003784271893e-05,94921.1565434583
2025-07-08,25497.67733521132,25601.379,1,0.0015776841460115,0.0015776841460115,0.0015776841460115,0.0015776841460115,0.0040671024040873,0.2,0.0,0.0,0.0003155368292023,63090.97279998839,0.0072340364540168,0.9849070202557166,0.009726079301444757,0.012758310421894679,0.0015441461118514267,95067.72867826733
2025-07-09,25484.341567244544,25643.39,1,-0.0005230189319385,-0.0005230189319385,-0.0005230189319385,-0.0005230189319385,0.0062410257818817,0.5,0.0,0.0,-0.0002615094659692,63074.473913383976,0.0040671024040873,0.9859523079842714,0.0010452877285547224,0.012758310128642324,-0.0005167170107927873,95018.60556568184
2025-07-10,25404.558591026424,25687.15,1,-0.003130666570592,-0.003130666570592,-0.003130666570592,-0.003130666570592,0.0111236496379589,1.0,0.0,0.0,-0.003130666570592,62877.00876644567,0.0062410257818817,0.9869908133473484,0.0010385053630770358,0.01275831030837574,-0.003090977650191029,94724.905179526
2025-07-11,25247.139783125967,25513.951,1,-0.0061964787672422,-0.0061964787672422,-0.0061964787672422,-0.0061964787672422,0.0105679779636803,1.0,0.0,0.0,-0.0061964787672422,62487.39271667668,0.0111236496379589,0.9880225476924087,0.00103173434506032,0.012758310236205165,-0.006123292472677616,94144.8768806651
2025-07-14,25145.263677295014,25332.428,1,-0.0040351543464358,-0.0040351543464358,-0.0040351543464358,-0.0040351543464358,0.0074433231286409,0.5,0.0,0.0,-0.0020175771732179,62361.319579517614,0.0105679779636803,0.989047600257078,0.0010250525646693376,0.01275831023611888,-0.003991984775573916,93769.0519654592
2025-07-15,25176.49732523218,25228.123,1,0.0012421284715089,0.0012421284715089,0.0012421284715089,0.0012421284715089,0.0020505503248094,0.2,0.0,0.0,0.0002484256943017,62376.81173363173,0.0074433231286409,0.9900660387341664,0.0010184384770883792,0.012758310331388443,0.0012287707769086532,93884.2726362928
2025-07-16,25198.47056946872,25200.47,1,0.0008727681199132,0.0008727681199132,0.0008727681199132,0.0008727681199132,7.934729712135517e-05,0.2,0.0,0.0,0.0001745536239826,62387.69983217232,0.0020505503248094,0.9900660387750868,4.0920378197029095e-11,0.012745284348130883,0.0008640980752107215,93965.3978555704
2025-07-17,25144.688416977624,25031.697,-1,-0.0021343419372548,-0.0021343419372548,-0.0021343419372548,-0.0021343419372548,-0.0044936495176982,0.2,2.0,0.002,-0.0024268683874509,62236.29309568384,7.934729712135517e-05,0.7900660395162953,0.19999999925879153,0.010160344309185112,-0.0018862710805992286,93788.15364301842
2025-07-18,25035.736424882067,24771.957,-1,-0.0043330022742295,-0.0043330022742295,-0.0043330022742295,0.0043330022742295,-0.0105361160704626,1.0,0.0,0.0,0.0043330022742295,62505.96309520705,-0.0044936495176982,0.5900660395220914,0.19999999999420393,0.007580687064453671,-0.00275675749118902,93529.60244787825
2025-07-21,25069.705299609104,24775.508,-1,0.0013568154797027,0.0013568154797027,0.0013568154797027,-0.0013568154797027,-0.0117351718376079,1.0,0.0,0.0,-0.0013568154797027,62421.15403690575,-0.0105361160704626,0.39006603952237034,0.199999999999721,0.005006246549641542,0.0003292476405305563,93560.39684880397
2025-07-22,25064.26356658908,24921.467,-1,-0.0002170641000757,-0.0002170641000757,-0.0002170641000757,0.0002170641000757,-0.0056972177223443,0.5,0.0,0.0,0.0001085320500378,62427.9287327191,-0.0117351718376079,0.19006603952237186,0.19999999999999848,0.0024369574676914476,-0.00024125651382387458,93537.82479362826
2025-07-23,25160.45241374436,24966.426,-1,0.0038376889430535,0.0038376889430535,0.0038376889430535,-0.0038376889430535,-0.0077115629939296,0.5,0.0,0.0,-0.0019188444715267,62308.13924680145,-0.0056972177223443,-0.009933960465302271,0.19999999998767412,0.00013003153891833814,-0.00023812345022609525,93515.55124406175
2025-07-24,25099.66703775523,25081.258,-1,-0.0024159094991441,-0.0024159094991441,-0.0024159094991441,0.0024159094991441,-0.0007334375283758,0.2,0.0,0.0,0.0004831818998288,62338.24541189752,-0.0077115629939296,-0.20993396044191723,0.19999999997661497,0.0027450950720359487,0.0003071814492479546,93544.2774866201
2025-07-25,24937.32988069825,24989.467,1,-0.0064677016158337,-0.0064677016158337,-0.0064677016158337,0.0064677016158337,0.0020907258135164,0.2,2.0,0.002,-0.0007064596768332,62294.20595518947,-0.0007334375283758,-0.2099339604341671,7.75013386800083e-12,0.0027422630648473215,0.0013577902151106806,93671.29099127105
2025-07-28,24778.847740115176,24856.094,1,-0.0063552169114039,-0.0063552169114039,-0.0063552169114039,-0.0063552169114039,0.0031174274403312,0.2,0.0,0.0,-0.0012710433822807,62215.0273169557,0.0020907258135164,-0.009933960438283,0.19999999999588408,0.00012962949311780516,-0.00013686752662129067,93658.47043335764
2025-07-29,24804.96083140596,24600.672,-1,0.0010538460692224,0.0010538460692224,0.0010538460692224,0.0010538460692224,-0.0082358054420834,0.5,2.0,0.002,-0.0014730769653887,62123.379793314045,0.0031174274403312,0.19006603871613023,0.19999999915441324,0.0024251247426540718,3.00348639253081e-07,93658.4985635518
2025-07-30,24835.91812290436,24686.594,-1,0.0012480282355136,0.0012480282355136,0.0012480282355136,-0.0012480282355136,-0.0060124261227391,0.5,0.0,0.0,-0.0006240141177568,62084.613927280254,-0.0082358054420834,-0.009933961282983518,0.19999999999911375,0.0001293669362273678,-0.00021239786417077608,93638.60569849545
2025-07-31,24794.158484973905,24756.87,-1,-0.0016814211467359,-0.0016814211467359,-0.0016814211467359,0.0016814211467359,-0.0015039221837879,0.2,0.0,0.0,0.0003362842293471,62105.49200382911,-0.0060124261227391,-0.20993396126204494,0.19999999997906143,0.0027311649094915766,0.00015298740190497614,93652.93122549927
2025-08-01,24652.74682292613,24803.422,1,-0.0057034265604729,-0.0057034265604729,-0.0057034265604729,0.0057034265604729,0.006111902180967,0.5,2.0,0.002,0.0008517132802364,62158.3880761444,-0.0015039221837879,-0.20993396138053116,1.1848622083476812e-10,0.0027284464205875863,0.0011973429311645273,93765.06590068495
2025-08-04,24696.011165678265,24660.992,-1,0.0017549501912663,0.0017549501912663,0.0017549501912663,0.0017549501912663,-0.0014180089830431,0.2,2.0,0.002,-0.0016490099617467,62055.88827500072,0.006111902180967,-0.009933961383491716,0.19999999999703943,0.00012898101045166993,-0.00021743360742703025,93744.67822415555
2025-08-05,24667.297068971213,24610.756,-1,-0.0011627018029113,-0.0011627018029113,-0.0011627018029113,0.0011627018029113,-0.0022921469187775,0.2,0.0,0.0,0.0002325403605822,62070.318773636434,-0.0014180089830431,-0.00993396148235312,9.886140517334496e-11,0.0001288544216654298,1.155023482672198e-05,93745.7609972028
2025-08-06,24609.759433254952,24560.938,-1,-0.0023325472408015,-0.0023325472408015,-0.0023325472408015,0.0023325472408015,-0.0019838240754593,0.2,0.0,0.0,0.0004665094481603,62099.27516379466,-0.0022921469187775,-0.00993520714823955,1.245665886429742e-06,0.00012874498582238642,2.3173094354531075e-05,93747.93337656773
2025-08-07,24601.34858235529,24573.168,-1,-0.0003417689198658,-0.0003417689198658,-0.0003417689198658,0.0003417689198658,-0.0011454893320564,0.2,0.0,0.0,6.835378397316295e-05,62103.519884234105,-0.0019838240754593,-0.009935207889691147,7.414515963005686e-10,0.0001286203769211657,3.395544527650321e-06,93748.25170184988
2025-08-08,24454.226950325046,24576.855,1,-0.0059802263090472,-0.0059802263090472,-0.0059802263090472,0.0059802263090472,0.0050145952241325,0.5,2.0,0.002,0.0009901131545236,62165.009396213696,-0.0011454893320564,-0.009935207895217749,5.5266017456867544e-12,0.00012849679560055928,5.941479163530804e-05,93753.82173469091
2025-08-11,24535.08052437513,24434.107,-1,0.0033063230424059,0.0033063230424059,0.0033063230424059,0.0033063230424059,-0.004115475564664,0.2,2.0,0.002,-0.0013387353915188,62081.78689802089,0.0050145952241325,0.19006479210265223,0.19999999999787,0.0024049827699586645,0.00042841560168121605,93793.98733463929
2025-08-12,24505.61258112941,24501.121,-1,-0.0012010534555386,-0.0012010534555386,-0.0012010534555386,0.0012010534555386,-0.0001832878535291,0.2,0.0,0.0,0.0002402106911077,62096.69960695686,-0.004115475564664,-0.009935207870261883,0.19999999997291412,0.00012825247112969892,-0.00018806728422884178,93776.34775416426
2025-08-13,24575.90593036459,24361.531,-1,0.002868459174504,0.002868459174504,0.002868459174504,-0.002868459174504,-0.0087229716362041,0.5,0.0,0.0,-0.001434229587252,62007.63868310986,-0.0001832878535291,-1.5430764228006735e-07,0.009935053562619603,2.0834964639982218e-09,-9.935496187791798e-06,93775.41603961865
2025-08-14,24610.141831013505,24538.36,-1,0.0013930676958937,0.0013930676958937,0.0013930676958937,-0.0013930676958937,-0.0029167581197376,0.2,0.0,0.0,-0.0002786135391787,61990.36251544025,-0.0087229716362041,-0.20000015430566095,0.19999999999801868,0.0025769368619273335,-0.00047861375413499026,93730.53383570237
2025-08-18,24775.037865084232,24596.863,-1,0.0067003284744555,0.0067003284744555,0.0067003284744555,-0.0067003284744555,-0.0071917090926159,0.5,0.0,0.0,-0.0033501642372277,61782.68461988823,-0.0029167581197376,-0.400000154205968,0.19999999990030706,0.005149086318346564,-0.002880132422913146,93460.5774861852
2025-08-19,24902.113394381136,24944.291,1,0.0051291759870928,0.0051291759870928,0.0051291759870928,-0.0051291759870928,0.0016937359874195,0.2,2.0,0.002,-0.0030258351974185,61595.74039817436,-0.0071917090926159,-0.6000001541911146,0.19999999998514661,0.007716505749225135,-0.0032775063831141896,93154.2598469047
2025-08-20,24993.852744667303,24915.588,-1,0.0036839985760752,0.0036839985760752,0.0036839985760752,0.0036839985760752,-0.0031313597574108,0.2,2.0,0.002,-0.0012632002847849,61517.93264136184,0.0016937359874195,-0.40000015419846363,0.199999999992651,0.005139625835411214,-0.0016735999984896514,92998.3568777656
2025-08-21,25049.41230395824,24983.21,-1,0.0022229289681157,0.0022229289681157,0.0022229289681157,-0.0022229289681157,-0.0026428685493663,0.2,0.0,0.0,-0.0004445857936231,61490.58264245643,-0.0031313597574108,-0.6000001541359332,0.19999999993746959,0.007701923465529899,-0.0015337577234401205,92855.7199296371
2025-08-22,24938.59096409147,25055.479,1,-0.0044241093771792,-0.0044241093771792,-0.0044241093771792,0.0044241093771792,0.0046870344871061,0.2,2.0,0.002,-0.0011151781245641,61422.00968982685,-0.0026428685493663,-0.8000001540455479,0.1999999999096147,0.010259287989142994,0.003339288183348098,93165.7919379544
2025-08-25,24956.612239362115,25119.602,1,0.0007226260415673,0.0007226260415673,0.0007226260415673,0.0007226260415673,0.0065309249137914,0.5,0.0,0.0,0.0003613130207836,61444.202261690494,0.0046870344871061,-0.6000001540803646,0.19999999996518336,0.007687066361451865,-0.0006335757362480473,93106.76435273419
2025-08-26,24805.4649459106,25084.932,1,-0.0060564026880669,-0.0060564026880669,-0.0060564026880669,-0.0060564026880669,0.0112663501651266,1.0,0.0,0.0,-0.0060564026880669,61072.07142994666,0.0065309249137914,-0.4000001540820193,0.19999999999834528,0.005119815351786095,0.0022225620084111706,93313.69990991065
2025-08-28,24617.2336989756,24907.145,1,-0.0075882974717644,-0.0075882974717644,-0.0075882974717644,-0.0075882974717644,0.0117767619452897,1.0,0.0,0.0,-0.0075882974717644,60608.63838471938,0.0112663501651266,-0.20000015408162844,0.20000000000039084,0.0025574790792477348,0.0013176606635697207,93436.65570165408
2025-08-29,24499.56986068522,24776.336,1,-0.0047797343815798,-0.0047797343815798,-0.0047797343815798,-0.0047797343815798,0.0112967754490624,1.0,0.0,0.0,-0.0047797343815798,60318.9451920112,0.0117767619452897,-1.5406813964567895e-07,0.2000000000134888,2.565457980424655e-09,-0.00019999926360870466,93417.96843931968
2025-09-01,24577.12133453388,24616.428,1,0.0031654218539203,0.0031654218539203,0.0031654218539203,0.0031654218539203,0.0015993193397669,0.2,0.0,0.0,0.000633084370784,60357.132173474434,0.0112967754490624,0.19999984593164996,0.1999999999997896,0.0024980121591995316,0.00043308388309294823,93458.42625584206
2025-09-02,24578.652992619154,24752.514,1,6.232048352727837e-05,6.232048352727837e-05,6.232048352727837e-05,6.232048352727837e-05,0.007073658895508,0.5,0.0,0.0,3.1160241763639185e-05,60359.01291630513,0.0015993193397669,0.1999998460769585,1.4530854297589713e-10,0.002495326362463886,1.246408696758876e-05,93459.59112979476
2025-09-03,24662.951461983343,24712.594,1,0.0034297432568621,0.0034297432568621,0.0034297432568621,0.0034297432568621,0.0020128384914992,0.2,0.0,0.0,0.0006859486513724,60400.41609981324,0.007073658895508,0.39999984602685806,0.19999999994989956,0.004985322836856619,0.0011718967747065953,93569.11612320515
2025-09-04,24707.047766364307,24753.436,1,0.001787957311149,0.001787957311149,0.001787957311149,0.001787957311149,0.0018775304145745,0.2,0.0,0.0,0.0003575914622298,60422.01477292566,0.0020128384914992,0.3999998461261443,9.928624589150559e-11,0.004980030196239564,0.0007151826492404284,93636.03513156124
2025-09-05,24728.03140074513,24736.357,1,0.0008492975194467,0.0008492975194467,0.0008492975194467,0.0008492975194467,0.0003366866985867,0.2,0.0,0.0,0.0001698595038893,60432.27802637897,0.0018775304145745,0.39999984615738965,3.124533964893317e-11,0.004974776872025754,0.0003397188770892873,93667.84506027123
2025-09-08,24755.91647002896,24804.455,1,0.0011276704090155,0.0011276704090155,0.0011276704090155,0.0011276704090155,0.0019606840259704,0.2,0.0,0.0,0.0002255340818031,60445.90756471492,0.0003366866985867,0.3999998461031399,5.4249771341829955e-11,0.004969562175577436,0.000451067990007015,93710.09562687085
2025-09-09,24825.558480103853,24718.75,-1,0.0028131461082931,0.0028131461082931,0.0028131461082931,0.0028131461082931,-0.0043023596101353,0.2,2.0,0.002,-0.0014373707783413,60359.024383511074,0.0019606840259704,0.39999984749166007,1.3885201877172904e-09,0.0049643860740336155,0.001125258012900477,93815.54366286466
2025-09-10,24916.743912731963,24792.889,-1,0.0036730465782346,0.0036730465782346,0.0036730465782346,-0.0036730465782346,-0.0049707503181696,0.2,0.0,0.0,-0.0007346093156469,60314.684081915584,-0.0043023596101353,0.19999984749382527,0.1999999999978348,0.002479622562277934,0.0005346087554868019,93865.69827390758
2025-09-11,24971.59819137206,24889.83,-1,0.0022015026855923,0.0022015026855923,0.0022015026855923,-0.0022015026855923,-0.0032744476643193,0.2,0.0,0.0,-0.0004403005371184,60288.12749411818,-0.0049707503181696,-1.5243553319287962e-07,0.19999999992935846,2.259809247108628e-09,-0.00020000033551659417,93846.9251027593
2025-09-12,25059.607349163583,24952.207,-1,0.0035243702512373,0.0035243702512373,0.0035243702512373,-0.0035243702512373,-0.0042857953704996,0.2,0.0,0.0,-0.0007048740502474,60245.63195750957,-0.0032744476643193,-0.20000015242543479,0.1999999999899016,0.002531915549717967,-0.0009048745874410295,93762.00540512432
2025-09-15,25065.535450583644,25134.617,1,0.0002365600281546,0.0002365600281546,0.0002365600281546,-0.0002365600281546,0.0027560372509315,0.2,2.0,0.002,-0.0020473120056309,60122.29035191614,-0.0042857953704996,-0.40000015241970516,0.19999999999427037,0.005059382605507485,-0.0002946240473125201,93734.38086360773
2025-09-16,25172.80399994549,25139.312,-1,0.0042795235542971,0.0042795235542971,0.0042795235542971,0.0042795235542971,-0.0013304834831097,0.2,2.0,0.002,-0.0011440952891405,60053.50472275217,0.0027560372509315,-0.2000001524495141,0.19999999997019105,0.002527485045454787,-0.0010559053632408974,93635.40622813378
2025-09-17,25270.110979371893,25306.447,1,0.0038655598091741,0.0038655598091741,0.0038655598091741,-0.0038655598091741,0.0014379050672855,0.2,2.0,0.002,-0.0027731119618348,59886.9696304554,-0.0013304834831097,-0.20000015253572406,8.620995584074365e-11,0.0025252937737258447,-0.0007731125515569943,93563.01552030868
2025-09-18,25364.972169600467,25449.58,1,0.0037538889443742,0.0037538889443742,0.0037538889443742,0.0037538889443742,0.0033356169221796,0.2,0.0,0.0,0.0007507777888748,59931.93143709697,0.0014379050672855,-1.5296468949937635e-07,0.19999999957103456,2.4832442776220256e-09,-0.00020000057378349138,93544.30286351971
2025-09-19,25341.53546269929,25576.117,1,-0.0009239792081958,-0.0009239792081958,-0.0009239792081958,-0.0009239792081958,0.0092568004668065,0.5,0.0,0.0,-0.0004619896040979,59904.24350781952,0.0033356169221796,0.1999998469857897,0.1999999999504792,0.0024619365882687866,-0.00038479570020769034,93508.3074179989
2025-09-22,25255.51387459172,25448.967,1,-0.0033944899761177,-0.0033944899761177,-0.0033944899761177,-0.0033944899761177,0.0076598372287685,0.5,0.0,0.0,-0.0016972449880588,59802.57133076241,0.0092568004668065,0.3999998469849598,0.19999999999917006,0.004918602047326501,-0.0015577954710382297,93362.6406001987
2025-09-23,25202.354376589967,25330.516,1,-0.0021048670110503,-0.0021048670110503,-0.0021048670110503,-0.0021048670110503,0.0050853035988209,0.5,0.0,0.0,-0.0010524335055251,59739.63310097735,0.0076598372287685,0.5999998469370879,0.19999999995212808,0.007370050799874876,-0.0014629198844052335,93226.05853680408
2025-09-24,25112.458869464463,25314.682,1,-0.0035669487771747,-0.0035669487771747,-0.0035669487771747,-0.0035669487771747,0.0080527013139852,0.5,0.0,0.0,-0.0017834743885873,59633.08899535815,0.0050853035988209,0.7999998469309976,0.19999999999390972,0.009816337002715845,-0.003053558475744379,92941.38731559878
2025-09-25,24975.496814507456,25278.375,1,-0.0054539484034176,-0.0054539484034176,-0.0054539484034176,-0.0054539484034176,0.0121270134380915,1.0,0.0,0.0,-0.0054539484034176,59307.853204841056,0.0080527013139852,0.9999998469184826,0.19999999998748508,0.012257515959637533,-0.005653947568506388,92415.90158477215
2025-09-26,24777.2329968201,25135.496,1,-0.0079383332856142,-0.0079383332856142,-0.0079383332856142,-0.0079383332856142,0.0144593628847045,1.0,0.0,0.0,-0.0079383332856142,58837.04769964674,0.0121270134380915,0.9999999999989811,1.5308049849949157e-07,0.012244702271049467,-0.00793833343868661,91682.27334295536
2025-09-29,24689.266608484173,24903.797,1,-0.0035502910412642,-0.0035502910412642,-0.0035502910412642,-0.0035502910412642,0.0086892168535336,0.5,0.0,0.0,-0.0017751455206321,58732.60337797549,0.0144593628847045,1.000000000002598,3.6167735473213725e-12,0.012231976140421274,-0.0035502910412770405,91356.77458926196
2025-09-30,24640.95674623612,24753.102,1,-0.0019567151594309,-0.0019567151594309,-0.0019567151594309,-0.0019567151594309,0.0045511728671416,0.2,0.0,0.0,-0.0003913430318861,58709.618782898986,0.0086892168535336,0.9999999999974105,5.1874060602585814e-12,0.012219338141913911,-0.0019567151594310204,91178.01540350643
2025-10-01,24761.68599937425,24658.283,-1,0.0048995359385375,0.0048995359385375,0.0048995359385375,0.0048995359385375,-0.0041759272521614,0.2,2.0,0.002,-0.0010200928122924,58649.72952276612,0.0045511728671416,0.9999999999895997,7.810863067447826e-12,0.012206787711836576,0.004899535938478733,91624.74536677507
2025-10-03,24843.615057445622,24791.775,-1,0.0033087027302358,0.0033087027302358,0.0033087027302358,-0.0033087027302358,-0.0020866551556909,0.2,0.0,0.0,-0.0006617405460471,58610.9186187262,-0.0041759272521614,0.7999999999932527,0.199999999996347,0.009755459050291288,0.002446962184169968,91848.94765382179
2025-10-06,24988.25684791889,24814.793,-1,0.0058220911143089,0.0058220911143089,0.0058220911143089,-0.0058220911143089,-0.0069418146681701,0.5,0.0,0.0,-0.0029110455571544,58440.29956448041,-0.0020866551556909,0.600000000044907,0.19999999994834572,0.00730916745125028,0.0032932546688984464,92151.42962951615
2025-10-07,25062.44807886074,24987.545,-1,0.0029690438750245,0.0029690438750245,0.0029690438750245,-0.0029690438750245,-0.0029886577171174,0.2,0.0,0.0,-0.0005938087750049,58405.59720178511,-0.0069418146681701,0.4000000000522881,0.19999999999261886,0.00486786098827369,0.0009876175501724268,92242.43999869174
2025-10-08,25052.375553593007,24999.629,-1,-0.0004018971026309,-0.0004018971026309,-0.0004018971026309,0.0004018971026309,-0.0021054511768821,0.2,0.0,0.0,8.037942052618874e-05,58410.29180984367,-0.0029886577171174,0.2000000000633294,0.19999999998895868,0.002431488566861547,-0.0002803794205405906,92216.57711681565
2025-10-09,25132.36474328672,24992.068,-1,0.0031928784367212,0.0031928784367212,0.0031928784367212,-0.0031928784367212,-0.0055823136708293,0.5,0.0,0.0,-0.0015964392183606,58317.043329242544,-0.0021054511768821,6.767688526899566e-11,0.19999999999565252,4.4657721294499757e-11,-0.00019999999977956845,92198.13380141262
2025-10-10,25226.914590293625,25024.074,-1,0.0037620752353662,0.0037620752353662,0.0037620752353662,-0.0037620752353662,-0.008040642051869,0.5,0.0,0.0,-0.0018810376176831,58207.34677698819,-0.0055823136708293,-0.1999999999271661,0.199999999994843,0.002491568750608346,-0.0009524150467940764,92110.32291149381
2025-10-13,25227.18344687168,25197.668,-1,1.0657529167401592e-05,1.0657529167401592e-05,1.0657529167401592e-05,-1.0657529167401592e-05,-0.0011699858184261,0.2,0.0,0.0,-2.1315058334803182e-06,58207.222707688976,-0.008040642051869,-0.39999999991575025,0.19999999998858414,0.0049791586478610175,-0.00020426301165464689,92091.50817953143
2025-10-14,25176.70030038673,25287.996,1,-0.0020011408166616,-0.0020011408166616,-0.0020011408166616,0.0020011408166616,0.0044205832490114,0.2,2.0,0.002,-0.0015997718366676,58114.10443211057,-0.0011699858184261,-0.3999999999169676,1.2173595465014841e-12,0.0049752064655628125,0.0008004563264972632,92165.2234098704
2025-10-15,25267.45888882449,25252.004,-1,0.0036048643132304,0.0036048643132304,0.0036048643132304,0.0036048643132304,-0.0006116518836536,0.2,2.0,0.002,-0.0012790271373539,58039.77491547888,0.0044205832490114,-0.1999999999193598,0.1999999999976078,0.002485640441542859,-0.0009209728623529908,92080.34174025721
2025-10-16,25463.895981392045,25314.834,-1,0.0077743113556398,0.0077743113556398,0.0077743113556398,-0.0077743113556398,-0.0058538560439052,0.5,0.0,0.0,-0.0038871556778199,57814.16527487678,-0.0006116518836536,-0.1999999999125885,6.771305738340061e-12,0.002483690766272628,-0.001554862270455167,91937.16949103467
2025-10-17,25615.90368314186,25517.992,-1,0.0059695382772886,0.0059695382772886,0.0059695382772886,-0.0059695382772886,-0.0038223005658121,0.2,0.0,0.0,-0.0011939076554577,57745.140500361216,-0.0058538560439052,-0.3999999998657879,0.1999999999531994,0.004963508346717894,-0.002587815310067455,91699.2530762615
2025-10-20,25756.349872197945,25738.926,-1,0.0054827731550424,0.0054827731550424,0.0054827731550424,-0.0054827731550424,-0.0006764884109899,0.2,0.0,0.0,-0.0010965546310084,57681.81979912731,-0.0038223005658121,-0.5999999997610503,0.19999999989526246,0.0074393139966928284,-0.0034896638916105957,91379.2535039136
2025-10-21,25825.72402500161,25828.725,1,0.002693477653002,0.002693477653002,0.002693477653002,-0.002693477653002,0.0001162010015859,0.2,2.0,0.002,-0.0025386955306004,57535.38322100636,-0.0006764884109899,-0.599999999586398,1.7465229262825233e-10,0.007433404944293809,-0.0016160865908618246,91231.57671764297
2025-10-23,25866.31425121444,25897.664,1,0.0015716975126636,0.0015716975126636,0.0015716975126636,0.0015716975126636,0.0012119913367281,0.2,0.0,0.0,0.0003143395025327,57553.46886474608,0.0001162010015859,-0.40000000151307713,0.19999999807332092,0.0049516899735284736,-0.0008286790055168605,91155.97502537684
2025-10-24,25822.332566599503,25960.46,1,-0.001700346024864,-0.001700346024864,-0.001700346024864,-0.001700346024864,0.005349146249443,0.5,0.0,0.0,-0.000850173012432,57504.53845874544,0.0012119913367281,-0.20000000153788738,0.19999999997518975,0.0024739011735894524,0.00014006920761255095,91168.7431705678
2025-10-27,25911.155308055964,26001.822,1,0.0034397644452675,0.0034397644452675,0.0034397644452675,0.0034397644452675,0.0034991373740809,0.2,0.0,0.0,0.0006879528890535,57544.09887211181,0.005349146249443,-1.5793134715405188e-09,0.19999999995857393,8.598916623700059e-10,-0.00020000000539104024,91150.5094214422
2025-10-28,25926.63329607609,26063.318,1,0.0005973484329859,0.0005973484329859,0.0005973484329859,0.0005973484329859,0.0052719804520318,0.5,0.0,0.0,0.0002986742164929,57561.28581075624,0.0034991373740809,0.1999999983895968,0.19999999996891027,0.002400320892946759,-8.05303143337021e-05,91143.1690422668
2025-10-29,26005.288686156764,26127.842,1,0.0030337679860878,0.0030337679860878,0.0030337679860878,0.0030337679860878,0.0047126303930813,0.2,0.0,0.0,0.0006067535972175,57596.21132798238,0.0052719804520318,0.39999999838492145,0.19999999999532464,0.0047959087957595145,0.0010135071895400218,91235.5432993686
2025-10-30,25926.527005210726,26213.482,1,-0.003028679354287,-0.003028679354287,-0.003028679354287,-0.003028679354287,0.0110680074786569,1.0,0.0,0.0,-0.003028679354287,57421.770871848166,0.0047126303930813,0.5999999983795719,0.1999999999946504,0.007186809865435002,-0.002017207607659093,91051.50226733621
2025-10-31,25800.18392635262,26106.248,1,-0.0048731200608825,-0.0048731200608825,-0.0048731200608825,-0.0048731200608825,0.0118628640214755,1.0,0.0,0.0,-0.0048731200608825,57141.94768828116,0.0110680074786569,0.799999998372792,0.19999999999322016,0.009573069829840304,-0.00409849604076964,90678.3280457874
2025-11-03,25777.419066508064,25962.34,1,-0.000882352618475,-0.000882352618475,-0.000882352618475,-0.000882352618475,0.007173756729284,0.5,0.0,0.0,-0.0004411763092375,57116.7380146974,0.0118628640214755,0.9999999984097029,0.20000000003691087,0.011954733170307996,-0.001082352617108708,90580.18212011199
2025-11-04,25666.315914699764,25930.246,1,-0.0043100960387711,-0.0043100960387711,-0.0043100960387711,-0.0043100960387711,0.0102831308621536,1.0,0.0,0.0,-0.0043100960387711,56870.55938843272,0.007173756729284,0.9999999999862405,1.5765375671605852e-09,0.01194320351337598,-0.004310096040288333,90189.7728358275
2025-11-06,25569.5214733971,25906.777,1,-0.0037712635356143,-0.0037712635356143,-0.0037712635356143,-0.0037712635356143,0.0131897472916645,1.0,0.0,0.0,-0.0037712635356143,56656.08552156114,0.0102831308621536,0.9999999999992968,1.3056333791894303e-11,0.011931747842873338,-0.0037712635356247043,89849.64343424547
2025-11-07,25521.796461015405,25756.707,1,-0.0018664804670415,-0.0018664804670415,-0.0018664804670415,-0.0018664804670415,0.0092043104937154,0.5,0.0,0.0,-0.0009332402335207,56603.21178307863,0.0131897472916645,1.0000000000000615,7.647216193618078e-13,0.011920365428788797,-0.0018664804670423796,89681.94082980473
2025-11-10,25554.27609291745,25534.586,-1,0.0012726232634783,0.0012726232634783,0.0012726232634783,0.0012726232634783,-0.0007705204735934,0.2,2.0,0.002,-0.0017454753473043,56504.41227233303,0.0092043104937154,0.9999999999994515,6.09956529729061e-13,0.011909055556076513,0.001272623263476992,89796.0721540185
2025-11-11,25641.21686598565,25481.826,-1,0.0034022005848288,0.0034022005848288,0.0034022005848288,-0.0034022005848288,-0.0062161974144485,0.5,0.0,0.0,-0.0017011002924144,56408.29260009385,-0.0007705204735934,0.8000000001352083,0.19999999986424322,0.009518254082863713,0.0025217604684588026,90022.51633899938
2025-11-12,25786.19769883305,25544.484,-1,0.0056542103132288,0.0056542103132288,0.0056542103132288,-0.0056542103132288,-0.0093737627259403,0.5,0.0,0.0,-0.0028271051566144,56248.82042520832,-0.0062161974144485,0.6000000001450945,0.19999999999011386,0.0071319904411961225,0.003192526188767561,90309.91557999038
2025-11-13,25843.645621706262,25721.47,-1,0.0022278555196144,0.0022278555196144,0.0022278555196144,-0.0022278555196144,-0.0047274917592758,0.2,0.0,0.0,-0.0004455711039228,56223.757576197095,-0.0093737627259403,0.4000000001413081,0.20000000000378637,0.004750221854558763,0.0006911422081567877,90372.3325744628
2025-11-14,25884.68626733265,25788.29,-1,0.00158803623247,0.00158803623247,0.00158803623247,-0.00158803623247,-0.0037240655087369,0.2,0.0,0.0,-0.000317607246494,56205.90050336578,-0.0047274917592758,0.20000000014555697,0.19999999999575113,0.002372905491976635,0.00011760724672939859,90382.9610156774
2025-11-17,25964.266147800325,25885.86,-1,0.0030744000389182,0.0030744000389182,0.0030744000389182,-0.0030744000389182,-0.0030197713794027,0.2,0.0,0.0,-0.0006148800077836,56171.34061882678,-0.0037240655087369,1.492805900190421e-10,0.19999999999627638,7.255910795137747e-11,-0.00019999999953732812,90364.88442351608
2025-11-18,25930.75920855969,25897.582,-1,-0.0012905020711887,-0.0012905020711887,-0.0012905020711887,0.0012905020711887,-0.0012794538059163,0.2,0.0,0.0,0.0002581004142377,56185.83846510878,-0.0030197713794027,-0.19999999958548248,0.19999999973476307,0.002444452773826966,5.810041396804119e-05,90370.13466070927
2025-11-19,26006.09210200496,25887.928,-1,0.0029051557202537,0.0029051557202537,0.0029051557202537,-0.0029051557202537,-0.0045437085103551,0.2,0.0,0.0,-0.0005810311440507,56153.19274310595,-0.0012794538059163,-0.19999999958727166,1.789179915334671e-12,0.0024425344741746827,-0.000581031142853489,90317.62679808754
2025-11-20,26121.08244826078,25922.838,-1,0.0044216695766816,0.0044216695766816,0.0044216695766816,-0.0044216695766816,-0.0075894423078925,0.5,0.0,0.0,-0.0022108347883408,56029.04731111309,-0.0045437085103551,-0.39999999956831817,0.1999999999810465,0.004881256630326915,-0.001968667828744932,90139.82139184154
2025-11-21,26088.3686375474,26112.008,1,-0.0012523910821145,-0.0012523910821145,-0.0012523910821145,0.0012523910821145,0.0009061265110528,0.2,2.0,0.002,-0.001749521783577,55931.02327232923,-0.0075894423078925,-0.59999999956508,0.19999999999676182,0.007316201839261586,0.0005514346487272482,90189.52761258709
2025-11-24,26008.723439459216,26202.662,1,-0.0030529006698239,-0.0030529006698239,-0.0030529006698239,-0.0030529006698239,0.0074566735653988,0.5,0.0,0.0,-0.0015264503349119,55845.647343123215,0.0009061265110528,-0.39999999958575744,0.19999999997932255,0.004873702553726506,0.0010211602666855958,90281.62557465621
2025-11-25,25932.135024709685,26108.96,1,-0.0029447202561788,-0.0029447202561788,-0.0029447202561788,-0.0029447202561788,0.006818758853516,0.5,0.0,0.0,-0.0014723601280894,55763.42243864786,0.0074566735653988,-0.19999999958825868,0.19999999999749876,0.002434980343420155,0.0003889440500257983,90316.74007575013
2025-11-26,26100.96074681418,26017.125,-1,0.00651029010699,0.00651029010699,0.00651029010699,0.00651029010699,-0.0032119793454121,0.2,2.0,0.002,-0.0006979419786019,55724.50280525741,0.006818758853516,4.1216327324764425e-10,0.20000000000042195,2.3195867277826613e-11,-0.00019999999731711948,90298.67672797728
2025-11-27,26171.781282867538,26195.89,1,0.0027133306218241,0.0027133306218241,0.0027133306218241,-0.0027133306218241,0.0009211721919838,0.2,2.0,0.002,-0.0025426661243648,55582.81399967742,-0.0032119793454121,-0.19999999958247247,0.19999999999463575,0.0024312723550705146,-0.0007426661232265656,90231.61495979922
2025-11-28,26191.044126602075,26310.371,1,0.0007360157692877,0.0007360157692877,0.0007360157692877,0.0007360157692877,0.0045560181877867,0.2,0.0,0.0,0.0001472031538575,55590.99596519845,0.0009211721919838,-1.8014759827741387e-09,0.19999999778099647,6.33121844779144e-11,-0.0001999999991069112,90213.56863688784
2025-12-01,26181.591836533746,26293.094,1,-0.0003608977947819,-0.0003608977947819,-0.0003608977947819,-0.0003608977947819,0.0042588000058371,0.2,0.0,0.0,-7.217955895639782e-05,55586.98343162773,0.0045560181877867,0.19999999818079942,0.1999999999822754,0.002348390591040227,-0.00027217955828210994,90189.01434762521
2025-12-02,26089.26212107507,26251.246,1,-0.0035265126748267,-0.0035265126748267,-0.0035265126748267,-0.0035265126748267,0.0062088332806499,0.5,0.0,0.0,-0.0017632563374133,55488.969330814216,0.0042588000058371,0.39999999815725584,0.19999999997645643,0.004692440047338614,-0.0016106050634086759,90043.75546445308
2025-12-03,26025.44262050027,26131.256,1,-0.0024461979905229,-0.0024461979905229,-0.0024461979905229,-0.0024461979905229,0.0040657667591935,0.2,0.0,0.0,-0.0004892395981045,55461.82192975958,0.0062088332806499,0.5999999981522605,0.19999999999500462,0.007032187683410996,-0.001667718789788808,89893.58780156187
2025-12-04,26030.576863388545,26058.076,1,0.0001972778316643,0.0001972778316643,0.0001972778316643,0.0001972778316643,0.001056416719298,0.2,0.0,0.0,3.9455566332868846e-05,55464.01020735366,0.0040657667591935,0.7999999981100383,0.19999999995777784,0.009367672490699716,-4.217773499918539e-05,89889.79629363745
2025-12-05,26126.91127690843,26067.021,-1,0.0037008174665302,0.0037008174665302,0.0037008174665302,0.0037008174665302,-0.0022922830897873,0.2,2.0,0.002,-0.0012598365066939,55394.1346224868,0.001056416719298,0.7999999981092276,8.106848525812893e-13,0.009359146110410313,0.0029606539662259458,90155.92887555744
2025-12-08,26024.09483620624,26165.068,1,-0.0039352696387445,-0.0039352696387445,-0.0039352696387445,0.0039352696387445,0.0054170246719831,0.5,2.0,0.002,-3.236518062771192e-05,55392.34178131403,-0.0022922830897873,0.5999999981293535,0.19999999997987417,0.007013003194130316,-0.0025611617758650755,89925.02495665375
2025-12-09,25910.101899800906,26093.916,1,-0.0043802843911689,-0.0043802843911689,-0.0043802843911689,-0.0043802843911689,0.0070943024813232,0.5,0.0,0.0,-0.0021901421955844,55271.02467626653,0.0054170246719831,0.7999999981263543,0.1999999999970008,0.009342246238055255,-0.0037042275047250196,89591.92220584625
2025-12-10,25816.09775597052,25897.451,1,-0.0036280885422187,-0.0036280885422187,-0.0036280885422187,-0.0036280885422187,0.0031512603027182,0.2,0.0,0.0,-0.0007256177084437,55230.91904199761,0.0070943024813232,0.9999999981205093,0.19999999999415508,0.011667339714051386,-0.003828088535393896,89248.95639558614
2025-12-11,25867.056528068493,25676.504,-1,0.0019739145931221,0.0019739145931221,0.0019739145931221,0.0019739145931221,-0.0073666104166789,0.5,2.0,0.002,-0.0010130427034389,55174.96776245788,0.0031512603027182,0.9999999994601686,1.3396592724035372e-09,0.011656934237945178,0.0019739145907168593,89425.12621282165
2025-12-12,25978.236325237336,25806.02,-1,0.00429812325373,0.00429812325373,0.00429812325373,-0.00429812325373,-0.0066292539293759,0.5,0.0,0.0,-0.002149061626865,55056.39335647608,-0.0073666104166789,0.7999999994608208,0.1999999999993478,0.009317271438434315,0.0032384986006671933,89714.72935892637
2025-12-15,26008.559826692686,26003.746,-1,0.0011672655940038,0.0011672655940038,0.0011672655940038,-0.0011672655940038,-0.0001850862456346,0.2,0.0,0.0,-0.0002334531188007,55043.54026973709,-0.0066292539293759,0.5999999994610146,0.19999999999980622,0.006981783533491438,0.0005003593557733345,89759.61896311177
2025-12-16,25916.80636641316,26079.79,1,-0.0035278177988679,-0.0035278177988679,-0.0035278177988679,0.0035278177988679,0.0062887236676684,0.5,2.0,0.002,-0.000236091100566,55030.544979735765,-0.0001850862456346,0.3999999994831635,0.19999999997785106,0.004650433197122321,-0.0016111271177017062,89615.00480692573
2025-12-17,25856.081075197817,25789.17,-1,-0.0023430854232888,-0.0023430854232888,-0.0023430854232888,-0.0023430854232888,-0.0025878274052134,0.2,2.0,0.002,-0.0024686170846577,54894.69563622076,0.0062887236676684,0.5999999994760549,0.19999999999289136,0.006969335529760095,-0.0016058512527385232,89471.09643919236
2025-12-18,25831.03197596404,25628.764,-1,-0.0009687894759041,-0.0009687894759041,-0.0009687894759041,0.0009687894759041,-0.0078304256737498,0.5,0.0,0.0,0.000484394737952,54921.28633792842,-0.0025878274052134,0.3999999995052666,0.19999999997078827,0.004642038819851325,-0.0005875157898531358,89418.53075729887
2025-12-19,25914.694257227704,25638.766,-1,0.0032388284502729,0.0032388284502729,0.0032388284502729,-0.0032388284502729,-0.0106475598164059,1.0,0.0,0.0,-0.0032388284502729,54743.40571321156,-0.0078304256737498,0.19999999950518169,0.20000000000008492,0.0023189391208115924,0.0004477656884518634,89458.56930728375
2025-12-22,26073.965406776548,25844.73,-1,0.0061459783383097,0.0061459783383097,0.0061459783383097,-0.0061459783383097,-0.0087917354802108,0.5,0.0,0.0,-0.0030729891691548,54575.17982037221,-0.0106475598164059,-4.963947583300314e-10,0.20000000000157644,6.356889434674327e-11,-0.00020000000305240786,89440.67759314923
2025-12-23,26137.7372339235,26048.613,-1,0.0024458047002846,0.0024458047002846,0.0024458047002846,-0.0024458047002846,-0.0034097914875289,0.2,0.0,0.0,-0.0004891609400569,54548.4837741075,-0.0087917354802108,-0.20000000049597122,0.19999999999957646,0.002398268767971717,-0.0006891609412695452,89379.03857159136
2025-12-24,26140.433330224216,26126.455,-1,0.0001031495678676,0.0001031495678676,0.0001031495678676,-0.0001031495678676,-0.0005347398050992,0.2,0.0,0.0,-2.0629913573522176e-05,54547.35844360168,-0.0034097914875289,-0.4000000002921657,0.19999999979619448,0.004792620468678758,-0.00024125982697337125,89357.47500021053
2025-12-26,26079.78407955549,26085.186,1,-0.0023201318012812,-0.0023201318012812,-0.0023201318012812,0.0023201318012812,0.0002071305662666,0.2,2.0,0.002,-0.0015359736397437,54463.57513891465,-0.0005347398050992,-0.4000000002768311,1.5334622460727587e-11,0.004788725586159521,0.0009280527211394299,89440.40344803863
2025-12-29,25994.690397260925,25957.445,-1,-0.0032628215799253,-0.0032628215799253,-0.0032628215799253,-0.0032628215799253,-0.0014328078808297,0.2,2.0,0.002,-0.002652564315985,54319.10700298021,0.0002071305662666,-0.20000000046934915,0.19999999980748193,0.0023924266885308847,0.0004525643177089806,89480.88098320071
2025-12-30,25960.178892388853,25975.361,1,-0.0013276366959811,-0.0013276366959811,-0.0013276366959811,0.0013276366959811,0.0005848229195215,0.2,2.0,0.002,-0.0017344726608037,54224.89199692426,-0.0014328078808297,-0.2000000004967716,2.7422453197090135e-11,0.0023905016562681966,0.0002655273398283298,89504.64060349368
2025-12-31,26064.886653884667,26028.072,-1,0.0040333990736294,0.0040333990736294,0.0040333990736294,0.0040333990736294,-0.0014124233254311,0.2,2.0,0.002,-0.0011933201852741,54160.18433876003,0.0005848229195215,-4.482657131731236e-08,0.1999999556702003,1.0263568619890892e-09,-0.00020000013647365154,89486.73966315796
2026-01-01,26115.35786025805,26180.564,1,0.0019363677672414,0.0019363677672414,0.0019363677672414,-0.0019363677672414,0.0024968503242752,0.2,2.0,0.002,-0.0023872735534482,54030.88916303824,-0.0014124233254311,-4.6229352460592346e-08,1.4027811432799863e-09,9.010149748063655e-10,-9.091980914841291e-11,89486.73965502184
2026-01-02,26247.11833159194,26125.5,-1,0.0050453251316306,0.0050453251316306,0.0050453251316306,0.0050453251316306,-0.0046335879640378,0.2,2.0,0.002,-0.0009909349736738,53977.34806530788,0.0024968503242752,0.19999995375247565,0.1999999999818281,0.0023007481519098,0.000809064793010495,89559.14022551801
2026-01-05,26249.085193648112,26169.87,-1,7.493630467636514e-05,7.493630467636514e-05,7.493630467636514e-05,-7.493630467636514e-05,-0.0030178268333435,0.2,0.0,0.0,-1.4987260935273028e-05,53976.53909270783,-0.0046335879640378,-4.606993901759835e-08,0.19999999982241468,9.369640809124323e-10,-0.00020000000327472566,89541.22839717964
2026-01-06,26205.58426882977,26191.316,-1,-0.0016572358425985,-0.0016572358425985,-0.0016572358425985,0.0016572358425985,-0.000544474364067,0.2,0.0,0.0,0.0003314471685197,53994.4294637566,-0.0030178268333435,-0.20000004590807702,0.199999999838138,0.002381040185301543,0.0001314472447620727,89552.99834494505
2026-01-07,26165.514487057226,26303.037,1,-0.0015290550808366,-0.0015290550808366,-0.0015290550808366,0.0015290550808366,0.0052558688655176,0.5,2.0,0.002,-0.0012354724595816,53927.7208331833,-0.000544474364067,-0.2000000455400217,3.680553084528526e-10,0.0023791798237569294,0.0003058110854324663,89580.38464457265
2026-01-08,25987.10978129128,26295.574,1,-0.0068183144594459,-0.0068183144594459,-0.0068183144594459,-0.0068183144594459,0.0118698932395625,1.0,0.0,0.0,-0.0068183144594459,53560.02467446145,0.0052558688655176,-4.5622974818202655e-08,0.1999999999170469,9.468719091803702e-10,-0.000199999688845258,89562.46859551712
2026-01-09,25799.34549317765,26096.414,1,-0.0072252855240103,-0.0072252855240103,-0.0072252855240103,-0.0072252855240103,0.0115145753174593,1.0,0.0,0.0,-0.0072252855240103,53173.03820351542,0.0118698932395625,0.1999999543796184,0.20000000000259321,0.0022910387538403756,-0.0016450567751843705,89415.13324975182
2026-01-12,25793.724169249417,25791.055,-1,-0.0002178862998567,-0.0002178862998567,-0.0002178862998567,-0.0002178862998567,-0.0001034813442177,0.2,2.0,0.002,-0.0020435772599713,53064.37499179912,0.0115145753174593,0.39999995438003993,0.20000000000042154,0.004578259215021432,-0.00028715451000313724,89389.45729097663
2026-01-13,25755.76242776161,25621.143,-1,-0.0014717433294516,-0.0014717433294516,-0.0014717433294516,0.0014717433294516,-0.0052267692769407,0.5,0.0,0.0,0.0007358716647258,53103.42356176198,-0.0001034813442177,0.19999995496161846,0.19999999941842148,0.002287230725639506,-0.0004943485990238039,89345.26773799733
2026-01-14,25700.0387414772,25632.59,-1,-0.00216354248649,-0.00216354248649,-0.00216354248649,0.00216354248649,-0.0026244606926738,0.2,0.0,0.0,0.000432708497298,53126.40186437276,-0.0052267692769407,-4.468850990344396e-08,0.19999999965012835,9.565788687561232e-10,-0.00019999990296463852,89327.39869311938
2026-01-16,25696.52266447155,25639.787,-1,-0.0001368121286127,-0.0001368121286127,-0.0001368121286127,0.0001368121286127,-0.0022079121448597,0.2,0.0,0.0,2.736242572254355e-05,53127.85553159768,-0.0026244606926738,-0.2000000446663365,0.1999999999778266,0.0023680863568688888,-0.00017263756814439005,89311.97742824034
2026-01-19,25627.90688430656,25623.268,-1,-0.0026702360105657,-0.0026702360105657,-0.0026702360105657,0.0026702360105657,-0.0001810090979143,0.2,0.0,0.0,0.0005340472021131,53156.2283141986,-0.0022079121448597,-0.40000004440034315,0.19999999973400664,0.004732301544386602,0.0008680945230516684,89389.50866668871
2026-01-20,25383.531990419408,25582.465,1,-0.0095354995236384,-0.0095354995236384,-0.0095354995236384,0.0095354995236384,0.0078370894033059,0.5,2.0,0.002,0.0027677497618192,53303.35145245443,-0.0001810090979143,-0.20000029539416941,0.19999974900617373,0.002364229365122696,0.001707102972452468,89542.10576263968
2026-01-21,25243.83653779541,25394.83,1,-0.0055033890743305,-0.0055033890743305,-0.0055033890743305,-0.0055033890743305,0.0059813991418664,0.5,0.0,0.0,-0.0027516945371652,53156.67691145011,0.0078370894033059,-2.953910110549015e-07,0.20000000000315835,3.724843821459079e-09,-0.00019999837435149545,89524.19748705113
2026-01-22,25272.30556449688,25092.059,-1,0.0011277614897735,0.0011277614897735,0.0011277614897735,0.0011277614897735,-0.0071321773170585,0.5,2.0,0.002,-0.0014361192551132,53080.33758419974,0.0059813991418664,0.19999970460819178,0.19999999999920284,0.0022924708544966527,2.5551964823991466e-05,89526.48500619622
2026-01-23,25134.079065284284,25011.37,-1,-0.0054694851191882,-0.0054694851191882,-0.0054694851191882,0.0054694851191882,-0.0048821786931423,0.2,0.0,0.0,0.0010938970238376,53138.4020075074,-0.0071321773170585,-2.953853997230112e-07,0.1999999999935915,3.745886925905182e-09,-0.00019999838438754328,89508.5798538351
2026-01-27,25159.61704880504,24876.746,-1,0.0010160699922374,0.0010160699922374,0.0010160699922374,-0.0010160699922374,-0.0112430585988778,1.0,0.0,0.0,-0.0010160699922374,53084.40967179212,-0.0048821786931423,-0.2000002953699726,0.19999999998457288,0.0023566356782891086,-0.00040321429854861865,89472.48871459524
2026-01-28,25272.799437103604,24931.447,-1,0.0044985735704565,0.0044985735704565,0.0044985735704565,-0.0044985735704565,-0.0135067125410118,1.0,0.0,0.0,-0.0044985735704565,52845.60554943932,-0.0112430585988778,-0.4000002953705923,0.20000000000061968,0.004709522614937226,-0.00199943075692956,89293.59466876024
2026-01-29,25363.0947921686,25064.686,-1,0.0035728275884003,0.0035728275884003,0.0035728275884003,-0.0035728275884003,-0.0117654724162737,1.0,0.0,0.0,-0.0035728275884003,52656.79731200655,-0.0135067125410118,-0.6000002953770424,0.20000000000645007,0.007058694861417663,-0.0023436976083778763,89084.31748449162
2026-01-30,25336.8627093825,25291.537,-1,-0.0010342619069576,-0.0010342619069576,-0.0010342619069576,0.0010342619069576,-0.0017889235104753,0.2,0.0,0.0,0.0002068523813915,52667.68949592699,-0.0117654724162737,-0.8000002953772407,0.20000000000019835,0.009404181957073463,0.0006274098310633099,89140.20986107495
2026-02-02,25183.30455146676,25238.564,1,-0.0060606618774028,-0.0060606618774028,-0.0060606618774028,0.0060606618774028,0.0021942890147839,0.2,2.0,0.002,-0.0007878676245194,52626.19432851491,-0.0017889235104753,-0.8000002954175982,4.035749512354414e-11,0.009396812234913218,0.004848531292308058,89572.40895798928
2026-02-03,25519.66721972179,25184.434,-1,0.0133565738986958,0.0133565738986958,0.0133565738986958,0.0133565738986958,-0.0131362692481631,1.0,2.0,0.002,0.0113565738986958,53223.84759341382,0.0021942890147839,-0.6000002954481392,0.19999999996945905,0.007042112537990938,-0.008213948285361842,88836.66582301307
2026-02-04,25671.328915774146,25488.686,-1,0.0059429339241208,0.0059429339241208,0.0059429339241208,-0.0059429339241208,-0.0071146654064299,0.5,0.0,0.0,-0.0029714669620604,53065.694688696254,-0.0131362692481631,-0.8000002954509459,0.2000000000028067,0.009593501676269905,-0.004954348895144896,88396.53798584446
2026-02-05,25653.522786042693,25566.654,-1,-0.0006936193209893,-0.0006936193209893,-0.0006936193209893,0.0006936193209893,-0.0033862322444836,0.2,0.0,0.0,0.0001387238641978,53073.05616691982,-0.0071146654064299,-1.0000000000058515,0.19999970455490568,0.01198281132852307,0.000493619616438453,88440.17225101954
2026-02-06,25678.389013685017,25687.07,1,0.0009693104471348,0.0009693104471348,0.0009693104471348,-0.0009693104471348,0.0003380658463564,0.2,2.0,0.002,-0.0021938620894269,52956.62120102519,-0.0033862322444836,-0.9999999999318525,7.399902912652578e-11,0.011973798277885027,-0.000969310447142743,88354.4462681095
2026-02-09,25795.167476384067,25696.22,-1,0.0045477332178749,0.0045477332178749,0.0045477332178749,0.0045477332178749,-0.0038358919931283,0.2,2.0,0.002,-0.001090453356425,52898.874475691606,0.0003380658463564,-0.800000000371502,0.19999999956035053,0.009571866616438517,-0.0038381865755497627,88015.32541855311
2026-02-10,25881.68433130007,25852.172,-1,0.0033539946966893,0.0033539946966893,0.0033539946966893,-0.0033539946966893,-0.0011402786202898,0.2,0.0,0.0,-0.0006707989393378,52863.38996680114,-0.0038358919931283,-0.9999999995607477,0.19999999918924571,0.011955915889340293,-0.003553994694405296,87702.51941898922
2026-02-11,25926.28512573208,26049.748,1,0.0017232570284488,0.0017232570284488,0.0017232570284488,-0.0017232570284488,0.0047620734582364,0.2,2.0,0.002,-0.0023446514056897,52739.44374520596,-0.0011402786202898,-0.9999999992355018,3.2524594129057505e-10,0.011947045272404061,-0.0017232570274566188,87551.38543607481
2026-02-12,25852.68593953879,26159.092,1,-0.0028387864222105,-0.0028387864222105,-0.0028387864222105,-0.0028387864222105,0.0118520010329988,1.0,0.0,0.0,-0.0028387864222105,52589.72772838712,0.0047620734582364,-0.7999999992369937,0.19999999999850804,0.009550577181658467,0.00207102913560388,87732.7069061754
2026-02-13,25616.85259536976,26066.807,1,-0.009122198935947,-0.009122198935947,-0.009122198935947,-0.009122198935947,0.0175647809564072,1.0,0.0,0.0,-0.009122198935947,52109.99377006149,0.0118520010329988,-0.599999999235934,0.20000000000105977,0.007157666657441171,0.005273319354597178,88195.34948753493
2026-02-16,25657.579431768183,25861.727,1,0.0015898454443925,0.0015898454443925,0.0015898454443925,0.0015898454443925,0.0079566183854057,0.5,0.0,0.0,0.0007949227221962,52151.41718816283,0.0175647809564072,-0.39999999921534685,0.2000000000205871,0.004768006863812665,-0.0008359381765301098,88121.62362790588
2026-02-17,25699.495089576376,25811.256,1,0.0016336559697558,0.0016336559697558,0.0016336559697558,0.0016336559697558,0.0043487589944502,0.2,0.0,0.0,0.0003267311939511,52168.45668296697,0.0079566183854057,-0.1999999992151616,0.20000000000018525,0.0023821276884340415,-0.0005267311926691893,88075.2072199924
2026-02-18,25773.56925653915,25841.416,1,0.0028823199329242,0.0028823199329242,0.0028823199329242,0.0028823199329242,0.0026324155100728,0.2,0.0,0.0,0.0005764639865848,52198.52991948041,0.0043487589944502,7.826269840722845e-10,0.19999999999778859,1.4868529074883062e-10,-0.00019999999774200723,88057.59217874728
2026-02-19,25576.280664706435,25898.273,1,-0.0076546864684898,-0.0076546864684898,-0.0076546864684898,-0.0076546864684898,0.0125894902200496,1.0,0.0,0.0,-0.0076546864684898,51798.96653883069,0.0026324155100728,0.20000000076014504,0.19999999997751805,0.0022698812739444943,-0.00173093729949415,87905.17000794144
2026-02-20,25573.171542931832,25769.432,1,-0.0001215627016047,-0.0001215627016047,-0.0001215627016047,-0.0001215627016047,0.007674466842671,0.5,0.0,0.0,-6.078135080239688e-05,51795.81812767428,0.0125894902200496,0.4000000007680038,0.20000000000785875,0.004536321800222781,-0.00024862508074309937,87883.31457795048
2026-02-23,25659.590281994493,25772.514,1,0.0033792734279196,0.0033792734279196,0.0033792734279196,0.0033792734279196,0.0044008387025861,0.2,0.0,0.0,0.0006758546855839,51830.824574049526,0.007674466842671,0.6000000007671868,0.19999999999918305,0.006799347554854112,0.0018275640593451111,88043.92696508927
2026-02-24,25514.38944381492,25667.186,1,-0.005658735645575,-0.005658735645575,-0.005658735645575,-0.005658735645575,0.0059886424686569,0.5,0.0,0.0,-0.0028293678227875,51684.17610677116,0.0044008387025861,0.8000000006652414,0.1999999998980545,0.009058986104375503,-0.0047269885201224795,87627.7443330588
2026-02-25,25494.68068365497,25582.799,1,-0.0007724566642423,-0.0007724566642423,-0.0007724566642423,-0.0007724566642423,0.0034563412438236,0.2,0.0,0.0,-0.0001544913328484,51676.191349517256,0.0059886424686569,0.9999999999159225,0.19999999925068113,0.011315262786406514,-0.000972456663428035,87542.53014918094
2026-02-26,25495.83646753098,25475.172,-1,4.533431464981419e-05,4.533431464981419e-05,4.533431464981419e-05,4.533431464981419e-05,-0.0008105036113365,0.2,2.0,0.002,-0.00199093313707,51573.307507761936,0.0034563412438236,0.9999999999798701,6.394762497308193e-11,0.011306836258934201,4.533431458495399e-05,87546.4988297823
2026-02-27,25299.804691244844,25447.4,1,-0.0076887760295992,-0.0076887760295992,-0.0076887760295992,0.0076887760295992,0.0058338517058289,0.5,2.0,0.002,0.0018443880147996,51668.42869801282,-0.0008105036113365,0.800000000017068,0.19999999996280216,0.009038762557036114,-0.006351020823773394,86990.4891926659
2026-03-02,25031.5127545407,25330.69,1,-0.0106045062394093,-0.0106045062394093,-0.0106045062394093,-0.0106045062394093,0.0119520241702142,1.0,0.0,0.0,-0.0106045062394093,51120.51052350427,0.0058338517058289,0.9999999998865375,0.1999999998694696,0.011290113381560406,-0.010804506238075556,86050.59990953049
2026-03-04,24690.96814399984,25016.346,1,-0.0136046356398931,-0.0136046356398931,-0.0136046356398931,-0.0136046356398931,0.0131780112510182,1.0,0.0,0.0,-0.0136046356398931,50425.03460410668,0.0119520241702142,1.0000000000013554,1.1481782191680168e-10,0.011410276072890763,-0.013604635640026357,84879.91285115565
2026-03-05,24735.05376859525,24747.803,1,0.0017854959893959,0.0017854959893959,0.0017854959893959,0.0017854959893959,0.0005154317239017,0.2,0.0,0.0,0.0003570991978791,50443.04134351684,0.0131780112510182,1.000000000000247,1.1084466677857563e-12,0.011675346538952509,0.0017854959893952324,85031.46559513161
2026-03-06,24557.199403545023,24734.945,1,-0.0071903771349808,-0.0071903771349808,-0.0071903771349808,-0.0071903771349808,0.007238023910386,0.5,0.0,0.0,-0.0035951885674904,50261.68909796917,0.0005154317239017,0.999999999961962,3.82849307811739e-11,0.011666954944767785,-0.007190377134745578,84420.05728918247
2026-03-09,24229.637544031622,24656.908,1,-0.0133387302896645,-0.0133387302896645,-0.0133387302896645,-0.0133387302896645,0.0176342074945163,1.0,0.0,0.0,-0.0133387302896645,49591.26198318839,0.007238023910386,0.9999999999832352,2.127320541944755e-11,0.01165860623585498,-0.013338730289462152,83294.00091398112
2026-03-10,24248.810849067817,24490.607,1,0.0007913162135153,0.0007913162135153,0.0007913162135153,0.0007913162135153,0.0099714642683799,0.5,0.0,0.0,0.0003956581067576,49610.88316801639,0.0176342074945163,1.0000000000019427,1.8707480009538813e-11,0.011899037725499665,0.0007913162134981298,83359.91280739146
2026-03-11,24011.10494812789,24220.479,1,-0.0098027858940994,-0.0098027858940994,-0.0098027858940994,-0.0098027858940994,0.0087198840838199,0.5,0.0,0.0,-0.0049013929470497,49367.72073515976,0.0099714642683799,0.9999999999994577,2.485012196018488e-12,0.011890708314353234,-0.009802785894096569,82542.75342999006
2026-03-12,23780.99164301345,24061.496,1,-0.0095836199796536,-0.0095836199796536,-0.0095836199796536,-0.0095836199796536,0.0117953179243876,1.0,0.0,0.0,-0.0095836199796536,48894.59926037232,0.0087198840838199,0.9999999999986793,7.783773625646973e-13,0.011941749881612172,-0.009583619979641722,81751.69504904376
2026-03-13,23391.639465344306,23991.547,1,-0.0163724113575193,-0.0163724113575193,-0.0163724113575193,-0.0163724113575193,0.0256462372184079,1.0,0.0,0.0,-0.0163724113575193,48094.076768120445,0.0117953179243876,0.9999999999975078,1.1715073355844652e-12,0.011968244220897636,-0.016372411357479667,80413.22266852958
