Date,Actual_Close,Predicted_Close,Signal,Market_Return,Stop_Loss_Return,Protected_Return,Strategy_Return,Prediction_Change,Position_Size,Trade,Transaction_Cost,Net_Return,Portfolio_Value,Expected_Return,WF_CVaR_Position,WF_CVaR_Turnover,WF_CVaR_Limit,WF_CVaR_Value,WF_CVaR_Net_Return,WF_CVaR_Portfolio_Value
2024-08-02,24814.001476001897,25110.24,1,,,,,0.0119383616658765,1.0,,,0.0,100000.0,,0.0,0.0,,0.0,0.0,100000.0
2024-08-05,24345.283345295105,24949.012,1,-0.0188892602090032,-0.0188892602090032,-0.0188892602090032,-0.0188892602090032,0.0247985881347964,1.0,0.0,0.0,-0.0188892602090032,98111.07397909967,0.0119383616658765,0.0,0.0,,,-0.0,100000.0
2024-08-06,24173.14558488854,24495.863,1,-0.0070706821508336,-0.0070706821508336,-0.0070706821508336,-0.0070706821508336,0.0133502449641142,1.0,0.0,0.0,-0.0070706821508336,97417.36175951654,0.0247985881347964,0.0,0.0,,,-0.0,100000.0
2024-08-07,24245.496922854287,24248.379,1,0.0029930460523506,0.0029930460523506,0.0029930460523506,0.0029930460523506,0.0001188706156398,0.2,0.0,0.0,0.0005986092104701,97475.6766895255,0.0133502449641142,0.0,0.0,,,0.0,100000.0
2024-08-08,24163.47915263329,24236.637,1,-0.0033828042577129,-0.0033828042577129,-0.0033828042577129,-0.0033828042577129,0.0030276206048224,0.2,0.0,0.0,-0.0006765608515425,97409.72846269974,0.0001188706156398,0.0,0.0,,,-0.0,100000.0
2024-08-09,24290.16916573681,24374.064,1,0.0052430369113347,0.0052430369113347,0.0052430369113347,0.0052430369113347,0.0034538596125352,0.2,0.0,0.0,0.0010486073822669,97511.87302307034,0.0030276206048224,0.0,0.0,,,0.0,100000.0
2024-08-12,24325.31683666219,24420.643,1,0.0014469916074095,0.0014469916074095,0.0014469916074095,0.0014469916074095,0.0039188045926759,0.2,0.0,0.0,0.0002893983214819,97540.09279544778,0.0034538596125352,0.0,0.0,,,0.0,100000.0
2024-08-13,24210.1550854523,24395.643,1,-0.0047342343774253,-0.0047342343774253,-0.0047342343774253,-0.0047342343774253,0.0076615748182116,0.5,0.0,0.0,-0.0023671171887126,97309.20396520304,0.0039188045926759,0.0,0.0,,,-0.0,100000.0
2024-08-14,24169.11388173704,24376.787,1,-0.001695206146776,-0.001695206146776,-0.001695206146776,-0.001695206146776,0.0085925002993131,0.5,0.0,0.0,-0.000847603073388,97226.7243848532,0.0076615748182116,0.0,0.0,,,-0.0,100000.0
2024-08-16,24399.04558289426,24285.959,-1,0.0095134518494268,0.0095134518494268,0.0095134518494268,0.0095134518494268,-0.0046348773155924,0.2,2.0,0.002,-9.730963011462634e-05,97217.26328826604,0.0085925002993131,0.0,0.0,,,0.0,100000.0
2024-08-19,24506.33928828757,24319.033,-1,0.004397455016377,0.004397455016377,0.004397455016377,-0.004397455016377,-0.0076431769789905,0.5,0.0,0.0,-0.0021987275081885,97003.50901720334,-0.0046348773155924,0.0,0.0,,,0.0,100000.0
2024-08-20,24625.31721534164,24466.695,-1,0.0048549857102049,0.0048549857102049,0.0048549857102049,-0.0048549857102049,-0.0064414283054522,0.5,0.0,0.0,-0.0024274928551024,96768.0336921442,-0.0076431769789905,0.0,0.0,,,0.0,100000.0
2024-08-21,24714.85921840317,24623.883,-1,0.0036361766339294,0.0036361766339294,0.0036361766339294,-0.0036361766339294,-0.0036810332439775,0.2,0.0,0.0,-0.0007272353267858,96697.66055953968,-0.0064414283054522,0.0,0.0,,,0.0,100000.0
2024-08-22,24774.58650618746,24701.877,-1,0.0024166549870459,0.0024166549870459,0.0024166549870459,-0.0024166549870459,-0.0029348423703984,0.2,0.0,0.0,-0.0004833309974091,96650.92358281431,-0.0036810332439775,0.0,0.0,,,0.0,100000.0
2024-08-23,24804.600637399843,24766.34,-1,0.0012114886843777,0.0012114886843777,0.0012114886843777,-0.0012114886843777,-0.0015424814920081,0.2,0.0,0.0,-0.0002422977368755,96627.50528276326,-0.0029348423703984,0.0,0.0,,,0.0,100000.0
2024-08-26,24931.91500373066,24869.375,-1,0.0051326916402296,0.0051326916402296,0.0051326916402296,-0.0051326916402296,-0.0025084316115028,0.2,0.0,0.0,-0.0010265383280459,96528.31344504704,-0.0015424814920081,0.0,0.0,,,0.0,100000.0
2024-08-27,24984.963948849498,25140.357,1,0.0021277525256644,0.0021277525256644,0.0021277525256644,-0.0021277525256644,0.0062194626923869,0.5,2.0,0.002,-0.0030638762628322,96232.56263679152,-0.0025084316115028,0.0,0.0,,,0.0,100000.0
2024-08-28,25026.610577408635,25241.904,1,0.0016668676666653,0.0016668676666653,0.0016668676666653,0.0016668676666653,0.008602580118688,0.5,0.0,0.0,0.0008334338333326,96312.76611036134,0.0062194626923869,0.0,0.0,,,0.0,100000.0
2024-08-29,25104.07411786134,25154.23,1,0.0030952469657488,0.0030952469657488,0.0030952469657488,0.0030952469657488,0.001997918023313,0.2,0.0,0.0,0.0006190493931497,96372.38846977452,0.008602580118688,0.0,0.0,,,0.0,100000.0
2024-08-30,25185.547235039496,25138.773,-1,0.003245414142567,0.003245414142567,0.003245414142567,0.003245414142567,-0.0018571855756391,0.2,2.0,0.002,-0.0013509171714865,96242.19735533354,0.001997918023313,0.0,0.0,,,0.0,100000.0
2024-09-02,25243.11832709207,25257.018,1,0.002285878147308,0.002285878147308,0.002285878147308,-0.002285878147308,0.0005506321654806,0.2,2.0,0.002,-0.0024571756294616,96005.71337346618,-0.0018571855756391,0.0,0.0,,,0.0,100000.0
2024-09-03,25265.81950799328,25364.2,1,0.0008993017664085,0.0008993017664085,0.0008993017664085,0.0008993017664085,0.0038938175734056,0.2,0.0,0.0,0.0001798603532817,96022.9809949906,0.0005506321654806,0.0,0.0,,,0.0,100000.0
2024-09-04,25224.33688790621,25475.77,1,-0.0016418474007521,-0.0016418474007521,-0.0016418474007521,-0.0016418474007521,0.0099678779747958,0.5,0.0,0.0,-0.000820923700376,95944.15345411104,0.0038938175734056,0.0,0.0,,,-0.0,100000.0
2024-09-05,25175.36555659788,25483.469,1,-0.0019414318610615,-0.0019414318610615,-0.0019414318610615,-0.0019414318610615,0.0122382907493223,1.0,0.0,0.0,-0.0019414318610615,95757.88441771266,0.0099678779747958,0.0,0.0,,,-0.0,100000.0
2024-09-06,24975.607598347204,25344.055,1,-0.0079346596895124,-0.0079346596895124,-0.0079346596895124,-0.0079346596895124,0.0147522898172526,1.0,0.0,0.0,-0.0079346596895124,94998.07819227043,0.0122382907493223,0.0,0.0,,,-0.0,100000.0
2024-09-09,24951.376211370905,25060.188,1,-0.0009702021014256,-0.0009702021014256,-0.0009702021014256,-0.0009702021014256,0.0043609533881944,0.2,0.0,0.0,-0.0001940404202851,94979.64472525174,0.0147522898172526,0.0,0.0,,,-0.0,100000.0
2024-09-10,25006.828320923567,25054.145,1,0.0022224068557545,0.0022224068557545,0.0022224068557545,0.0022224068557545,0.001892150354663,0.2,0.0,0.0,0.0004444813711509,95021.86140797065,0.0043609533881944,0.0,0.0,,,0.0,100000.0
2024-09-11,24952.2070318851,25105.73,1,-0.0021842549697821,-0.0021842549697821,-0.0021842549697821,-0.0021842549697821,0.006152680919917,0.5,0.0,0.0,-0.001092127484891,94918.08542146148,0.001892150354663,0.0,0.0,,,-0.0,100000.0
2024-09-12,25222.09837024771,25130.023,-1,0.0108163313176157,0.0108163313176157,0.0108163313176157,0.0108163313176157,-0.0036505832661536,0.2,2.0,0.002,0.0001632662635231,94933.582342609,0.006152680919917,0.0,0.0,,,0.0,100000.0
2024-09-13,25305.163145578004,25265.652,-1,0.0032933332552647,0.0032933332552647,0.0032933332552647,-0.0032933332552647,-0.0015613867158533,0.2,0.0,0.0,-0.0006586666510529,94871.05275785494,-0.0036505832661536,0.0,0.0,,,0.0,100000.0
2024-09-16,25353.732492679737,25315.49,-1,0.0019193453455454,0.0019193453455454,0.0019193453455454,-0.0019193453455454,-0.0015083575047885,0.2,0.0,0.0,-0.000383869069109,94834.63469514735,-0.0015613867158533,0.0,0.0,,,0.0,100000.0
2024-09-17,25393.79239810876,25430.748,1,0.0015800397610328,0.0015800397610328,0.0015800397610328,-0.0015800397610328,0.0014553006227613,0.2,2.0,0.002,-0.0023160079522065,94614.9969270488,-0.0015083575047885,0.0,0.0,,,0.0,100000.0
2024-09-18,25383.754526857792,25442.355,1,-0.0003952883875554,-0.0003952883875554,-0.0003952883875554,-0.0003952883875554,0.0023085817773806,0.2,0.0,0.0,-7.905767751108517e-05,94607.51688513404,0.0014553006227613,0.0,0.0,,,-0.0,100000.0
2024-09-19,25403.56020128431,25449.85,1,0.0007802499983033,0.0007802499983033,0.0007802499983033,0.0007802499983033,0.0018221776140397,0.2,0.0,0.0,0.0001560499996606,94622.28038811186,0.0023085817773806,0.0,0.0,,,0.0,100000.0
2024-09-20,25642.97978094653,25446.295,-1,0.0094246466938172,0.0094246466938172,0.0094246466938172,0.0094246466938172,-0.0076701219057496,0.5,2.0,0.002,0.0027123233469086,94878.92660834629,0.0018221776140397,0.0,0.0,,,0.0,100000.0
2024-09-23,25825.961722217253,25625.652,-1,0.0071357518835108,0.0071357518835108,0.0071357518835108,-0.0071357518835108,-0.0077561379658103,0.5,0.0,0.0,-0.0035678759417554,94540.41036872075,-0.0076701219057496,0.0,0.0,,,0.0,100000.0
2024-09-24,25896.68870892052,25818.355,-1,0.0027386003070863,0.0027386003070863,0.0027386003070863,-0.0027386003070863,-0.003024854250711,0.2,0.0,0.0,-0.0005477200614172,94488.6286893472,-0.0077561379658103,0.0,0.0,,,0.0,100000.0
2024-09-25,25963.103680702112,25957.293,-1,0.0025646125081124,0.0025646125081124,0.0025646125081124,-0.0025646125081124,-0.0002238053190239,0.2,0.0,0.0,-0.0005129225016224,94440.163345545,-0.003024854250711,0.0,0.0,,,0.0,100000.0
2024-09-26,26119.43358619644,26054.666,-1,0.006021233340085,0.006021233340085,0.006021233340085,-0.006021233340085,-0.0024796703949455,0.2,0.0,0.0,-0.001204246668017,94326.43409350912,-0.0002238053190239,0.0,0.0,,,0.0,100000.0
2024-09-27,26156.21626997649,26273.33,1,0.0014082496719793,0.0014082496719793,0.0014082496719793,-0.0014082496719793,0.004477472154791,0.2,2.0,0.002,-0.0022816499343958,94111.21419134788,-0.0024796703949455,0.0,0.0,,,0.0,100000.0
2024-09-30,25942.76793514372,26319.725,1,-0.0081605203378661,-0.0081605203378661,-0.0081605203378661,-0.0081605203378661,0.014530333301314,1.0,0.0,0.0,-0.0081605203378661,93343.21771391811,0.004477472154791,0.0,0.0,,,-0.0,100000.0
2024-10-01,25852.616834775665,26112.436,1,-0.0034749992982024,-0.0034749992982024,-0.0034749992982024,-0.0034749992982024,0.0100500141585218,1.0,0.0,0.0,-0.0034749992982024,93018.8500978703,0.014530333301314,0.0,0.0,,,-0.0,100000.0
2024-10-03,25480.240710670776,25996.26,1,-0.014403807803471,-0.014403807803471,-0.014403807803471,-0.014403807803471,0.020251743112973,1.0,0.0,0.0,-0.014403807803471,91679.02445896067,0.0100500141585218,0.0,0.0,,,-0.0,100000.0
2024-10-04,25218.07712591369,25684.193,1,-0.0102888974925302,-0.0102888974925302,-0.0102888974925302,-0.0102888974925302,0.0184834026701955,1.0,0.0,0.0,-0.0102888974925302,90735.74837408726,0.020251743112973,0.0,0.0,,,-0.0,100000.0
2024-10-07,24971.67180173053,25438.014,1,-0.0097709798789519,-0.0097709798789519,-0.0097709798789519,-0.0097709798789519,0.0186748489236973,1.0,0.0,0.0,-0.0097709798789519,89849.17120242241,0.0184834026701955,0.0,0.0,,,-0.0,100000.0
2024-10-08,24997.367108675327,25136.62,1,0.0010289782417778,0.0010289782417778,0.0010289782417778,0.0010289782417778,0.0055707023351408,0.5,0.0,0.0,0.0005144891208889,89895.39762352695,0.0186748489236973,0.0,0.0,,,0.0,100000.0
2024-10-09,24987.76489026193,25159.414,1,-0.0003841291913525,-0.0003841291913525,-0.0003841291913525,-0.0003841291913525,0.0068693262679514,0.5,0.0,0.0,-0.0001920645956762,89878.13190032923,0.0055707023351408,0.0,0.0,,,-0.0,100000.0
2024-10-10,24994.375579904685,25079.605,1,0.0002645570610972,0.0002645570610972,0.0002645570610972,0.0002645570610972,0.0034099439621063,0.2,0.0,0.0,5.29114122194585e-05,89882.88747921571,0.0068693262679514,0.0,0.0,,,0.0,100000.0
2024-10-11,24975.753899500563,25074.934,1,-0.00074503483172,-0.00074503483172,-0.00074503483172,-0.00074503483172,0.0039710553242367,0.2,0.0,0.0,-0.000149006966344,89869.49430282619,0.0034099439621063,0.0,0.0,,,-0.0,100000.0
2024-10-14,25069.81802632993,24902.783,-1,0.0037662177169053,0.0037662177169053,0.0037662177169053,0.0037662177169053,-0.0066627937288774,0.5,2.0,0.002,-0.0001168911415473,89858.98935504684,0.0039710553242367,0.0,0.0,,,0.0,100000.0
2024-10-15,25062.11209401345,24919.715,-1,-0.0003073788692198,-0.0003073788692198,-0.0003073788692198,0.0003073788692198,-0.0056817675014494,0.5,0.0,0.0,0.0001536894346099,89872.79973231544,-0.0066627937288774,0.0,0.0,,,-0.0,100000.0
2024-10-16,25005.98758762873,24944.074,-1,-0.002239416461557,-0.002239416461557,-0.002239416461557,0.002239416461557,-0.0024759505063243,0.2,0.0,0.0,0.0004478832923114,89913.05225774879,-0.0056817675014494,0.0,0.0,,,-0.0,100000.0
2024-10-17,24847.68559951617,24927.771,1,-0.0063305633323946,-0.0063305633323946,-0.0063305633323946,0.0063305633323946,0.0032230527130216,0.2,2.0,0.002,-0.000733887333521,89847.06620757861,-0.0024759505063243,0.0,0.0,,,-0.0,100000.0
2024-10-18,24851.619498214823,24708.947,-1,0.000158320527797,0.000158320527797,0.000158320527797,0.000158320527797,-0.0057409738719471,0.5,2.0,0.002,-0.0019208397361014,89674.48439263496,0.0032230527130216,0.0,0.0,,,0.0,100000.0
2024-10-21,24808.03580996013,24674.865,-1,-0.0017537564607338,-0.0017537564607338,-0.0017537564607338,0.0017537564607338,-0.0053680513435352,0.5,0.0,0.0,0.0008768782303669,89753.11799581825,-0.0057409738719471,0.0,0.0,,,-0.0,100000.0
2024-10-22,24600.4158198992,24679.69,1,-0.0083690620108494,-0.0083690620108494,-0.0083690620108494,0.0083690620108494,0.0032224731761108,0.2,2.0,0.002,-0.0003261875978301,89723.84164186142,-0.0053680513435352,0.0,0.0,,,-0.0,100000.0
2024-10-23,24498.492237915507,24665.168,1,-0.0041431650070422,-0.0041431650070422,-0.0041431650070422,-0.0041431650070422,0.0068035110269576,0.5,0.0,0.0,-0.0020715825035211,89537.97130136745,0.0032224731761108,0.0,0.0,,,-0.0,100000.0
2024-10-24,24437.25010828166,24498.33,1,-0.0024998326035373,-0.0024998326035373,-0.0024998326035373,-0.0024998326035373,0.002499458468023,0.2,0.0,0.0,-0.0004999665207074,89493.2053133847,0.0068035110269576,0.0,0.0,,,-0.0,100000.0
2024-10-25,24278.755707783945,24412.598,1,-0.00648577069005,-0.00648577069005,-0.00648577069005,-0.00648577069005,0.0055127327704502,0.5,0.0,0.0,-0.003242885345025,89202.9891093946,0.002499458468023,0.0,0.0,,,-0.0,100000.0
2024-10-28,24316.08167451949,24377.883,1,0.0015373920799235,0.0015373920799235,0.0015373920799235,0.0015373920799235,0.0025415824106756,0.2,0.0,0.0,0.0003074784159847,89230.41710318705,0.0055127327704502,0.0,0.0,,,0.0,100000.0
2024-10-29,24409.261382673827,24292.506,-1,0.0038320198707006,0.0038320198707006,0.0038320198707006,0.0038320198707006,-0.0047832411166976,0.2,2.0,0.002,-0.0012335960258598,89120.34281526276,0.0025415824106756,0.0,0.0,,,0.0,100000.0
2024-10-30,24366.980581544496,24367.129,1,-0.0017321622504866,-0.0017321622504866,-0.0017321622504866,0.0017321622504866,6.090966215860854e-06,0.2,2.0,0.002,-0.0016535675499026,88972.97630834724,-0.0047832411166976,-0.1999999998947656,0.1999999998947656,0.014527321835001467,0.007514985141608278,0.00014643245002027134,100014.64324500202
2024-10-31,24267.08714710906,24358.168,1,-0.0040995409382438,-0.0040995409382438,-0.0040995409382438,-0.0040995409382438,0.0037532668152053,0.2,0.0,0.0,-0.0008199081876487,88900.02663659255,6.090966215860854e-06,-0.19999999990159523,6.829620202708497e-12,0.013338236345989074,0.006681462656866756,0.000819908187238516,100096.64606984232
2024-11-01,24290.11661529392,24292.49,1,0.0009490001022887,0.0009490001022887,0.0009490001022887,0.0009490001022887,9.770989343824924e-05,0.2,0.0,0.0,0.0001898000204577,88916.89986346685,0.0037532668152053,-5.026610878876687e-10,0.19999999939893415,0.013338236345989074,0.006649492391517327,-0.00019999999987595958,100076.62674064077
2024-11-04,24107.94058687399,24140.484,1,-0.0075000063320085,-0.0075000063320085,-0.0075000063320085,-0.0075000063320085,0.001349904319232,0.2,0.0,0.0,-0.0015000012664017,88783.52440106714,9.770989343824924e-05,7.619071528689181e-09,8.12173261657685e-09,0.013338236345989074,0.006680273157610852,-6.526481732577138e-11,100076.62673410929
2024-11-05,24173.056768059658,24131.156,-1,0.0027010262843074,0.0027010262843074,0.0027010262843074,0.0027010262843074,-0.0017333665519299,0.2,2.0,0.002,-0.0014597947431385,88653.91867886916,0.001349904319232,0.20000000448843888,0.19999999686936734,0.013338236345989074,0.006012682580307815,0.0003402052721155041,100110.67333013976
2024-11-06,24365.261638509022,24200.74,-1,0.0079512025431276,0.0079512025431276,0.0079512025431276,-0.0079512025431276,-0.0067523033797017,0.5,0.0,0.0,-0.0039756012715638,88301.46604704033,-0.0017333665519299,4.542596909284092e-09,0.19999999994584197,0.013338236345989074,0.005765612925606975,-0.00019999996382673389,100090.65119909508
2024-11-07,24262.722365361733,24408.21,1,-0.0042084207700534,-0.0042084207700534,-0.0042084207700534,0.0042084207700534,0.0059963442043902,0.5,2.0,0.002,0.0001042103850267,88310.66797681553,-0.0067523033797017,-0.19999999539539304,0.19999999993798995,0.013338236345989074,0.0065904495394486905,0.0006416841346945665,100154.87778200078
2024-11-08,24191.943168257098,24378.404,1,-0.0029171993166637,-0.0029171993166637,-0.0029171993166637,-0.0029171993166637,0.0077075591012284,0.5,0.0,0.0,-0.0014585996583318,88181.8580666775,0.0059963442043902,4.420651166275123e-09,0.19999999981604422,0.013338236345989074,0.006422613259649048,-0.00020000001271196476,100134.84680517121
2024-11-11,24160.64445181528,24276.62,1,-0.0012937661197421,-0.0012937661197421,-0.0012937661197421,-0.0012937661197421,0.0048001843831614,0.2,0.0,0.0,-0.0002587532239484,88159.04072660898,0.0077075591012284,0.20000000433520243,0.19999999991455125,0.013338236345989074,0.006569319543018742,-0.00045875322947170927,100088.90962081669
2024-11-12,23989.32837626149,24230.898,1,-0.0070907080270748,-0.0070907080270748,-0.0070907080270748,-0.0070907080270748,0.0100698785705712,1.0,0.0,0.0,-0.0070907080270748,87533.93070886958,0.0048001843831614,0.4000000042223391,0.19999999988713668,0.013338236345989074,0.007133595890021331,-0.003036283240656431,99785.01134195943
2024-11-13,23723.402197946827,24206.117,1,-0.0110851864689053,-0.0110851864689053,-0.0110851864689053,-0.0110851864689053,0.0203476212233567,1.0,0.0,0.0,-0.0110851864689053,86563.60076460552,0.0100698785705712,0.6000000041422177,0.19999999991987855,0.013338236345989074,0.008901013332806223,-0.006851111927180314,99101.3730606007
2024-11-14,23605.54127504732,23961.53,1,-0.0049681290194417,-0.0049681290194417,-0.0049681290194417,-0.0049681290194417,0.0150807270549218,1.0,0.0,0.0,-0.0049681290194417,86133.54162761952,0.0203476212233567,0.8000000041262494,0.19999999998403173,0.013666787993477425,0.011364919569258104,-0.00417450323603713,98687.67405806351
2024-11-18,23511.760492410885,23746.768,1,-0.0039728291566678,-0.0039728291566678,-0.0039728291566678,-0.0039728291566678,0.009995317350437,0.5,0.0,0.0,-0.0019864145783339,85962.44470484687,0.0150807270549218,0.9732717623449476,0.17327175821869822,0.013666787993477425,0.013666788329466776,-0.0040399141930241595,98288.98432295978
2024-11-19,23515.9257371684,23637.018,1,0.0001771558007686,0.0001771558007686,0.0001771558007686,0.0001771558007686,0.0051493725650021,0.5,0.0,0.0,8.857790038430124e-05,85970.05907771074,0.009995317350437,0.9768483797141262,0.0035766173691785808,0.013666787993477425,0.013666788037550996,0.0001694777395685869,98305.64211784734
2024-11-21,23413.3164300106,23574.213,1,-0.004363396461812,-0.004363396461812,-0.004363396461812,-0.004363396461812,0.0068720110826831,0.5,0.0,0.0,-0.002181698230906,85782.49835191,0.0051493725650021,0.9803536721488145,0.003505292434688334,0.013666787993477425,0.01366678801439094,-0.0042811770368132275,97884.77826022323
2024-11-22,23718.58416444862,23500.75,-1,0.0130382099157355,0.0130382099157355,0.0130382099157355,0.0130382099157355,-0.0091841133070298,0.5,2.0,0.002,0.0045191049578677,86170.15846551041,0.0068720110826831,0.9837898393860685,0.0034361672372539287,0.013666787993477425,0.013666789553205593,0.012823422271646017,99139.99610582052
2024-11-25,24028.70858897188,23825.674,-1,0.0130751659699863,0.0130751659699863,0.0130751659699863,-0.0130751659699863,-0.0084496671229789,0.5,0.0,0.0,-0.0065375829849931,85606.81390371213,-0.0091841133070298,0.7837898397487612,0.1999999996373073,0.013666787993477425,0.0109442378629639,0.010048182240666708,100136.17285403078
2024-11-26,24129.83465563888,24041.527,-1,0.0042085518783732,0.0042085518783732,0.0042085518783732,-0.0042085518783732,-0.0036596875568827,0.2,0.0,0.0,-0.0008417103756746,85534.75776022093,-0.0084496671229789,0.5837898400151694,0.19999999973359173,0.013666787993477425,0.00882657134958544,0.0022569098280374395,100362.17116668708
2024-11-27,24219.79009020404,24168.992,-1,0.0037279755890966,0.0037279755890966,0.0037279755890966,-0.0037279755890966,-0.0020973794576603,0.2,0.0,0.0,-0.0007455951178193,85470.98346243105,-0.0036596875568827,0.3837898401322666,0.19999999988290285,0.013666787993477425,0.006776436544410763,0.0012307591554734738,100485.69282771366
2024-11-28,24030.80225926629,24250.834,1,-0.0078030333968165,-0.0078030333968165,-0.0078030333968165,0.0078030333968165,0.0091562378300901,0.5,2.0,0.002,0.0019015166984082,85633.50796471424,-0.0020973794576603,0.18378984019503844,0.19999999993722814,0.013666787993477425,0.005758752485081848,-0.0016341182609746806,100321.48732209721
2024-11-29,24092.79383999828,24181.512,1,0.0025796717089661,0.0025796717089661,0.0025796717089661,0.0025796717089661,0.0036823525154825,0.2,0.0,0.0,0.0005159343417932,85677.68923228147,0.0091562378300901,0.3837898401559502,0.19999999996091175,0.013666787993477425,0.006856951748371239,0.0007900517928780147,100400.74649302023
2024-12-02,24206.05403378048,24192.705,-1,0.0047009987523394,0.0047009987523394,0.0047009987523394,0.0047009987523394,-0.0005514750054614,0.2,2.0,0.002,-0.0010598002495321,85586.88799585376,0.0036823525154825,0.5837898399963188,0.19999999984036865,0.012887626370572319,0.008459208203517872,0.002544395309610744,100656.20568147849
2024-12-03,24361.240351735403,24305.357,-1,0.0064110539346211,0.0064110539346211,0.0064110539346211,-0.0064110539346211,-0.0022939452560108,0.2,0.0,0.0,-0.0012822107869242,85477.1475648462,-0.0005514750054614,0.5837898396545183,3.418005878330632e-10,0.012887626370572319,0.008389015365579264,0.00374270814816712,101032.93248264614
2024-12-04,24426.881055957743,24475.22,1,0.0026944729937639,0.0026944729937639,0.0026944729937639,-0.0026944729937639,0.0019789241177177,0.2,2.0,0.002,-0.0025388945987527,85260.130096577,-0.0022939452560108,0.3837898399881919,0.19999999966632637,0.012887626370572319,0.006440520185474759,0.0008341113594628251,101117.20519930974
2024-12-05,24600.86957888008,24551.246,-1,0.0071228300708452,0.0071228300708452,0.0071228300708452,0.0071228300708452,-0.0020171473500547,0.2,2.0,0.002,-0.0005754339858309,85211.06852008306,0.0019789241177177,0.5837898394797922,0.19999999949160036,0.012887626370572319,0.008471949376495582,0.0039582358242089555,101517.45094337352
2024-12-06,24648.415676963665,24774.686,1,0.0019326998962834,0.0019326998962834,0.0019326998962834,-0.0019326998962834,0.0051228575779963,0.5,2.0,0.002,-0.0029663499481417,84958.30267139743,-0.0020171473500547,0.3837898400142621,0.19999999946553015,0.012887626370572319,0.006385767316429646,0.0005417505845246569,101572.44808176155
2024-12-09,24630.23578878556,24827.988,1,-0.0007375682241148,-0.0007375682241148,-0.0007375682241148,-0.0007375682241148,0.008028839549497,0.5,0.0,0.0,-0.0003687841120574,84926.97139918484,0.0051228575779963,0.5837898399792667,0.19999999996500462,0.012887626370572319,0.008396995607416921,-0.0006305848354947757,101508.39803629712
2024-12-10,24617.760768064163,24845.291,1,-0.000506492135454,-0.000506492135454,-0.000506492135454,-0.000506492135454,0.0092425234804867,0.5,0.0,0.0,-0.000253246067727,84905.46397763403,0.008028839549497,0.7837898399270512,0.1999999999477845,0.012887626370572319,0.010557613433632205,-0.0005969833897195855,101447.7992087524
2024-12-11,24632.61831330322,24836.281,1,0.0006035295159068,0.0006035295159068,0.0006035295159068,0.0006035295159068,0.0082680080577056,0.5,0.0,0.0,0.0003017647579534,84931.08545442016,0.0092425234804867,0.9680756305402547,0.1842857906132035,0.012887626370572319,0.012887626506775218,0.0003999764260479266,101488.37593691034
2024-12-12,24580.753460564105,24884.79,1,-0.0021055355171523,-0.0021055355171523,-0.0021055355171523,-0.0021055355171523,0.0123688860849474,1.0,0.0,0.0,-0.0021055355171523,84752.26003748557,0.0082680080577056,0.9709780507778505,0.002902420237595793,0.012887626370572319,0.012887626481818742,-0.0020473311925256698,101280.59561917593
2024-12-13,24696.664079247003,24806.234,1,0.0047155030812564,0.0047155030812564,0.0047155030812564,0.0047155030812564,0.0044366283803111,0.2,0.0,0.0,0.0009431006162512,84832.18994615562,0.0123688860849474,0.9738328920496763,0.002854841271825781,0.012887626370572319,0.0128876270063266,0.004589257161817254,101745.39831797435
2024-12-16,24679.10321251332,24803.57,1,-0.0007110622988324,-0.0007110622988324,-0.0007110622988324,-0.0007110622988324,0.0050434080369488,0.5,0.0,0.0,-0.0003555311494162,84802.02946015655,0.0044366283803111,0.9766411931450184,0.002808301095342136,0.012887626370572319,0.012887626453570548,-0.0006972610330274569,101674.45521643736
2024-12-17,24467.053765530807,24801.1,1,-0.0085922671158892,-0.0085922671158892,-0.0085922671158892,-0.0085922671158892,0.013652899841165,1.0,0.0,0.0,-0.0085922671158892,84073.38777106539,0.0050434080369488,0.9794042000723681,0.002763006927349654,0.012887626370572319,0.01288762641218329,-0.008418065508372926,100818.55299189728
2024-12-18,24301.294481102534,24606.709,1,-0.0067747954460212,-0.0067747954460212,-0.0067747954460212,-0.0067747954460212,0.0125678292214007,1.0,0.0,0.0,-0.0067747954460212,83503.8077664624,0.013652899841165,0.9821232358880034,0.0027190358156353733,0.012887626370572319,0.01288762997742984,-0.006656403061741286,100147.46406708169
2024-12-19,24085.232726662736,24536.69,1,-0.0088909565952469,-0.0088909565952469,-0.0088909565952469,-0.0088909565952469,0.0187441524215579,1.0,0.0,0.0,-0.0088909565952469,82761.37903607293,0.0125678292214007,0.9847987285965721,0.0026754927085687052,0.012887626370572319,0.012887628955301642,-0.008758478243715024,99270.32468188691
2024-12-20,23777.616984272,24299.18,1,-0.0127719647089064,-0.0127719647089064,-0.0127719647089064,-0.0127719647089064,0.0219350415171122,1.0,0.0,0.0,-0.0127719647089064,81704.35362376377,0.0187441524215579,0.987432042384485,0.002633313787912872,0.012887626370572319,0.012887627699941591,-0.012614080511565925,98018.1208139403
2024-12-23,23762.770070026967,23975.518,1,-0.0006244071579946,-0.0006244071579946,-0.0006244071579946,-0.0006244071579946,0.0089529936680817,0.5,0.0,0.0,-0.0003122035789973,81678.84523214278,0.0219350415171122,0.9902146059340019,0.002782563549516892,0.013487823336563221,0.01348782396956421,-0.0006210796514455098,97957.24375362982
2024-12-24,23741.034252600268,23699.56,-1,-0.0009147004899953,-0.0009147004899953,-0.0009147004899953,-0.0009147004899953,-0.001746943800299,0.2,2.0,0.002,-0.002182940097999,81500.54520572728,0.0089529936680817,0.9927182327096615,0.0025036267756596287,0.013487823336563221,0.013487823570709472,-0.0009105434806624554,97868.0494239463
2024-12-26,23746.699680221245,23734.316,-1,0.0002386344066016,0.0002386344066016,0.0002386344066016,-0.0002386344066016,-0.0005214905813442,0.2,0.0,0.0,-4.772688132033132e-05,81496.6554388787,-0.001746943800299,0.7927182331290918,0.1999999995805697,0.013487823336563221,0.010820838717350671,-1.0830154415540064e-05,97866.9894978587
2024-12-27,23787.92422543971,23648.953,-1,0.0017360115626003,0.0017360115626003,0.0017360115626003,-0.0017360115626003,-0.0058420913116533,0.5,0.0,0.0,-0.0008680057813001,81425.91587080114,-0.0005214905813442,0.7927182324488152,6.802766128188864e-10,0.013487823336563221,0.010803002208261338,0.001376168016734939,98001.67091869979
2024-12-30,23699.53024667625,23696.262,-1,-0.003715918124076,-0.003715918124076,-0.003715918124076,0.003715918124076,-0.0001379034369979,0.2,0.0,0.0,0.0007431836248152,81486.4302781119,-0.0058420913116533,0.592718232494263,0.1999999999545522,0.013487823336563221,0.008522060138933056,-0.0024024924225502764,97766.22264692035
2024-12-31,23665.7055552147,23736.168,1,-0.0014272304602449,-0.0014272304602449,-0.0014272304602449,0.0014272304602449,0.0029774073129113,0.2,2.0,0.002,-0.001714553907951,81346.71740063358,-0.0001379034369979,0.5927182325116959,1.743283295496667e-11,0.012868349426961334,0.008270008584577165,-0.0008459455158006442,97683.51774927542
2025-01-01,23713.41459170785,23708.115,-1,0.0020159566500919,0.0020159566500919,0.0020159566500919,0.0020159566500919,-0.0002234849682804,0.2,2.0,0.002,-0.0015968086699816,81216.82225701371,0.0029774073129113,0.7927182302212803,0.19999999770958443,0.012868349426961334,0.01066601266347393,0.0013980855901540876,97820.08766783624
2025-01-02,24007.126472109583,23708.562,-1,0.0123858957243736,0.0123858957243736,0.0123858957243736,-0.0123858957243736,-0.0124364934910656,1.0,0.0,0.0,-0.0123858957243736,80210.87916547335,-0.0002234849682804,0.7927182300162726,2.0500767750064597e-10,0.012868349426961334,0.010616215184464397,0.009818525335586551,98780.53667693218
2025-01-03,24005.657731569627,24050.756,1,-6.11793561242635e-05,-6.11793561242635e-05,-6.11793561242635e-05,6.11793561242635e-05,0.0018786516468184,0.2,2.0,0.002,-0.0019877641287751,80051.4388571307,-0.0124364934910656,0.592718230161991,0.19999999985428163,0.012868349426961334,0.008305966372076947,-0.00023626211953870526,98757.19857796772
2025-01-06,23764.867393949105,23974.494,1,-0.0100305661404086,-0.0100305661404086,-0.0100305661404086,-0.0100305661404086,0.0088208615926999,0.5,0.0,0.0,-0.0050152830702043,79649.95823108504,0.0018786516468184,0.7927182277564089,0.1999999975944179,0.012868349426961334,0.01059008316581734,-0.008151412611812566,97952.187903972
2025-01-07,23729.659849656087,23933.654,1,-0.001481495508028,-0.001481495508028,-0.001481495508028,-0.001481495508028,0.0085965897377525,0.5,0.0,0.0,-0.000740747754014,79590.95770341805,0.0088208615926999,0.971372860521879,0.1786546327654701,0.012911613803870785,0.012911613889302545,-0.001617739162248943,97793.72681357177
2025-01-08,23704.49929605252,23802.611,1,-0.0010602998004597,-0.0010602998004597,-0.0010602998004597,-0.0010602998004597,0.0041389485903977,0.2,0.0,0.0,-0.0002120599600919,79574.07964810378,0.0085965897377525,0.9736055592062425,0.0022326986843634877,0.012911613803870785,0.012911613859845794,-0.001034546478837197,97692.55465784443
2025-01-09,23594.48968111841,23817.84,1,-0.0046408748634664,-0.0046408748634664,-0.0046408748634664,-0.0046408748634664,0.0094662068093096,0.5,0.0,0.0,-0.0023204374317332,79389.4329750926,0.0041389485903977,0.9758069130549476,0.002201353848705123,0.012911613803870785,0.012911613811725231,-0.004530799128242154,97249.92931636493
2025-01-10,23493.756518371712,23822.715,1,-0.0042693511963224,-0.0042693511963224,-0.0042693511963224,-0.0042693511963224,0.0140019533007013,1.0,0.0,0.0,-0.0042693511963224,79050.49160444502,0.0094662068093096,0.9779775854519951,0.0021706723970474906,0.012911613803870785,0.012911613850872732,-0.004177500446823016,96843.6676931923
2025-01-13,23241.717746345177,23741.643,1,-0.0107279043191516,-0.0107279043191516,-0.0107279043191516,-0.0107279043191516,0.0215098238052321,1.0,0.0,0.0,-0.0107279043191516,78202.44549413065,0.0140019533007013,0.9801184698335955,0.0021408843816004275,0.012911613803870785,0.012911617433307772,-0.010516758050189687,95825.18627137002
2025-01-14,23201.133329978304,23504.377,1,-0.001746188332971,-0.001746188332971,-0.001746188332971,-0.001746188332971,0.013070209360414,1.0,0.0,0.0,-0.001746188332971,78065.88929619899,0.0215098238052321,0.9832396740045574,0.0031212041709618443,0.013027836833661285,0.013027840161598981,-0.0017200428514319295,95660.36284473682
2025-01-15,23208.590459343686,23321.99,1,0.0003214122887587,0.0003214122887587,0.0003214122887587,0.0003214122887587,0.0048861020170512,0.2,0.0,0.0,6.428245775174091e-05,78070.90756342953,0.013070209360414,0.9852053748168152,0.0019657008122578867,0.013027836833661285,0.013027839009268773,0.0003146914136049876,95690.4663395464
2025-01-16,23272.37794627161,23245.863,-1,0.0027484429543302,0.0027484429543302,0.0027484429543302,0.0027484429543302,-0.0011393311991074,0.2,2.0,0.002,-0.0014503114091339,77957.68043546884,0.0048861020170512,0.9871438745339951,0.0019384997171798535,0.013027836833661285,0.01302783685421103,0.0027111701271559942,95949.8994733398
2025-01-17,23229.623141364787,23379.016,1,-0.0018371480991554,-0.0018371480991554,-0.0018371480991554,0.0018371480991554,0.0064311356979868,0.5,2.0,0.002,-0.0010814259504222,77873.37497681119,-0.0011393311991074,0.7871438797727883,0.19999999476120678,0.013027836833661285,0.010424279915151586,-0.0016460998772475917,95791.95635559483
2025-01-20,23300.775453019352,23352.695,1,0.0030629989656554,0.0030629989656554,0.0030629989656554,0.0030629989656554,0.0022282325790114,0.2,0.0,0.0,0.000612599793131,77921.0801902124,0.0064311356979868,0.9871438797533014,0.1999999999805131,0.013027836833661285,0.012978282339847075,0.0028236206826569078,96062.43650479264
2025-01-21,23130.12077931396,23431.004,1,-0.0073239911714303,-0.0073239911714303,-0.0073239911714303,-0.0073239911714303,0.0130082857567753,1.0,0.0,0.0,-0.0073239911714303,77350.38688683097,0.0022282325790114,0.9928025805319236,0.005658700778622183,0.013027836833661285,0.0130278364648665,-0.00727693603556765,95363.39629892648
2025-01-22,23145.71305378808,23282.734,1,0.0006741112432091,0.0006741112432091,0.0006741112432091,0.0006741112432091,0.0059199276295138,0.5,0.0,0.0,0.0003370556216045,77376.45826956448,0.0130082857567753,0.9946382246072183,0.0018356440752946845,0.013027836833661285,0.013027837165143785,0.0006686611660579693,95427.16209869497
2025-01-23,23182.57047211277,22964.045,-1,0.0015924079866986,0.0015924079866986,0.0015924079866986,0.0015924079866986,-0.0094262830938287,0.5,2.0,0.002,-0.0012037960066506,77283.3127980908,0.0059199276295138,0.9964493062818324,0.001811081674614079,0.013027836833661285,0.01302783684365685,0.0015849427519888553,95578.40868760618
2025-01-24,23126.71796592865,23069.297,-1,-0.0024092456119698,-0.0024092456119698,-0.0024092456119698,0.0024092456119698,-0.0024828843423976,0.2,0.0,0.0,0.0004818491223939,77320.55169453826,-0.0094262830938287,0.796449306286224,0.19999999999560836,0.013027836833661285,0.010439099939866822,-0.0021188419963220845,95375.89314133725
2025-01-27,22942.811090441097,23246.984,1,-0.0079521389830797,-0.0079521389830797,-0.0079521389830797,0.0079521389830797,0.0132578744757931,1.0,2.0,0.002,0.0059521389830797,77780.77436447256,-0.0024828843423976,0.5964493063067046,0.19999999997951945,0.013027836833661285,0.008163479478101893,-0.004943047780091909,94904.44554447067
2025-01-28,22951.73482730899,23171.623,1,0.0003889556878062,0.0003889556878062,0.0003889556878062,0.0003889556878062,0.0095804597929294,0.5,0.0,0.0,0.0001944778439031,77795.90100176807,0.0132578744757931,0.7964493062368304,0.19999999993012585,0.012599655306053758,0.010376412335526719,0.00010978348777999133,94914.86448550837
2025-01-29,23082.365446650496,23032.637,-1,0.0056915357520634,0.0056915357520634,0.0056915357520634,0.0056915357520634,-0.0021543912717885,0.2,2.0,0.002,-0.0008616928495873,77728.86483014765,0.0095804597929294,0.9707947770991323,0.1743454708623019,0.012599655306053758,0.01259965538589575,0.0053509677109138285,95422.75086065607
2025-01-30,23185.66028131502,23159.62,-1,0.0044750541231688,0.0044750541231688,0.0044750541231688,-0.0044750541231688,-0.0011231201095448,0.2,0.0,0.0,-0.0008950108246337,77659.29665473818,-0.0021543912717885,0.7707947771370198,0.19999999996211248,0.012599655306053758,0.01003299299272474,0.0032493483455818843,95732.81261829604
2025-01-31,23385.124638401445,23346.908,-1,0.0086029189881287,0.0086029189881287,0.0086029189881287,-0.0086029189881287,-0.0016342285530815,0.2,0.0,0.0,-0.0017205837976257,77525.67732717902,-0.0011231201095448,0.5707948733540218,0.19999990378299803,0.012599655306053758,0.007805340928418853,0.004710502150520832,96183.76223800993
2025-02-01,23445.089851059627,23576.65,1,0.0025642460147383,0.0025642460147383,0.0025642460147383,-0.0025642460147383,0.0056114158562044,0.5,2.0,0.002,-0.0032821230073691,77271.22851796162,-0.0016342285530815,0.37079487337569067,0.19999999997833112,0.012599655306053758,0.005930738803436554,0.0007508092763606763,96255.9778989335
2025-02-03,23393.15084953435,23575.59,1,-0.0022153466612937,-0.0022153466612937,-0.0022153466612937,-0.0022153466612937,0.0077988275986892,0.5,0.0,0.0,-0.0011076733306468,77185.63723890594,0.0056114158562044,0.5707948729133598,0.19999999953766917,0.012599655306053758,0.007789749205079561,-0.0014645085155298426,96115.01019962986
2025-02-04,23607.051887999583,23505.45,-1,0.0091437463829071,0.0091437463829071,0.0091437463829071,0.0091437463829071,-0.0043038787088544,0.2,2.0,0.002,-0.0001712507234185,77172.41914269126,0.0077988275986892,0.7707948726093621,0.19999999969600224,0.012599655306053758,0.01000074950008148,0.006847952828689191,96773.2012556059
2025-02-05,23662.21073748665,23595.69,-1,0.0023365412059397,0.0023365412059397,0.0023365412059397,-0.0023365412059397,-0.0028112646880143,0.2,0.0,0.0,-0.0004673082411879,77136.35583523347,-0.0043038787088544,0.5707948729079704,0.1999999997013917,0.012599655306053758,0.007707992923243703,0.0011336857409871952,96882.91165397907
2025-02-06,23625.832559697486,23759.654,1,-0.0015373955626019,-0.0015373955626019,-0.0015373955626019,0.0015373955626019,0.0056641999795932,0.5,2.0,0.002,-0.001231302218699,77041.37766915119,-0.0028112646880143,0.3707948737209282,0.1999999991870422,0.012599655306053758,0.005887157243718274,-0.000770058392681129,96808.30615475253
2025-02-07,23585.114415699543,23772.09,1,-0.0017234585869114,-0.0017234585869114,-0.0017234585869114,-0.0017234585869114,0.0079276946045254,0.5,0.0,0.0,-0.0008617292934557,76974.98885720549,0.0056641999795932,0.5707948732713869,0.19999999955045872,0.012599655306053758,0.007731456718470286,-0.0011837413252550348,96693.71016212921
2025-02-10,23459.335348177126,23803.785,1,-0.0053329852594945,-0.0053329852594945,-0.0053329852594945,-0.0053329852594945,0.0146828393349873,1.0,0.0,0.0,-0.0053329852594945,76564.48237628027,0.0079276946045254,0.7707948732473519,0.19999999997596496,0.012599655306053758,0.009920408630130563,-0.004310637697098024,96276.89861003206
2025-02-11,23219.82581400069,23670.174,1,-0.0102095618064919,-0.0102095618064919,-0.0102095618064919,-0.0102095618064919,0.0193949855441105,1.0,0.0,0.0,-0.0102095618064919,75782.79256127757,0.0146828393349873,0.9707948732447373,0.1999999999973855,0.012599655306053758,0.012385014149716371,-0.010111390259815002,95303.40531518139
2025-02-12,23111.932027334587,23403.617,1,-0.0046466234299246,-0.0046466234299246,-0.0046466234299246,-0.0046466234299246,0.0126205361075151,1.0,0.0,0.0,-0.0046466234299246,75430.65846177722,0.0193949855441105,0.9900302639905503,0.01923539074581293,0.01262522611549423,0.012625228622412247,-0.004619533211738741,94863.14806913612
2025-02-13,23062.1607386784,23243.62,1,-0.0021534888817309,-0.0021534888817309,-0.0021534888817309,-0.0021534888817309,0.007868267998725,0.5,0.0,0.0,-0.0010767444408654,75349.43891960768,0.0126205361075151,0.9915055521990381,0.0014752882084878571,0.01262522611549423,0.012625227083581627,-0.0021366714710435728,94660.45668700342
2025-02-14,22980.017384705294,23301.361,1,-0.0035618238422622,-0.0035618238422622,-0.0035618238422622,-0.0035618238422622,0.0139836106263601,1.0,0.0,0.0,-0.0035618238422622,75081.05749156274,0.007868267998725,0.9929633867561667,0.0014578345571285567,0.01262522611549423,0.012625226773701401,-0.003538218499998665,94325.52730793513
2025-02-17,22967.336943597165,23231.0,1,-0.0005518029379981,-0.0005518029379981,-0.0005518029379981,-0.0005518029379981,0.0114799141515768,1.0,0.0,0.0,-0.0005518029379981,75039.62754345089,0.0139836106263601,0.9944039577540811,0.0014405709979143921,0.01262522611549423,0.012625226174571506,-0.0005501555964435549,94273.63359119918
2025-02-18,22953.71784628501,23069.744,1,-0.0005929767715604,-0.0005929767715604,-0.0005929767715604,-0.0005929767715604,0.005054786962704,0.5,0.0,0.0,-0.0002964883857802,75017.379165411,0.0114799141515768,0.9958276555215574,0.0014236977674763063,0.01262522611549423,0.01262522637561121,-0.0005919263659692116,94217.83054186084
2025-02-19,22940.851951127832,22978.58,1,-0.0005605146514101,-0.0005605146514101,-0.0005605146514101,-0.0005605146514101,0.0016445792402367,0.2,0.0,0.0,-0.000112102930282,75008.96949738447,0.005054786962704,0.9972346857654364,0.0014070302438790039,0.01262522611549423,0.012625226215656052,-0.0005603716825097533,94165.03353763768
2025-02-20,22923.73144519567,22898.045,-1,-0.0007462890205052,-0.0007462890205052,-0.0007462890205052,-0.0007462890205052,-0.0011205176285144,0.2,2.0,0.002,-0.002149257804101,74847.75588431464,0.0016445792402367,0.9986253668518092,0.001390681086372858,0.01262522611549423,0.012625226052645157,-0.0007466538279658556,94094.72485488626
2025-02-21,22844.727508653254,22889.312,1,-0.0034463820487207,-0.0034463820487207,-0.0034463820487207,0.0034463820487207,0.0019516315670589,0.2,2.0,0.002,-0.0013107235902558,74749.65116499935,-0.0011205176285144,0.7986253672007942,0.199999999651015,0.01262522611549423,0.010133027248923203,-0.0029523681288248092,93816.92258813416
2025-02-24,22664.64606332875,22939.562,1,-0.0078828449696453,-0.0078828449696453,-0.0078828449696453,-0.0078828449696453,0.0121297255603767,1.0,0.0,0.0,-0.0078828449696453,74160.41125333059,0.0019516315670589,0.9757329170936628,0.1771075498928686,0.012300893618608526,0.012300893422577801,-0.007868658867121982,93078.70922832494
2025-02-25,22592.27719908183,22603.533,1,-0.0031930286510855,-0.0031930286510855,-0.0031930286510855,-0.0031930286510855,0.0004982145367191,0.2,0.0,0.0,-0.0006386057302171,74113.05198974896,0.0121297255603767,0.9771391549741737,0.0014062378805108633,0.012300893618608526,0.012300893711815582,-0.003121439555810522,92788.16966353585
2025-02-27,22563.08966769485,22457.068,-1,-0.0012919251622923,-0.0012919251622923,-0.0012919251622923,-0.0012919251622923,-0.0046988984778378,0.2,2.0,0.002,-0.0022583850324584,73945.6761824255,0.0004982145367191,0.9771391534321693,1.5420044130465271e-09,0.012300893618608526,0.012283577836474002,-0.0012623906609220204,92671.03474470855
2025-02-28,22292.149469903605,22494.627,1,-0.012008115988617,-0.012008115988617,-0.012008115988617,0.012008115988617,0.0090829074320427,0.5,2.0,0.002,0.0040040579943085,74241.75895828828,-0.0046988984778378,0.7771391535310631,0.19999999990110617,0.012300893618608526,0.009799801882265171,-0.009531977094797747,91787.6965641708
2025-03-03,22185.32310540483,22542.713,1,-0.0047921069541992,-0.0047921069541992,-0.0047921069541992,-0.0047921069541992,0.0161092940993995,1.0,0.0,0.0,-0.0047921069541992,73885.98450889229,0.0090829074320427,0.9771391534496873,0.19999999991862416,0.012548087349634574,0.01249795898195744,-0.004882555332385189,91339.53805686404
2025-03-04,22121.86787795367,22365.361,1,-0.0028602345410826,-0.0028602345410826,-0.0028602345410826,-0.0028602345410826,0.0110068970391506,1.0,0.0,0.0,-0.0028602345410826,73674.65326389806,0.0161092940993995,0.9824432934544639,0.005304140004776636,0.012548087349634574,0.01254808950614652,-0.002815322382598183,91082.38781095638
2025-03-05,22255.01273448588,22188.693,-1,0.0060186986590267,0.0060186986590267,0.0060186986590267,0.0060186986590267,-0.0029799908576601,0.2,2.0,0.002,-0.0007962602681946,73615.98906473101,0.0110068970391506,0.9837859627308376,0.0013426692763737202,0.012548087349634574,0.0125480873767891,0.00591976858538101,91621.57446900115
2025-03-06,22434.04882784257,22416.451,-1,0.0080447535794603,0.0080447535794603,0.0080447535794603,-0.0080447535794603,-0.0007844249594717,0.2,0.0,0.0,-0.001608950715892,73497.5445664242,-0.0029799908576601,0.7837859627566197,0.1999999999742179,0.012548087349634574,0.010035077456329027,0.006105364929442835,92180.95761654453
2025-03-07,22507.255678243124,22636.895,1,0.0032632027754926,0.0032632027754926,0.0032632027754926,-0.0032632027754926,0.0057598902154114,0.5,2.0,0.002,-0.0036316013877463,73230.63078158082,-0.0007844249594717,0.7837859615454402,1.2111794900349082e-09,0.012548087349634574,0.01002212584478496,0.0025576525238960373,92416.72447544763
2025-03-10,22478.23595596313,22685.281,1,-0.0012893496521677,-0.0012893496521677,-0.0012893496521677,-0.0012893496521677,0.009210911587657,0.5,0.0,0.0,-0.0006446748260838,73183.4208374177,0.0057598902154114,0.9837859615223146,0.19999999997687434,0.012548087349634574,0.012498885204530847,-0.0014684440872731368,92281.01568282652
2025-03-11,22490.38924495372,22607.957,1,0.0005406691616904,0.0005406691616904,0.0005406691616904,0.0005406691616904,0.005227466442034,0.5,0.0,0.0,0.0002703345808452,73203.20484681461,0.009210911587657,0.9890142534944608,0.005228291972146248,0.012548087349634574,0.012548088369680967,0.0005295012153645606,92329.87859278565
2025-03-12,22478.097015561747,22591.424,1,-0.0005465547642635,-0.0005465547642635,-0.0005465547642635,-0.0005465547642635,0.005041662751068,0.5,0.0,0.0,-0.0002732773821317,73183.20006663042,0.005227466442034,0.9902867094883095,0.0012724559938487312,0.012548087349634574,0.012548088912375464,-0.0005425183750515089,92279.78793708279
2025-03-13,22428.099427517103,22568.932,1,-0.0022242802853831,-0.0022242802853831,-0.0022242802853831,-0.0022242802853831,0.0062792914280605,0.5,0.0,0.0,-0.0011121401426915,73101.81009206569,0.005041662751068,0.9915456167509824,0.0012589072626728592,0.012548087349634574,0.012548087830517345,-0.00220673427465991,92076.15096618368
2025-03-17,22477.944222523674,22558.379,1,0.0022224261653405,0.0022224261653405,0.0022224261653405,0.0022224261653405,0.0035783867367963,0.2,0.0,0.0,0.0004444852330681,73134.30276716217,0.0062792914280605,0.992791425618712,0.0012458088677296253,0.012548087349634574,0.012548088137782432,0.0022051598321529927,92279.19359579358
2025-03-18,22698.18468793049,22606.158,-1,0.0097980697534665,0.0097980697534665,0.0097980697534665,0.0097980697534665,-0.0040543633420792,0.2,2.0,0.002,-4.0386049306693605e-05,73131.3491616046,0.0035783867367963,0.994024151833375,0.0012327262146629714,0.012548087349634574,0.0125480873981956,0.00973828525007912,93177.8347056767
2025-03-19,22827.610227134588,22849.543,1,0.0057020215926306,0.0057020215926306,0.0057020215926306,-0.0057020215926306,0.0009608002172449,0.2,2.0,0.002,-0.0031404043185261,72901.68715687784,-0.0040543633420792,0.7940241518822387,0.19999999995113626,0.012548087349634574,0.010037089824314154,0.004327542859151589,93581.06577888846
2025-03-20,23051.98138745298,22964.043,-1,0.009828937768163,0.009828937768163,0.009828937768163,0.009828937768163,-0.0038147865025104,0.2,2.0,0.002,-3.4212446367385806e-05,72899.19301181589,0.0009608002172449,0.7940242415786377,8.969639897493664e-08,0.012548087349634574,0.010048591245495604,0.007804414767192855,94311.41123058286
2025-03-21,23236.41447430215,23100.291,-1,0.0080007476905892,0.0080007476905892,0.0080007476905892,-0.0080007476905892,-0.005858196171044,0.5,0.0,0.0,-0.0040003738452946,72607.56898674835,-0.0038147865025104,0.5940242415942444,0.19999999998439333,0.012548087349634574,0.007752240420571923,0.004552638079104758,94740.77695264532
2025-03-24,23497.184728824952,23308.04,-1,0.0112224824880446,0.0112224824880446,0.0112224824880446,-0.0112224824880446,-0.0080496762062273,0.5,0.0,0.0,-0.0056112412440223,72200.15040102172,-0.005858196171044,0.394024241596787,0.19999999999745738,0.012548087349634574,0.005752018670752335,0.0042219301511875395,95140.76589540862
2025-03-25,23603.15633572088,23553.021,-1,0.0045099703695961,0.0045099703695961,0.0045099703695961,-0.0045099703695961,-0.0021240945493804,0.2,0.0,0.0,-0.0009019940739192,72135.02629322391,-0.0080496762062273,0.19402424159582923,0.20000000000095777,0.012548087349634574,0.004629865592304591,0.0006750435805795872,95204.99005867774
2025-03-26,23531.27482571889,23681.586,1,-0.003045419391355,-0.003045419391355,-0.003045419391355,0.003045419391355,0.0063877191267522,0.5,2.0,0.002,-0.0004772903043224,72100.59694457211,-0.0021240945493804,-0.005975758360630616,0.19999999995645984,0.01226836277083169,0.004384292594079869,-0.0001818013095669436,95187.68166680777
2025-03-27,23568.773662858886,23670.559,1,0.0015935743990806,0.0015935743990806,0.0015935743990806,0.0015935743990806,0.0043186522386404,0.2,0.0,0.0,0.0003187148798161,72123.57647766196,0.0063877191267522,0.19402424156162099,0.1999999999222516,0.01226836277083169,0.004439439855209521,0.00010919206423137771,95198.07540625836
2025-03-28,23538.22791794405,23740.504,1,-0.0012960260619317,-0.0012960260619317,-0.0012960260619317,-0.0012960260619317,0.0085935136137308,0.5,0.0,0.0,-0.0006480130309658,72076.83946026457,0.0043186522386404,0.394024241531254,0.199999999969633,0.01226836277083169,0.005802784365063448,-0.0007106656860270092,95130.42140069134
2025-04-01,23307.99252005734,23761.236,1,-0.0097813394742086,-0.0097813394742086,-0.0097813394742086,-0.0097813394742086,0.0194458394283689,1.0,0.0,0.0,-0.0097813394742086,71371.83142527568,0.0085935136137308,0.5940242415018052,0.19999999997055123,0.01226836277083169,0.007675372473355923,-0.00601035276200898,94558.6540096746
2025-04-02,23323.04602912267,23578.928,1,0.0006458518060863,0.0006458518060863,0.0006458518060863,0.0006458518060863,0.0109712072152933,1.0,0.0,0.0,0.0006458518060863,71417.9270515054,0.0194458394283689,0.7940242415024087,0.20000000000060347,0.01226836277083169,0.00992533270981373,0.0003128219904500317,94588.23403603618
2025-04-03,23277.96266236099,23511.13,1,-0.0019329965179241,-0.0019329965179241,-0.0019329965179241,-0.0019329965179241,0.010016655710855,1.0,0.0,0.0,-0.0019329965179241,71279.87644719747,0.0109712072152933,0.9848496233000138,0.1908253817976051,0.01226836277083169,0.01226836296556302,-0.0020945362743153935,94390.11554872428
2025-04-04,23047.118658954383,23496.332,1,-0.0099168473957502,-0.0099168473957502,-0.0099168473957502,-0.0099168473957502,0.0194910846641163,1.0,0.0,0.0,-0.0099168473957502,70573.00479008268,0.010016655710855,0.98599970179031,0.0011500784902962469,0.01226836277083169,0.01226836292367394,-0.009779158653400006,93467.05963346055
2025-04-07,22499.83778862882,23361.514,1,-0.0237461731517978,-0.02,-0.02,-0.02,0.0382969966035337,1.0,0.0,0.0,-0.02,69161.54469428102,0.0194910846641163,0.9871387240971645,0.0011390223068544758,0.01226836277083169,0.012268362809257891,-0.023441906089562876,91276.0135990654
2025-04-08,22515.37334791257,22871.555,1,0.0006904742794011,0.0006904742794011,0.0006904742794011,0.0006904742794011,0.0158194868272283,1.0,0.0,0.0,0.0006904742794011,69209.29896201608,0.0382969966035337,0.9833734954880998,0.003765228609064697,0.013792319105430488,0.013792321020322967,0.0006752288770702218,91337.64579923134
2025-04-09,22440.79879514735,22575.186,1,-0.0033121615001836,-0.0033121615001836,-0.0033121615001836,-0.0033121615001836,0.0059885214461131,0.5,0.0,0.0,-0.0016560807500918,69094.68277427774,0.0158194868272283,0.9849497000851308,0.0015762045970310057,0.013792319105430488,0.013792319138700706,-0.0032638886808363846,91039.52989097298
2025-04-11,22684.29966571808,22510.148,-1,0.0108508111851786,0.0108508111851786,0.0108508111851786,0.0108508111851786,-0.0076771894342969,0.5,2.0,0.002,0.0034254055925893,69331.36008707093,0.0059885214461131,0.9865125735399143,0.0015628734547834533,0.013792319105430488,0.013792319117101213,0.010702898793831444,92013.91676563406
2025-04-15,23083.400180281504,22782.537,-1,0.0175936890468155,0.0175936890468155,0.0175936890468155,-0.0175936890468155,-0.0130337462389318,1.0,0.0,0.0,-0.0175936890468155,68111.56569650622,-0.0076771894342969,0.7865125735425541,0.19999999999736018,0.013792319105430488,0.011020988497228545,0.013637657650320944,93268.7710615489
2025-04-16,23275.85838264646,22977.855,-1,0.0083375153080507,0.0083375153080507,0.0083375153080507,-0.0083375153080507,-0.0128031103191725,1.0,0.0,0.0,-0.0083375153080507,67543.68447485629,-0.0130337462389318,0.5865125735658253,0.1999999999767288,0.013792319105430488,0.00850705691938922,0.004690057560492552,93706.20696642397
2025-04-17,23634.80227856068,23186.412,-1,0.0154212957482948,0.0154212957482948,0.0154212957482948,-0.0154212957482948,-0.0189716111552756,1.0,0.0,0.0,-0.0154212957482948,66502.07334064002,-0.0128031103191725,0.38651257372299475,0.19999999984283057,0.013792319105430488,0.006404888032956184,0.005760524709974069,94246.003887132
2025-04-21,23919.643711899564,23539.768,-1,0.0120517798279728,0.0120517798279728,0.0120517798279728,-0.0120517798279728,-0.0158813281867815,1.0,0.0,0.0,-0.0120517798279728,65700.60499463492,-0.0189716111552756,0.18651257372188676,0.20000000000110799,0.013792319105430488,0.004842412373197938,0.0020478084736436164,94439.00165249914
2025-04-22,24064.433784653047,23867.148,-1,0.0060531868491608,0.0060531868491608,0.0060531868491608,-0.0060531868491608,-0.0081982309003615,0.5,0.0,0.0,-0.0030265934245804,65501.75597556721,-0.0158813281867815,-0.013487426277644906,0.19999999999953166,0.013792319105430488,0.004613943298888819,-0.0002816419113723976,94412.40367156563
2025-04-23,24231.10879313468,24059.63,-1,0.006926196974887,0.006926196974887,0.006926196974887,-0.006926196974887,-0.007076803401719,0.5,0.0,0.0,-0.0034630984874435,65274.91694352333,-0.0081982309003615,-0.21348742630688652,0.20000000002924162,0.013792319105430488,0.004770552329384327,-0.0016786559662924105,94253.91772685034
2025-04-24,24240.77155831525,24247.285,1,0.0003987751969198,0.0003987751969198,0.0003987751969198,-0.0003987751969198,0.0002686977874891,0.2,2.0,0.002,-0.0020797550393839,65139.16110606467,-0.007076803401719,-0.41348742630403357,0.19999999999714704,0.013792319105430488,0.006021648931047919,-0.0003648885298453993,94219.52555337883
2025-04-25,24116.234424877865,24402.826,1,-0.0051375069946841,-0.0051375069946841,-0.0051375069946841,-0.0051375069946841,0.0118837613730646,1.0,0.0,0.0,-0.0051375069946841,64804.5082102544,0.0002686977874891,-0.41348742625594875,4.8084813908388924e-11,0.013792319105430488,0.005909793594570026,0.0021242945445557777,94419.67557750251
2025-04-28,24247.42968594797,24404.191,1,0.0054401221500304,0.0054401221500304,0.0054401221500304,0.0054401221500304,0.0064650693323951,0.5,0.0,0.0,0.0027200610750152,64980.780430522624,0.0118837613730646,-0.21348742622778294,0.20000000002816581,0.013792319105430488,0.004732944669705276,-0.0013613976762029086,94291.13285058345
2025-04-29,24302.1382478168,24381.049,1,0.0022562623163533,0.0022562623163533,0.0022562623163533,0.0022562623163533,0.0032470703350675,0.2,0.0,0.0,0.0004512524632706,65010.10316775715,0.0064650693323951,-0.013487426236522798,0.19999999999126014,0.013416143808928301,0.004314801779941234,-0.00023043117155332134,94269.40523437361
2025-04-30,24321.953043032325,24452.934,1,0.0008153519255575,0.0008153519255575,0.0008153519255575,0.0008153519255575,0.0053852976665128,0.5,0.0,0.0,0.0004076759627787,65036.6062241564,0.0032470703350675,0.18651257302112595,0.19999999925764875,0.013416143808928301,0.004804979069010044,-4.79266137041899e-05,94264.88722100483
2025-05-02,24337.247023585234,24705.96,1,0.0006288138343928,0.0006288138343928,0.0006288138343928,0.0006288138343928,0.01515015137322,1.0,0.0,0.0,0.0006288138343928,65077.50214189211,0.0053852976665128,0.38651257281687523,0.19999999979574928,0.013416143808928301,0.006219434809674151,4.304445315825634e-05,94268.94480152728
2025-05-05,24413.823517831315,24728.916,1,0.0031464731475943,0.0031464731475943,0.0031464731475943,0.0031464731475943,0.0129063144057934,1.0,0.0,0.0,0.0031464731475943,65282.26675489408,0.01515015137322,0.5865125728149296,0.1999999999980544,0.013416143808928301,0.008310771011186872,0.0016454460610905682,94424.05926543413
2025-05-06,24392.671979093026,24640.75,1,-0.0008663755074186,-0.0008663755074186,-0.0008663755074186,-0.0008663755074186,0.0101701864035068,1.0,0.0,0.0,-0.0008663755074186,65225.70779790887,0.0129063144057934,0.7865125727739852,0.1999999999590556,0.013416143808928301,0.010809838770449828,-0.0008814152292872257,94340.83246158645
2025-05-07,24406.100875949152,24554.148,1,0.0005505299652139,0.0005505299652139,0.0005505299652139,0.0005505299652139,0.0060659883691925,0.5,0.0,0.0,0.0002752649826069,65243.662151231394,0.0101701864035068,0.9813598990184028,0.19484732624441758,0.013416143808928301,0.013416143934065115,0.0003454207048245001,94373.41973842907
2025-05-08,24324.3349207033,24646.154,1,-0.0033502260627968,-0.0033502260627968,-0.0033502260627968,-0.0033502260627968,0.013230334163126,1.0,0.0,0.0,-0.0033502260627968,65025.08113386003,0.0060659883691925,0.9827593380192854,0.0013994390008825741,0.013416143808928301,0.013416143843163584,-0.0032938653866900224,94062.56639772908
2025-05-09,24128.82918787773,24587.984,1,-0.0080374544037036,-0.0080374544037036,-0.0080374544037036,-0.0080374544037036,0.019029303433958,1.0,0.0,0.0,-0.0080374544037036,64502.4450091495,0.013230334163126,0.984147829004022,0.00138849098473659,0.013416143808928301,0.01341614384038476,-0.00791143179310845,93318.39681938871
2025-05-12,24620.70391758511,24294.68,-1,0.0203853542116538,0.0203853542116538,0.0203853542116538,0.0203853542116538,-0.013241860130256,1.0,2.0,0.002,0.0183853542116538,65688.34530816044,0.019029303433958,0.9855254939013772,0.0013776648973552463,0.013416143808928301,0.013416143839170355,0.020088908612897274,95193.0615649955
2025-05-13,24600.763706027243,24489.275,-1,-0.0008098960787072,-0.0008098960787072,-0.0008098960787072,0.0008098960787072,-0.0045319205273259,0.2,0.0,0.0,0.0001619792157414,65698.98545481682,-0.013241860130256,0.7855254939002557,0.2000000000011215,0.013416143808928301,0.01070941893104162,-0.0008361940172354752,95113.46169643253
2025-05-14,24643.74548613192,24664.52,1,0.0017471725926192,0.0017471725926192,0.0017471725926192,-0.0017471725926192,0.0008429933623431,0.2,2.0,0.002,-0.0023494345185238,65544.62999055727,-0.0045319205273259,0.5855254939120367,0.19999999998821905,0.013416143808928301,0.008228391555238716,0.0008230140952547117,95191.74141605716
2025-05-15,24904.22376487295,24738.803,-1,0.0105697520244076,0.0105697520244076,0.0105697520244076,0.0105697520244076,-0.0066422774881373,0.5,2.0,0.002,0.0032848760122038,65759.93597334203,0.0008429933623431,0.5855254945787877,6.66750987754483e-10,0.013416143808928301,0.008242570320160451,0.00618885928099965,95780.86970839443
2025-05-16,24975.73159133404,24898.547,-1,0.0028713132011748,0.0028713132011748,0.0028713132011748,-0.0028713132011748,-0.0030903836010482,0.2,0.0,0.0,-0.0005742626402349,65722.17249888829,-0.0066422774881373,0.385525494580405,0.19999999999838264,0.013416143808928301,0.006022743188270528,0.000906964441979778,95867.73955144183
2025-05-19,24957.013101563505,25092.15,1,-0.0007494671258009,-0.0007494671258009,-0.0007494671258009,0.0007494671258009,0.0054147865326091,0.5,2.0,0.002,-0.0016252664370995,65615.3564577526,-0.0030903836010482,0.1855254949799996,0.19999999960040543,0.013416143808928301,0.004573015231760904,-0.00033904525908585504,95835.23604884764
2025-05-20,24788.21627627826,25118.852,1,-0.0067635026915408,-0.0067635026915408,-0.0067635026915408,-0.0067635026915408,0.0133384233878154,1.0,0.0,0.0,-0.0067635026915408,65171.56681774418,0.0054147865326091,0.3855254947375754,0.19999999975757582,0.013416143808928301,0.0060804719644187875,-0.0028075027210727656,95566.17836286584
2025-05-21,24803.811144758925,24977.488,1,0.0006291242704536,0.0006291242704536,0.0006291242704536,0.0006291242704536,0.0070020229644335,0.5,0.0,0.0,0.0003145621352268,65192.06732495844,0.0133384233878154,0.5855254947224076,0.19999999998483214,0.013416143808928301,0.008137964592667647,0.0001683682997143857,95582.26867782701
2025-05-22,24683.84331805528,24894.572,1,-0.0048366690910318,-0.0048366690910318,-0.0048366690910318,-0.0048366690910318,0.0085371098507411,0.5,0.0,0.0,-0.0024183345455159,65034.41109645288,0.0070020229644335,0.7855254947156084,0.19999999999320084,0.013416143808928301,0.01061200317577958,-0.003999326880501648,95200.00394140444
2025-05-23,24788.480850922733,24845.348,1,0.0042391102357595,0.0042391102357595,0.0042391102357595,0.0042391102357595,0.0022940957705018,0.2,0.0,0.0,0.0008478220471519,65089.548704004,0.0085371098507411,0.9855254947081626,0.19999999999255424,0.013416143808928301,0.013255864242504339,0.003977751212226764,95578.68587248636
2025-05-26,24919.917856202017,24910.91,-1,0.0053023420866225,0.0053023420866225,0.0053023420866225,0.0053023420866225,-0.0003614721466577,0.2,2.0,0.002,-0.0009395315826754,65028.3950172945,0.0022940957705018,0.9987335042199497,0.013208009511787022,0.013416143808928301,0.013416143728165903,0.005282418683233622,96083.5725084581
2025-05-27,24861.99655278916,24980.307,1,-0.0023242975256614,-0.0023242975256614,-0.0023242975256614,0.0023242975256614,0.0047586864940485,0.2,2.0,0.002,-0.0015351404948677,64928.56729478719,-0.0003614721466577,0.9987335025897693,1.6301803240637014e-09,0.013416143808928301,0.013399152297539008,-0.0023213538104947247,95860.52854128965
2025-05-28,24794.292576960983,25008.178,1,-0.0027231914252913,-0.0027231914252913,-0.0027231914252913,-0.0027231914252913,0.008626397481401,0.5,0.0,0.0,-0.0013615957126456,64840.16083593038,0.0047586864940485,0.9775569655582157,0.021176537031553644,0.013098025953184838,0.013098026117242248,-0.002683251283373469,95603.31065505637
2025-05-29,24818.585658990527,24964.115,1,0.0009797852450978,0.0009797852450978,0.0009797852450978,0.0009797852450978,0.0058637241867469,0.5,0.0,0.0,0.0004898926225489,64871.92555236879,0.008626397481401,0.9788162215947307,0.0012592560365149996,0.013098025953184838,0.013098026639861225,0.0009577704355443808,95694.87667954195
2025-05-30,24776.62953154644,25046.633,1,-0.0016905124256703,-0.0016905124256703,-0.0016905124256703,-0.0016905124256703,0.0108975059787604,1.0,0.0,0.0,-0.0016905124256703,64762.25875614536,0.0058637241867469,0.9800661828133116,0.0012499612185808973,0.013098025953184838,0.013098025963090813,-0.0016580640212437439,95536.20844750224
2025-06-02,24739.52899930246,24866.314,1,-0.0014974002899281,-0.0014974002899281,-0.0014974002899281,-0.0014974002899281,0.0051247944413619,0.5,0.0,0.0,-0.000748700144964,64713.77124362643,0.0108975059787604,0.9813071042330884,0.0012409214197768303,0.013098025953184838,0.013098026164092131,-0.0014706504638069078,95395.70807823856
2025-06-03,24617.758380964147,24815.137,1,-0.0049221073829556,-0.0049221073829556,-0.0049221073829556,-0.0049221073829556,0.0080177332144292,0.5,0.0,0.0,-0.0024610536914778,64554.50717801785,0.0051247944413619,0.9825390035573349,0.0012318993242464993,0.013098025953184838,0.013098026169181534,-0.004837394382775643,94934.24141583998
2025-06-04,24619.266901676827,24717.941,1,6.12777446806767e-05,6.12777446806767e-05,6.12777446806767e-05,6.12777446806767e-05,0.0040080031106227,0.2,0.0,0.0,1.225554893613534e-05,64555.298328939614,0.0080177332144292,0.9837619883394761,0.0012229847821412232,0.013098025953184838,0.013098026053201775,5.9059731165880044e-05,94939.84820661643
2025-06-05,24700.62087190453,24469.717,-1,0.0033044838643088,0.0033044838643088,0.0033044838643088,0.0033044838643088,-0.0093480999162725,0.5,2.0,0.002,-0.0003477580678455,64532.84870312355,0.0040080031106227,0.98497616145662,0.0012141731171438908,0.013098025953184838,0.013098025963433993,0.0032536236591450764,95248.74674293713
2025-06-06,24887.532835094586,24578.04,-1,0.0075670957487006,0.0075670957487006,0.0075670957487006,-0.0075670957487006,-0.012435657529627,1.0,0.0,0.0,-0.0075670957487006,64044.52245805061,-0.0093480999162725,0.7849761614607792,0.19999999999584084,0.013098025953184838,0.010444579978851197,0.0057399897742253375,95795.47357524937
2025-06-09,25020.821990424403,24929.23,-1,0.0053556596474626,0.0053556596474626,0.0053556596474626,-0.0053556596474626,-0.0036606307522373,0.2,0.0,0.0,-0.0010711319294925,63975.92232513668,-0.012435657529627,0.5849761614931791,0.1999999999676001,0.013098025953184838,0.007945920387234576,0.002932933222868984,96076.43530229869
2025-06-10,25072.38333595588,25123.1,1,0.0020607374750201,0.0020607374750201,0.0020607374750201,-0.0020607374750201,0.0020228098527589,0.2,2.0,0.002,-0.002412147495004,63821.602964359525,-0.0036606307522373,0.38497616150220365,0.19999999999097545,0.013098025953184838,0.005872186017214177,0.0005933348030060059,96133.4407951123
2025-06-11,25115.038221544804,25141.676,1,0.0017012696805633,0.0017012696805633,0.0017012696805633,0.0017012696805633,0.0010606306158174,0.2,0.0,0.0,0.0003402539361126,63843.31851597717,0.0020228098527589,0.5849761614490163,0.19999999994681267,0.013098025953184838,0.007960091347095587,0.0007952022073787008,96209.88631943549
2025-06-12,24974.84400784348,25216.611,1,-0.0055820824346212,-0.0055820824346212,-0.0055820824346212,-0.0055820824346212,0.0096804205095572,0.5,0.0,0.0,-0.0027910412173106,63665.12918254919,0.0010606306158174,0.7849761577128463,0.19999999626383003,0.013098025953184838,0.010397400862129546,-0.004581801617829151,95769.07170664593
2025-06-13,24816.47626016319,25047.367,1,-0.0063410905641915,-0.0063410905641915,-0.0063410905641915,-0.0063410905641915,0.0093039292692592,0.5,0.0,0.0,-0.0031705452820957,63463.27600758543,0.0096804205095572,0.9849761577093082,0.1999999999964619,0.013098025953184838,0.013004270469879864,-0.0064458230196005545,95151.76121967347
2025-06-16,24896.83535072672,24822.791,-1,0.0032381346054566,0.0032381346054566,0.0032381346054566,0.0032381346054566,-0.0029740466884099,0.2,2.0,0.002,-0.0013523730789086,63377.44998161342,0.0093039292692592,0.9932365300422996,0.008260372332991373,0.013098025953184838,0.013098026524163161,0.003207973207000613,95457.0055202651
2025-06-17,24869.99106908386,24878.258,1,-0.0010782206358638,-0.0010782206358638,-0.0010782206358638,0.0010782206358638,0.0003324058658959,0.2,2.0,0.002,-0.0017843558728272,63264.36205653392,-0.0029740466884099,0.7932365302319117,0.19999999981038796,0.013098025953184838,0.010467830580425871,-0.0010552839958274341,95356.27127004994
2025-06-18,24834.182001884583,25046.383,1,-0.0014398504245459,-0.0014398504245459,-0.0014398504245459,-0.0014398504245459,0.0085447146235505,0.5,0.0,0.0,-0.0007199252122729,63218.81644725106,0.0003324058658959,0.7932365308517602,6.198485058561687e-10,0.013098025953184838,0.010452053391938259,-0.0011421419563320723,95247.36087183304
2025-06-19,24808.884633492333,24990.65,1,-0.0010186511635588,-0.0010186511635588,-0.0010186511635588,-0.0010186511635588,0.0073266238766043,0.5,0.0,0.0,-0.0005093255817794,63186.61748678466,0.0085447146235505,0.9932365308198883,0.19999999996812812,0.013098025953184838,0.013053210159871683,-0.0012117615477769132,95131.94378240131
2025-06-20,24996.46768752148,24866.04,-1,0.007561124040857,0.007561124040857,0.007561124040857,0.007561124040857,-0.005217844743183,0.5,2.0,0.002,0.0017805620204285,63299.125178080976,0.0073266238766043,0.9977767602506508,0.004540229430762488,0.013098025953184838,0.013098026141421568,0.007539773619908844,95849.2171025425
2025-06-23,24981.28426302774,25061.27,1,-0.0006074228040355,-0.0006074228040355,-0.0006074228040355,0.0006074228040355,0.003201826460565,0.2,2.0,0.002,-0.0018785154391928,63180.21679414654,-0.005217844743183,0.7977767603439623,0.19999999990668849,0.013098025953184838,0.010481919635100784,-0.0006845877966691751,95783.59989819382
2025-06-24,25020.26079058264,25140.203,1,0.0015602291357206,0.0015602291357206,0.0015602291357206,0.0015602291357206,0.0047938033268825,0.2,0.0,0.0,0.0003120458271441,63199.93191715522,0.003201826460565,0.9977767581519644,0.19999999780800215,0.013098025953184838,0.013068905873759057,0.0013567603712055392,95913.55529074708
2025-06-25,25159.00275211016,25161.098,1,0.0055451844682508,0.0055451844682508,0.0055451844682508,0.0055451844682508,8.328024407357381e-05,0.2,0.0,0.0,0.0011090368936501,63270.02297332752,0.0047938033268825,0.980021208862649,0.017755549289315442,0.012821635413270152,0.012821635431800585,0.005416642836652219,96433.08476295056
2025-06-26,25400.034306825,25167.191,-1,0.0095803302336625,0.0095803302336625,0.0095803302336625,0.0095803302336625,-0.0091670469422333,0.5,2.0,0.002,0.0027901651168312,63446.556784368826,8.328024407357381e-05,0.9800212061954772,2.6671718167392555e-09,0.012821635413270152,0.012807150591090447,0.009388926788677749,97338.48793579626
2025-06-27,25546.982069404883,25339.432,-1,0.0057853371694225,0.0057853371694225,0.0057853371694225,-0.0057853371694225,-0.0081242500128202,0.5,0.0,0.0,-0.0028926685847112,63263.02692275058,-0.0091670469422333,0.7800212061969872,0.19999999999848994,0.012821635413270152,0.010191999387052734,0.004312685677150712,97758.27823855248
2025-06-30,25528.483515998098,25539.672,1,-0.0007240993615813,-0.0007240993615813,-0.0007240993615813,0.0007240993615813,0.0004382745255858,0.2,2.0,0.002,-0.0018551801276837,63145.66261238637,-0.0081242500128202,0.5800212062025379,0.19999999999444928,0.012821635413270152,0.007727641619658849,-0.0006199929851093227,97697.66879180822
2025-07-01,25536.71403856097,25591.713,1,0.0003224054635957,0.0003224054635957,0.0003224054635957,0.0003224054635957,0.0021537211622442,0.2,0.0,0.0,6.44810927191486e-05,63149.73431371208,0.0004382745255858,0.5800212065943207,3.917827173793853e-10,0.012821635413270152,0.0077174092404878845,0.00018700200561559653,97715.93845181626
2025-07-02,25485.2233724098,25624.504,1,-0.0020163387534284,-0.0020163387534284,-0.0020163387534284,-0.0020163387534284,0.0054651523180677,0.5,0.0,0.0,-0.0010081693767142,63086.06868542935,0.0021537211622442,0.7800212021024375,0.19999999550811687,0.012821635413270152,0.010174478039168907,-0.0017727869738030676,97542.70890899592
2025-07-03,25435.828494604088,25677.209,1,-0.0019381771579521,-0.0019381771579521,-0.0019381771579521,-0.0019381771579521,0.0094897834936698,0.5,0.0,0.0,-0.000969088578976,63024.932696773794,0.0054651523180677,0.9800212016871683,0.1999999995847308,0.012821635413270152,0.01273698141492019,-0.0020994547070035687,97337.92240964306
2025-07-04,25451.38534048676,25729.074,1,0.000611611526079,0.000611611526079,0.000611611526079,0.000611611526079,0.0109105518539892,1.0,0.0,0.0,0.000611611526079,63063.47947204149,0.0094897834936698,0.9876737250525708,0.007652523365402453,0.012821635413270152,0.012821635590244976,0.000596420110882131,97395.97670411965
2025-07-07,25457.51341989188,25641.674,1,0.0002407758683127,0.0002407758683127,0.0002407758683127,0.0002407758683127,0.0072340364540168,0.5,0.0,0.0,0.0001203879341563,63071.07155405584,0.0109105518539892,0.9887381275919698,0.0010644025393989898,0.012821635413270152,0.012821635519676678,0.0002369998786654307,97419.05953878102
2025-07-08,25497.67733521132,25601.379,1,0.0015776841460115,0.0015776841460115,0.0015776841460115,0.0015776841460115,0.0040671024040873,0.2,0.0,0.0,0.0003155368292023,63090.97279998839,0.0072340364540168,0.9897955475098594,0.001057419917889657,0.012821635413270152,0.012821635530580262,0.0015605273231811881,97571.0846429899
2025-07-09,25484.341567244544,25643.39,1,-0.0005230189319385,-0.0005230189319385,-0.0005230189319385,-0.0005230189319385,0.0062410257818817,0.5,0.0,0.0,-0.0002615094659692,63074.473913383976,0.0040671024040873,0.9908460386621586,0.00105049115229916,0.012821635413270152,0.012821635432611205,-0.000519281728008875,97520.41776155277
2025-07-10,25404.558591026424,25687.15,1,-0.003130666570592,-0.003130666570592,-0.003130666570592,-0.003130666570592,0.0111236496379589,1.0,0.0,0.0,-0.003130666570592,62877.00876644567,0.0062410257818817,0.9918896909619352,0.001043652299776654,0.012821635413270152,0.01282163551209615,-0.0031063195495091376,97217.48818138377
2025-07-11,25247.139783125967,25513.951,1,-0.0061964787672422,-0.0061964787672422,-0.0061964787672422,-0.0061964787672422,0.0105679779636803,1.0,0.0,0.0,-0.0061964787672422,62487.39271667668,0.0111236496379589,0.9929265509591545,0.0010368599972192527,0.012821635413270152,0.01282163551027159,-0.006153685150446651,96619.24236799826
2025-07-14,25145.263677295014,25332.428,1,-0.0040351543464358,-0.0040351543464358,-0.0040351543464358,-0.0040351543464358,0.0074433231286409,0.5,0.0,0.0,-0.0020175771732179,62361.319579517614,0.0105679779636803,0.9939567376428325,0.0010301866836780471,0.012821635413270152,0.012821636107916007,-0.0040117990367523025,96231.6253845346
2025-07-15,25176.49732523218,25228.123,1,0.0012421284715089,0.0012421284715089,0.0012421284715089,0.0012421284715089,0.0020505503248094,0.2,0.0,0.0,0.0002484256943017,62376.81173363173,0.0074433231286409,0.9949802024698519,0.0010234648270193158,0.012821635413270152,0.012821635833452982,0.0012348697732484737,96350.45890995253
2025-07-16,25198.47056946872,25200.47,1,0.0008727681199132,0.0008727681199132,0.0008727681199132,0.0008727681199132,7.934729712135517e-05,0.2,0.0,0.0,0.0001745536239826,62387.69983217232,0.0020505503248094,0.995997064940646,0.0010168624707941332,0.012821635413270152,0.012821635406100812,0.0008682576233365188,96434.11593041307
2025-07-17,25144.688416977624,25031.697,-1,-0.0021343419372548,-0.0021343419372548,-0.0021343419372548,-0.0021343419372548,-0.0044936495176982,0.2,2.0,0.002,-0.0024268683874509,62236.29309568384,7.934729712135517e-05,0.9959970647938531,1.4679291115982096e-10,0.012821635413270152,0.012808662117239248,-0.0021257983049189997,96229.11645023183
2025-07-18,25035.736424882067,24771.957,-1,-0.0043330022742295,-0.0043330022742295,-0.0043330022742295,0.0043330022742295,-0.0105361160704626,1.0,0.0,0.0,0.0043330022742295,62505.96309520705,-0.0044936495176982,0.7959970647978388,0.19999999999601425,0.012821635413270152,0.010236363875673013,-0.0036490570920450563,95877.97091038787
2025-07-21,25069.705299609104,24775.508,-1,0.0013568154797027,0.0013568154797027,0.0013568154797027,-0.0013568154797027,-0.0117351718376079,1.0,0.0,0.0,-0.0013568154797027,62421.15403690575,-0.0105361160704626,0.5959970648429366,0.19999999995490225,0.012821635413270152,0.007759703558903531,0.0006086580434813679,95936.32780857517
2025-07-22,25064.26356658908,24921.467,-1,-0.0002170641000757,-0.0002170641000757,-0.0002170641000757,0.0002170641000757,-0.0056972177223443,0.5,0.0,0.0,0.0001085320500378,62427.9287327191,-0.0117351718376079,0.39599706484187097,0.2000000000010656,0.012821635413270152,0.005664429166983955,-0.00028595674651358497,95908.89416840256
2025-07-23,25160.45241374436,24966.426,-1,0.0038376889430535,0.0038376889430535,0.0038376889430535,-0.0038376889430535,-0.0077115629939296,0.5,0.0,0.0,-0.0019188444715267,62308.13924680145,-0.0056972177223443,0.1959970648531008,0.19999999998877016,0.012586969602937977,0.0041404667853249776,0.0005521757686689146,95961.85273576218
2025-07-24,25099.66703775523,25081.258,-1,-0.0024159094991441,-0.0024159094991441,-0.0024159094991441,0.0024159094991441,-0.0007334375283758,0.2,0.0,0.0,0.0004831818998288,62338.24541189752,-0.0077115629939296,-0.004002935150011122,0.20000000000311194,0.012586969602937977,0.0037519174847733933,-0.00019032927094974226,95943.58838629199
2025-07-25,24937.32988069825,24989.467,1,-0.0064677016158337,-0.0064677016158337,-0.0064677016158337,0.0064677016158337,0.0020907258135164,0.2,2.0,0.002,-0.0007064596768332,62294.20595518947,-0.0007334375283758,-0.004002938170445277,3.0204341553916048e-09,0.012586969602937977,0.003437308124004136,2.588980665263716e-05,95946.07234724489
2025-07-28,24778.847740115176,24856.094,1,-0.0063552169114039,-0.0063552169114039,-0.0063552169114039,-0.0063552169114039,0.0031174274403312,0.2,0.0,0.0,-0.0012710433822807,62215.0273169557,0.0020907258135164,0.19599706180861987,0.19999999997906515,0.012586969602937977,0.004599808218215038,-0.0014456038417706815,95807.3723364569
2025-07-29,24804.96083140596,24600.672,-1,0.0010538460692224,0.0010538460692224,0.0010538460692224,0.0010538460692224,-0.0082358054420834,0.5,2.0,0.002,-0.0014730769653887,62123.379793314045,0.0031174274403312,0.3959970617901572,0.19999999998153734,0.012586969602937977,0.005675481593226727,0.00021731994700963962,95828.19318953619
2025-07-30,24835.91812290436,24686.594,-1,0.0012480282355136,0.0012480282355136,0.0012480282355136,-0.0012480282355136,-0.0060124261227391,0.5,0.0,0.0,-0.0006240141177568,62084.613927280254,-0.0082358054420834,0.19599706178953413,0.20000000000062307,0.012586969602937977,0.004131509163931903,4.4609867190419225e-05,95832.46807250749
2025-07-31,24794.158484973905,24756.87,-1,-0.0016814211467359,-0.0016814211467359,-0.0016814211467359,0.0016814211467359,-0.0015039221837879,0.2,0.0,0.0,0.0003362842293471,62105.49200382911,-0.0060124261227391,-0.004002938201527422,0.19999999999106155,0.012586969602937977,0.003807271410116726,-0.00019326937504993637,95813.94659129361
2025-08-01,24652.74682292613,24803.422,1,-0.0057034265604729,-0.0057034265604729,-0.0057034265604729,0.0057034265604729,0.006111902180967,0.5,2.0,0.002,0.0008517132802364,62158.3880761444,-0.0015039221837879,-0.2040029352447199,0.1999999970431925,0.012586969602937977,0.0042821489643646345,0.000963515762245976,95906.26483907734
2025-08-04,24696.011165678265,24660.992,-1,0.0017549501912663,0.0017549501912663,0.0017549501912663,0.0017549501912663,-0.0014180089830431,0.2,2.0,0.002,-0.0016490099617467,62055.88827500072,0.006111902180967,-0.004002935254144994,0.1999999999905749,0.012586969602937977,0.0038008900385586124,-0.00020702495198046328,95886.4098492044
2025-08-05,24667.297068971213,24610.756,-1,-0.0011627018029113,-0.0011627018029113,-0.0011627018029113,0.0011627018029113,-0.0022921469187775,0.2,0.0,0.0,0.0002325403605822,62070.318773636434,-0.0014180089830431,-0.20400293195078723,0.19999999669664223,0.012586969602937977,0.00424154602457056,3.719458008172934e-05,95889.97630395429
2025-08-06,24609.759433254952,24560.938,-1,-0.0023325472408015,-0.0023325472408015,-0.0023325472408015,0.0023325472408015,-0.0019838240754593,0.2,0.0,0.0,0.0004665094481603,62099.27516379466,-0.0022921469187775,-0.4040029317982824,0.19999999984749517,0.012586969602937977,0.005772899303676903,0.000742355923994305,95961.1607959152
2025-08-07,24601.34858235529,24573.168,-1,-0.0003417689198658,-0.0003417689198658,-0.0003417689198658,0.0003417689198658,-0.0011454893320564,0.2,0.0,0.0,6.835378397316295e-05,62103.519884234105,-0.0019838240754593,-0.6040029295864489,0.19999999778816646,0.012586969602937977,0.007905992315297096,6.429431052373038e-06,95961.77777158224
2025-08-08,24454.226950325046,24576.855,1,-0.0059802263090472,-0.0059802263090472,-0.0059802263090472,0.0059802263090472,0.0050145952241325,0.5,2.0,0.002,0.0009901131545236,62165.009396213696,-0.0011454893320564,-0.8040029247667276,0.19999999518027878,0.012586969602937977,0.010431257758420173,0.0046081194480606024,96403.98110600194
2025-08-11,24535.08052437513,24434.107,-1,0.0033063230424059,0.0033063230424059,0.0033063230424059,0.0033063230424059,-0.004115475564664,0.2,2.0,0.002,-0.0013387353915188,62081.78689802089,0.0050145952241325,-0.6040029247682842,0.19999999999844342,0.012586969602937977,0.007890130552070834,-0.002197028787840379,96192.17878424964
2025-08-12,24505.61258112941,24501.121,-1,-0.0012010534555386,-0.0012010534555386,-0.0012010534555386,0.0012010534555386,-0.0001832878535291,0.2,0.0,0.0,0.0002402106911077,62096.69960695686,-0.004115475564664,-0.8040029247009606,0.19999999993267636,0.012586969602937977,0.010394550059552733,0.0007656504910425532,96265.82837317025
2025-08-13,24575.90593036459,24361.531,-1,0.002868459174504,0.002868459174504,0.002868459174504,-0.002868459174504,-0.0087229716362041,0.5,0.0,0.0,-0.001434229587252,62007.63868310986,-0.0001832878535291,-0.8040029247004468,5.138112157965224e-13,0.012586969602937977,0.010389027223121138,-0.002306249565685559,96043.81534829426
2025-08-14,24610.141831013505,24538.36,-1,0.0013930676958937,0.0013930676958937,0.0013930676958937,-0.0013930676958937,-0.0029167581197376,0.2,0.0,0.0,-0.0002786135391787,61990.36251544025,-0.0087229716362041,-0.9768946823995559,0.17289175769910914,0.012586969602937977,0.01258696979272067,-0.0015337721820402664,95896.50601605602
2025-08-18,24775.037865084232,24596.863,-1,0.0067003284744555,0.0067003284744555,0.0067003284744555,-0.0067003284744555,-0.0071917090926159,0.5,0.0,0.0,-0.0033501642372277,61782.68461988823,-0.0029167581197376,-0.9778025663004958,0.0009078839009398765,0.012586969602937977,0.012586969556065373,-0.006552506261279814,95268.14355995097
2025-08-19,24902.113394381136,24944.291,1,0.0051291759870928,0.0051291759870928,0.0051291759870928,-0.0051291759870928,0.0016937359874195,0.2,2.0,0.002,-0.0030258351974185,61595.74039817436,-0.0071917090926159,-0.9787051600016967,0.0009025937012009377,0.012586969602937977,0.01258696998242086,-0.00502085359882572,94789.81615850453
2025-08-20,24993.852744667303,24915.588,-1,0.0036839985760752,0.0036839985760752,0.0036839985760752,0.0036839985760752,-0.0031313597574108,0.2,2.0,0.002,-0.0012632002847849,61517.93264136184,0.0016937359874195,-0.7787051600319153,0.19999999996978146,0.012586969602937977,0.010031412708518723,-0.0030687487007097685,94498.9300333276
2025-08-21,25049.41230395824,24983.21,-1,0.0022229289681157,0.0022229289681157,0.0022229289681157,-0.0022229289681157,-0.0026428685493663,0.2,0.0,0.0,-0.0004445857936231,61490.58264245643,-0.0031313597574108,-0.9599917694492303,0.181286609417315,0.012322968673817186,0.012322968665464392,-0.002315280122878657,94280.13853898815
2025-08-22,24938.59096409147,25055.479,1,-0.0044241093771792,-0.0044241093771792,-0.0044241093771792,0.0044241093771792,0.0046870344871061,0.2,2.0,0.002,-0.0011151781245641,61422.00968982685,-0.0026428685493663,-0.9609221264394595,0.000930356990229253,0.012322968673817186,0.012322968631647595,0.0042502942333295605,94680.85686813793
2025-08-25,24956.612239362115,25119.602,1,0.0007226260415673,0.0007226260415673,0.0007226260415673,0.0007226260415673,0.0065309249137914,0.5,0.0,0.0,0.0003613130207836,61444.202261690494,0.0046870344871061,-0.7609221264488498,0.1999999999906097,0.012322968673817186,0.009771151290991896,-0.0007498621441673146,94609.85927779519
2025-08-26,24805.4649459106,25084.932,1,-0.0060564026880669,-0.0060564026880669,-0.0060564026880669,-0.0060564026880669,0.0112663501651266,1.0,0.0,0.0,-0.0060564026880669,61072.07142994666,0.0065309249137914,-0.5609221264495559,0.19999999999929396,0.012322968673817186,0.007284761946558638,0.0031971702744259976,94912.34310754578
2025-08-28,24617.2336989756,24907.145,1,-0.0075882974717644,-0.0075882974717644,-0.0075882974717644,-0.0075882974717644,0.0117767619452897,1.0,0.0,0.0,-0.0075882974717644,60608.63838471938,0.0112663501651266,-0.360922126443611,0.20000000000594487,0.012322968673817186,0.005149510074158623,0.0025387844595899395,95153.30508925048
2025-08-29,24499.56986068522,24776.336,1,-0.0047797343815798,-0.0047797343815798,-0.0047797343815798,-0.0047797343815798,0.0112967754490624,1.0,0.0,0.0,-0.0047797343815798,60318.9451920112,0.0117767619452897,-0.16092212644172318,0.2000000000018878,0.012322968673817186,0.0038900982282283367,0.0005691650205085484,95207.46302209307
2025-09-01,24577.12133453388,24616.428,1,0.0031654218539203,0.0031654218539203,0.0031654218539203,0.0031654218539203,0.0015993193397669,0.2,0.0,0.0,0.000633084370784,60357.132173474434,0.0112967754490624,0.039077873558300114,0.2000000000000233,0.012322968673817186,0.003664191233826127,-7.630204503384586e-05,95200.198497962
2025-09-02,24578.652992619154,24752.514,1,6.232048352727837e-05,6.232048352727837e-05,6.232048352727837e-05,6.232048352727837e-05,0.007073658895508,0.5,0.0,0.0,3.1160241763639185e-05,60359.01291630513,0.0015993193397669,0.23907787148815654,0.19999999792985643,0.012322968673817186,0.004429336865808999,-0.00018510054937804197,95182.57688891914
2025-09-03,24662.951461983343,24712.594,1,0.0034297432568621,0.0034297432568621,0.0034297432568621,0.0034297432568621,0.0020128384914992,0.2,0.0,0.0,0.0006859486513724,60400.41609981324,0.007073658895508,0.4390778714739511,0.19999999998579457,0.012322968673817186,0.005867319688857369,0.001305924368939353,95306.87813557682
2025-09-04,24707.047766364307,24753.436,1,0.001787957311149,0.001787957311149,0.001787957311149,0.001787957311149,0.0018775304145745,0.2,0.0,0.0,0.0003575914622298,60422.01477292566,0.0020128384914992,0.6390778709457866,0.1999999994718355,0.012322968673817186,0.008015510129809693,0.0009426439522792207,95396.71858786193
2025-09-05,24728.03140074513,24736.357,1,0.0008492975194467,0.0008492975194467,0.0008492975194467,0.0008492975194467,0.0003366866985867,0.2,0.0,0.0,0.0001698595038893,60432.27802637897,0.0018775304145745,0.8390778702216397,0.1999999992758531,0.012322968673817186,0.01045250376263404,0.0005126267545260056,95445.62149810405
2025-09-08,24755.91647002896,24804.455,1,0.0011276704090155,0.0011276704090155,0.0011276704090155,0.0011276704090155,0.0019606840259704,0.2,0.0,0.0,0.0002255340818031,60445.90756471492,0.0003366866985867,0.8390778706275372,4.0589753780295723e-10,0.012322968673817186,0.01043773339331075,0.0009462032851605121,95535.93245871975
2025-09-09,24825.558480103853,24718.75,-1,0.0028131461082931,0.0028131461082931,0.0028131461082931,0.0028131461082931,-0.0043023596101353,0.2,2.0,0.002,-0.0014373707783413,60359.024383511074,0.0019606840259704,0.9929094637187701,0.15383159309123284,0.012322968673817186,0.012322968559729497,0.002639367800656614,95788.086922657
2025-09-10,24916.743912731963,24792.889,-1,0.0036730465782346,0.0036730465782346,0.0036730465782346,-0.0036730465782346,-0.0049707503181696,0.2,0.0,0.0,-0.0007346093156469,60314.684081915584,-0.0043023596101353,0.792909463723459,0.19999999999531104,0.012322968673817186,0.00985221409237827,0.002712393392583972,96047.90189671428
2025-09-11,24971.59819137206,24889.83,-1,0.0022015026855923,0.0022015026855923,0.0022015026855923,-0.0022015026855923,-0.0032744476643193,0.2,0.0,0.0,-0.0004403005371184,60288.12749411818,-0.0049707503181696,0.5929094637244227,0.1999999999990364,0.012322968673817186,0.007430055021682849,0.0011052917767033705,96154.06285285031
2025-09-12,25059.607349163583,24952.207,-1,0.0035243702512373,0.0035243702512373,0.0035243702512373,-0.0035243702512373,-0.0042857953704996,0.2,0.0,0.0,-0.0007048740502474,60245.63195750957,-0.0032744476643193,0.39290946386770015,0.1999999998567225,0.012322968673817186,0.005385499230238611,0.0011847584260281966,96267.9821890121
2025-09-15,25065.535450583644,25134.617,1,0.0002365600281546,0.0002365600281546,0.0002365600281546,-0.0002365600281546,0.0027560372509315,0.2,2.0,0.002,-0.0020473120056309,60122.29035191614,-0.0042857953704996,0.19290946386891153,0.19999999999878862,0.012322968673817186,0.0038928321711997984,-0.00015436533179467014,96253.12175000028
2025-09-16,25172.80399994549,25139.312,-1,0.0042795235542971,0.0042795235542971,0.0042795235542971,0.0042795235542971,-0.0013304834831097,0.2,2.0,0.002,-0.0011440952891405,60053.50472275217,0.0027560372509315,0.39290946385199144,0.1999999999830799,0.012322968673817186,0.005444604006353866,0.0014814653052777622,96395.71741039757
2025-09-17,25270.110979371893,25306.447,1,0.0038655598091741,0.0038655598091741,0.0038655598091741,-0.0038655598091741,0.0014379050672855,0.2,2.0,0.002,-0.0027731119618348,59886.9696304554,-0.0013304834831097,0.19290946392980088,0.19999999992219056,0.012322968673817186,0.004027683361306181,0.0005457030706541684,96448.32084938633
2025-09-18,25364.972169600467,25449.58,1,0.0037538889443742,0.0037538889443742,0.0037538889443742,0.0037538889443742,0.0033356169221796,0.2,0.0,0.0,0.0007507777888748,59931.93143709697,0.0014379050672855,0.3929094638985403,0.19999999996873943,0.012322968673817186,0.005332847836938901,0.0012749384926999847,96571.28652619351
2025-09-19,25341.53546269929,25576.117,1,-0.0009239792081958,-0.0009239792081958,-0.0009239792081958,-0.0009239792081958,0.0092568004668065,0.5,0.0,0.0,-0.0004619896040979,59904.24350781952,0.0033356169221796,0.5929094636868418,0.19999999978830152,0.012074255236621987,0.007382798638651886,-0.0007478360165774661,96499.067039962
2025-09-22,25255.51387459172,25448.967,1,-0.0033944899761177,-0.0033944899761177,-0.0033944899761177,-0.0033944899761177,0.0076598372287685,0.5,0.0,0.0,-0.0016972449880588,59802.57133076241,0.0092568004668065,0.79290946368471,0.19999999999786822,0.012074255236621987,0.009768373437627244,-0.0028915232264444778,96220.03774628573
2025-09-23,25202.354376589967,25330.516,1,-0.0021048670110503,-0.0021048670110503,-0.0021048670110503,-0.0021048670110503,0.0050853035988209,0.5,0.0,0.0,-0.0010524335055251,59739.63310097735,0.0076598372287685,0.9829717474979642,0.19006228381325418,0.012074255236621987,0.01207425541611793,-0.002259087087916184,96002.66830141429
2025-09-24,25112.458869464463,25314.682,1,-0.0035669487771747,-0.0035669487771747,-0.0035669487771747,-0.0035669487771747,0.0080527013139852,0.5,0.0,0.0,-0.0017834743885873,59633.08899535815,0.0050853035988209,0.9840129124193809,0.001041164921416704,0.012074255236621987,0.012074255245013505,-0.0035109648195998425,95665.6063104203
2025-09-25,24975.496814507456,25278.375,1,-0.0054539484034176,-0.0054539484034176,-0.0054539484034176,-0.0054539484034176,0.0121270134380915,1.0,0.0,0.0,-0.0054539484034176,59307.853204841056,0.0080527013139852,0.9850489775244502,0.0010360651050692615,0.012074255236621987,0.012074255346397233,-0.005373442363362684,95151.55268875511
2025-09-26,24777.2329968201,25135.496,1,-0.0079383332856142,-0.0079383332856142,-0.0079383332856142,-0.0079383332856142,0.0144593628847045,1.0,0.0,0.0,-0.0079383332856142,58837.04769964674,0.0121270134380915,0.9860799589181067,0.0010309813936565382,0.012074255236621987,0.01207425545098797,-0.007828862341550346,94406.62428117008
2025-09-29,24689.266608484173,24903.797,1,-0.0035502910412642,-0.0035502910412642,-0.0035502910412642,-0.0035502910412642,0.0086892168535336,0.5,0.0,0.0,-0.0017751455206321,58732.60337797549,0.0144593628847045,0.9871058715838537,0.0010259126657469197,0.012074255236621987,0.012074255288154487,-0.0035055390453291924,94075.67817361471
2025-09-30,24640.95674623612,24753.102,1,-0.0019567151594309,-0.0019567151594309,-0.0019567151594309,-0.0019567151594309,0.0045511728671416,0.2,0.0,0.0,-0.0003913430318861,58709.618782898986,0.0086892168535336,0.9881267916165487,0.0010209200326950496,0.012074255236621987,0.012074255334374982,-0.0019345035926286137,93893.68843620887
2025-10-01,24761.68599937425,24658.283,-1,0.0048995359385375,0.0048995359385375,0.0048995359385375,0.0048995359385375,-0.0041759272521614,0.2,2.0,0.002,-0.0010200928122924,58649.72952276612,0.0045511728671416,0.9891427275578691,0.0010159359413204339,0.012074255236621987,0.012074255237216395,0.004845324406071467,94348.63381636492
2025-10-03,24843.615057445622,24791.775,-1,0.0033087027302358,0.0033087027302358,0.0033087027302358,-0.0033087027302358,-0.0020866551556909,0.2,0.0,0.0,-0.0006617405460471,58610.9186187262,-0.0041759272521614,0.7891427275723643,0.19999999998550488,0.012074255236621987,0.009648644439872402,0.002411038697278903,94576.11202353156
2025-10-06,24988.25684791889,24814.793,-1,0.0058220911143089,0.0058220911143089,0.0058220911143089,-0.0058220911143089,-0.0069418146681701,0.5,0.0,0.0,-0.0029110455571544,58440.29956448041,-0.0020866551556909,0.5891427275811375,0.19999999999122675,0.012074255236621987,0.007257198218964932,0.0032300426393186226,94881.59689802854
2025-10-07,25062.44807886074,24987.545,-1,0.0029690438750245,0.0029690438750245,0.0029690438750245,-0.0029690438750245,-0.0029886577171174,0.2,0.0,0.0,-0.0005938087750049,58405.59720178511,-0.0069418146681701,0.3891427275811905,0.199999999999947,0.012074255236621987,0.0052278043913879385,0.0009553818318353143,94972.24505188044
2025-10-08,25052.375553593007,24999.629,-1,-0.0004018971026309,-0.0004018971026309,-0.0004018971026309,0.0004018971026309,-0.0021054511768821,0.2,0.0,0.0,8.037942052618874e-05,58410.29180984367,-0.0029886577171174,0.18914272761862513,0.19999999996256537,0.012074255236621987,0.0038742934092104156,-0.00027601591417619634,94946.03120084108
2025-10-09,25132.36474328672,24992.068,-1,0.0031928784367212,0.0031928784367212,0.0031928784367212,-0.0031928784367212,-0.0055823136708293,0.5,0.0,0.0,-0.0015964392183606,58317.043329242544,-0.0021054511768821,-0.010857272369997291,0.19999999998862242,0.012074255236621987,0.0034559533875673665,-0.00023466595082039565,94923.7506001527
2025-10-10,25226.914590293625,25024.074,-1,0.0037620752353662,0.0037620752353662,0.0037620752353662,-0.0037620752353662,-0.008040642051869,0.5,0.0,0.0,-0.0018810376176831,58207.34677698819,-0.0055823136708293,-0.21085727236479412,0.19999999999479684,0.012074255236621987,0.00378014191421369,-0.0009932609225552548,94829.46654805921
2025-10-13,25227.18344687168,25197.668,-1,1.0657529167401592e-05,1.0657529167401592e-05,1.0657529167401592e-05,-1.0657529167401592e-05,-0.0011699858184261,0.2,0.0,0.0,-2.1315058334803182e-06,58207.222707688976,-0.008040642051869,-0.410857272363007,0.19999999999821289,0.012074255236621987,0.005468234755211538,-0.0002043787233620607,94810.085422749
2025-10-14,25176.70030038673,25287.996,1,-0.0020011408166616,-0.0020011408166616,-0.0020011408166616,0.0020011408166616,0.0044205832490114,0.2,2.0,0.002,-0.0015997718366676,58114.10443211057,-0.0011699858184261,-0.6108572723316684,0.1999999999686614,0.012074255236621987,0.007633834278573354,0.0010224114208488109,94907.02033689688
2025-10-15,25267.45888882449,25252.004,-1,0.0036048643132304,0.0036048643132304,0.0036048643132304,0.0036048643132304,-0.0006116518836536,0.2,2.0,0.002,-0.0012790271373539,58039.77491547888,0.0044205832490114,-0.4108572724021948,0.19999999992947365,0.012074255236621987,0.005482272613228248,-0.0016810847190433268,94747.47359527857
2025-10-16,25463.895981392045,25314.834,-1,0.0077743113556398,0.0077743113556398,0.0077743113556398,-0.0077743113556398,-0.0058538560439052,0.5,0.0,0.0,-0.0038871556778199,57814.16527487678,-0.0006116518836536,-0.410857276880296,4.478101223170938e-09,0.012074255236621987,0.005317197568463134,-0.0031941323976758316,94444.83762026996
2025-10-17,25615.90368314186,25517.992,-1,0.0059695382772886,0.0059695382772886,0.0059695382772886,-0.0059695382772886,-0.0038223005658121,0.2,0.0,0.0,-0.0011939076554577,57745.140500361216,-0.0058538560439052,-0.6108572768779822,0.1999999999976862,0.012074255236621987,0.007661546050787509,-0.0038465358962810814,94081.55216214515
2025-10-20,25756.349872197945,25738.926,-1,0.0054827731550424,0.0054827731550424,0.0054827731550424,-0.0054827731550424,-0.0006764884109899,0.2,0.0,0.0,-0.0010965546310084,57681.81979912731,-0.0038223005658121,-0.8108572768497218,0.19999999997173956,0.0118426806600112,0.010054420299750285,-0.004645746510054177,93644.47311952738
2025-10-21,25825.72402500161,25828.725,1,0.002693477653002,0.002693477653002,0.002693477653002,-0.002693477653002,0.0001162010015859,0.2,2.0,0.002,-0.0025386955306004,57535.38322100636,-0.0006764884109899,-0.8108572770620769,2.1235513347761525e-10,0.0118426806600112,0.0100461617865753,-0.0021840259557531104,93439.95115962152
2025-10-23,25866.31425121444,25897.664,1,0.0015716975126636,0.0015716975126636,0.0015716975126636,0.0015716975126636,0.0012119913367281,0.2,0.0,0.0,0.0003143395025327,57553.46886474608,0.0001162010015859,-0.8108572768811316,1.8094525877643264e-10,0.0118426806600112,0.01003955496317895,-0.0012744223653802,93320.86919604366
2025-10-24,25822.332566599503,25960.46,1,-0.001700346024864,-0.001700346024864,-0.001700346024864,-0.001700346024864,0.005349146249443,0.5,0.0,0.0,-0.000850173012432,57504.53845874544,0.0012119913367281,-0.6108572783842685,0.19999999849686312,0.0118426806600112,0.007617755785625979,0.0008386687465630697,93399.13449244048
2025-10-27,25911.155308055964,26001.822,1,0.0034397644452675,0.0034397644452675,0.0034397644452675,0.0034397644452675,0.0034991373740809,0.2,0.0,0.0,0.0006879528890535,57544.09887211181,0.005349146249443,-0.4108572783897813,0.1999999999944872,0.0118426806600112,0.0054212393504307,-0.001613252258279028,93248.45812779925
2025-10-28,25926.63329607609,26063.318,1,0.0005973484329859,0.0005973484329859,0.0005973484329859,0.0005973484329859,0.0052719804520318,0.5,0.0,0.0,0.0002986742164929,57561.28581075624,0.0034991373740809,-0.21085727840138446,0.19999999998839685,0.0118426806600112,0.0036993199901072193,-0.0003259552648251355,93218.06330193566
2025-10-29,26005.288686156764,26127.842,1,0.0030337679860878,0.0030337679860878,0.0030337679860878,0.0030337679860878,0.0047126303930813,0.2,0.0,0.0,0.0006067535972175,57596.21132798238,0.0052719804520318,-0.010857278407248963,0.1999999999941355,0.0118426806600112,0.003479427206129568,-0.00023293846364208975,93196.34922948641
2025-10-30,25926.527005210726,26213.482,1,-0.003028679354287,-0.003028679354287,-0.003028679354287,-0.003028679354287,0.0110680074786569,1.0,0.0,0.0,-0.003028679354287,57421.770871848166,0.0047126303930813,0.18914272158401899,0.19999999999126794,0.0118426806600112,0.0036230010314436904,-0.0007728526558664403,93124.32218346735
2025-10-31,25800.18392635262,26106.248,1,-0.0048731200608825,-0.0048731200608825,-0.0048731200608825,-0.0048731200608825,0.0118628640214755,1.0,0.0,0.0,-0.0048731200608825,57141.94768828116,0.0110680074786569,0.3891427215853732,0.20000000000135423,0.0118426806600112,0.005138580957828436,-0.00209633920310545,92929.10201611152
2025-11-03,25777.419066508064,25962.34,1,-0.000882352618475,-0.000882352618475,-0.000882352618475,-0.000882352618475,0.007173756729284,0.5,0.0,0.0,-0.0004411763092375,57116.7380146974,0.0118628640214755,0.5891427215857851,0.20000000000041185,0.0118426806600112,0.0071520562512034855,-0.0007198316230471172,92862.20870977895
2025-11-04,25666.315914699764,25930.246,1,-0.0043100960387711,-0.0043100960387711,-0.0043100960387711,-0.0043100960387711,0.0102831308621536,1.0,0.0,0.0,-0.0043100960387711,56870.55938843272,0.007173756729284,0.7891427215500143,0.19999999996422924,0.0118426806600112,0.009448588680715117,-0.0036012809181419914,92527.7858095359
2025-11-06,25569.5214733971,25906.777,1,-0.0037712635356143,-0.0037712635356143,-0.0037712635356143,-0.0037712635356143,0.0131897472916645,1.0,0.0,0.0,-0.0037712635356143,56656.08552156114,0.0102831308621536,0.989142721549574,0.19999999999955975,0.0118426806600112,0.01180244541952297,-0.003930317877297757,92164.12219882189
2025-11-07,25521.796461015405,25756.707,1,-0.0018664804670415,-0.0018664804670415,-0.0018664804670415,-0.0018664804670415,0.0092043104937154,0.5,0.0,0.0,-0.0009332402335207,56603.21178307863,0.0131897472916645,0.9934830503142253,0.004340328764651291,0.0118426806600112,0.011842681002304095,-0.001858657036512961,91992.820704583
2025-11-10,25554.27609291745,25534.586,-1,0.0012726232634783,0.0012726232634783,0.0012726232634783,0.0012726232634783,-0.0007705204735934,0.2,2.0,0.002,-0.0017454753473043,56504.41227233303,0.0092043104937154,0.9944265796364117,0.0009435293221863317,0.0118426806600112,0.011842681367124857,0.0012645868697442675,92109.15361775676
2025-11-11,25641.21686598565,25481.826,-1,0.0034022005848288,0.0034022005848288,0.0034022005848288,-0.0034022005848288,-0.0062161974144485,0.5,0.0,0.0,-0.0017011002924144,56408.29260009385,-0.0007705204735934,0.9944264440638241,1.3557258760066304e-07,0.0118426806600112,0.011831559804554692,0.003383238093990579,92420.7808150816
2025-11-12,25786.19769883305,25544.484,-1,0.0056542103132288,0.0056542103132288,0.0056542103132288,-0.0056542103132288,-0.0093737627259403,0.5,0.0,0.0,-0.0028271051566144,56248.82042520832,-0.0062161974144485,0.7944264440642472,0.19999999999957685,0.0118426806600112,0.009458385194008429,0.004291854193130172,92817.43733075519
2025-11-13,25843.645621706262,25721.47,-1,0.0022278555196144,0.0022278555196144,0.0022278555196144,-0.0022278555196144,-0.0047274917592758,0.2,0.0,0.0,-0.0004455711039228,56223.757576197095,-0.0093737627259403,0.5944264440561763,0.20000000000807094,0.0118426806600112,0.007158007548189153,0.001124296234387242,92921.79162603161
2025-11-14,25884.68626733265,25788.29,-1,0.00158803623247,0.00158803623247,0.00158803623247,-0.00158803623247,-0.0037240655087369,0.2,0.0,0.0,-0.000317607246494,56205.90050336578,-0.0047274917592758,0.3944264442460424,0.1999999998101339,0.0118426806600112,0.005036671205880557,0.0004263634846968898,92961.41008491357
2025-11-17,25964.266147800325,25885.86,-1,0.0030744000389182,0.0030744000389182,0.0030744000389182,-0.0030744000389182,-0.0030197713794027,0.2,0.0,0.0,-0.0006148800077836,56171.34061882678,-0.0037240655087369,0.19442644427290465,0.19999999997313775,0.0118426806600112,0.00367269248143898,0.00039774466786620755,92998.38499009216
2025-11-18,25930.75920855969,25897.582,-1,-0.0012905020711887,-0.0012905020711887,-0.0012905020711887,0.0012905020711887,-0.0012794538059163,0.2,0.0,0.0,0.0002581004142377,56185.83846510878,-0.0030197713794027,-0.005573555618138312,0.19999999989104295,0.0118426806600112,0.003448212076337276,-0.00019280731482195006,92980.45422119946
2025-11-19,26006.09210200496,25887.928,-1,0.0029051557202537,0.0029051557202537,0.0029051557202537,-0.0029051557202537,-0.0045437085103551,0.2,0.0,0.0,-0.0005810311440507,56153.19274310595,-0.0012794538059163,-0.20557355367857924,0.19999999806044094,0.011626082994002664,0.003524498802186319,-0.0007972231834626464,92906.32804748543
2025-11-20,26121.08244826078,25922.838,-1,0.0044216695766816,0.0044216695766816,0.0044216695766816,-0.0044216695766816,-0.0075894423078925,0.5,0.0,0.0,-0.0022108347883408,56029.04731111309,-0.0045437085103551,-0.40557355356978425,0.199999999891205,0.011626082994002664,0.0052951592143231155,-0.001993312242817365,92721.13672635316
2025-11-21,26088.3686375474,26112.008,1,-0.0012523910821145,-0.0012523910821145,-0.0012523910821145,0.0012523910821145,0.0009061265110528,0.2,2.0,0.002,-0.001749521783577,55931.02327232923,-0.0075894423078925,-0.6055735535698644,0.20000000000008017,0.011626082994002664,0.007409645684722416,0.0005584149180552053,92772.91359232021
2025-11-24,26008.723439459216,26202.662,1,-0.0030529006698239,-0.0030529006698239,-0.0030529006698239,-0.0030529006698239,0.0074566735653988,0.5,0.0,0.0,-0.0015264503349119,55845.647343123215,0.0009061265110528,-0.60557355294048,6.293844334592791e-10,0.011626082994002664,0.007403656459379307,0.0018487559047702458,92944.42806412674
2025-11-25,25932.135024709685,26108.96,1,-0.0029447202561788,-0.0029447202561788,-0.0029447202561788,-0.0029447202561788,0.006818758853516,0.5,0.0,0.0,-0.0014723601280894,55763.42243864786,0.0074566735653988,-0.4055735529403183,0.20000000000016166,0.011626082994002664,0.00524979604844495,0.0009943006567135987,93036.84276998878
2025-11-26,26100.96074681418,26017.125,-1,0.00651029010699,0.00651029010699,0.00651029010699,0.00651029010699,-0.0032119793454121,0.2,2.0,0.002,-0.0006979419786019,55724.50280525741,0.006818758853516,-0.2055735529394971,0.20000000000082122,0.011626082994002664,0.003627354452435049,-0.0015383434679616145,92893.7201506338
2025-11-27,26171.781282867538,26195.89,1,0.0027133306218241,0.0027133306218241,0.0027133306218241,-0.0027133306218241,0.0009211721919838,0.2,2.0,0.002,-0.0025426661243648,55582.81399967742,-0.0032119793454121,-0.40557355292869646,0.19999999998919935,0.011626082994002664,0.005264247334025504,-0.0013004551405526288,92772.91603473884
2025-11-28,26191.044126602075,26310.371,1,0.0007360157692877,0.0007360157692877,0.0007360157692877,0.0007360157692877,0.0045560181877867,0.2,0.0,0.0,0.0001472031538575,55590.99596519845,0.0009211721919838,-0.4055735506614996,2.2671968746834636e-09,0.011626082994002664,0.005120509068468423,-0.00029850853116006445,92745.22252784188
2025-12-01,26181.591836533746,26293.094,1,-0.0003608977947819,-0.0003608977947819,-0.0003608977947819,-0.0003608977947819,0.0042588000058371,0.2,0.0,0.0,-7.217955895639782e-05,55586.98343162773,0.0045560181877867,-0.2055735506728397,0.1999999999886599,0.011626082994002664,0.003613473701099815,-0.00012580895888534687,92733.55434795406
2025-12-02,26089.26212107507,26251.246,1,-0.0035265126748267,-0.0035265126748267,-0.0035265126748267,-0.0035265126748267,0.0062088332806499,0.5,0.0,0.0,-0.0017632563374133,55488.969330814216,0.0042588000058371,-0.005573550670839936,0.20000000000199974,0.011626082994002664,0.0031661414509585625,-0.00018034480291749384,92716.83033337134
2025-12-03,26025.44262050027,26131.256,1,-0.0024461979905229,-0.0024461979905229,-0.0024461979905229,-0.0024461979905229,0.0040657667591935,0.2,0.0,0.0,-0.0004892395981045,55461.82192975958,0.0062088332806499,0.19442644932783434,0.1999999999986743,0.011626082994002664,0.003610707142083767,-0.0006756055896489251,92654.19032454357
2025-12-04,26030.576863388545,26058.076,1,0.0001972778316643,0.0001972778316643,0.0001972778316643,0.0001972778316643,0.001056416719298,0.2,0.0,0.0,3.9455566332868846e-05,55464.01020735366,0.0040657667591935,0.3944264488258456,0.19999999949801125,0.011626082994002664,0.005032454474577015,-0.00012218840492259845,92642.86905681842
2025-12-05,26126.91127690843,26067.021,-1,0.0037008174665302,0.0037008174665302,0.0037008174665302,0.0037008174665302,-0.0022922830897873,0.2,2.0,0.002,-0.0012598365066939,55394.1346224868,0.001056416719298,0.5944264487156482,0.1999999998898026,0.011626082994002664,0.007035474226654126,0.0019998637840845865,92828.14217549884
2025-12-08,26024.09483620624,26165.068,1,-0.0039352696387445,-0.0039352696387445,-0.0039352696387445,0.0039352696387445,0.0054170246719831,0.5,2.0,0.002,-3.236518062771192e-05,55392.34178131403,-0.0022922830897873,0.3944264487187729,0.1999999999968753,0.011626082994002664,0.0049948202050204595,-0.0017521744283576768,92665.49107854698
2025-12-09,25910.101899800906,26093.916,1,-0.0043802843911689,-0.0043802843911689,-0.0043802843911689,-0.0043802843911689,0.0070943024813232,0.5,0.0,0.0,-0.0021901421955844,55271.02467626653,0.0054170246719831,0.5944264487159336,0.19999999999716073,0.011626082994002664,0.0070412744500886896,-0.0028037568950055256,92405.67956900643
2025-12-10,25816.09775597052,25897.451,1,-0.0036280885422187,-0.0036280885422187,-0.0036280885422187,-0.0036280885422187,0.0031512603027182,0.2,0.0,0.0,-0.0007256177084437,55230.91904199761,0.0070943024813232,0.794426448714795,0.1999999999988613,0.011626082994002664,0.009291348406542688,-0.0030822494962165,92120.86220970731
2025-12-11,25867.056528068493,25676.504,-1,0.0019739145931221,0.0019739145931221,0.0019739145931221,0.0019739145931221,-0.0073666104166789,0.5,2.0,0.002,-0.0010130427034389,55174.96776245788,0.0031512603027182,0.9944264477765181,0.19999999906172317,0.011626082994002664,0.011592020337565075,0.0017629128779909175,92283.26326402844
2025-12-12,25978.236325237336,25806.02,-1,0.00429812325373,0.00429812325373,0.00429812325373,-0.00429812325373,-0.0066292539293759,0.5,0.0,0.0,-0.002149061626865,55056.39335647608,-0.0073666104166789,0.7944264477770957,0.19999999999942242,0.011626082994002664,0.009268484461279944,0.003214542788569434,92579.91176245948
2025-12-15,26008.559826692686,26003.746,-1,0.0011672655940038,0.0011672655940038,0.0011672655940038,-0.0011672655940038,-0.0001850862456346,0.2,0.0,0.0,-0.0002334531188007,55043.54026973709,-0.0066292539293759,0.5944264477773947,0.19999999999970097,0.011626082994002664,0.0070239957266976984,0.0004938535406567485,92625.63267967704
2025-12-16,25916.80636641316,26079.79,1,-0.0035278177988679,-0.0035278177988679,-0.0035278177988679,0.0035278177988679,0.0062887236676684,0.5,2.0,0.002,-0.000236091100566,55030.544979735765,-0.0001850862456346,0.5944264477774158,2.1094237467877974e-14,0.011626082994002664,0.007008485467689813,-0.002097028202587009,92431.3941156653
2025-12-17,25856.081075197817,25789.17,-1,-0.0023430854232888,-0.0023430854232888,-0.0023430854232888,-0.0023430854232888,-0.0025878274052134,0.2,2.0,0.002,-0.0024686170846577,54894.69563622076,0.0062887236676684,0.7944264477762066,0.1999999999987908,0.01142671473898605,0.009245301042434904,-0.0020614090296583215,92240.85520521135
2025-12-18,25831.03197596404,25628.764,-1,-0.0009687894759041,-0.0009687894759041,-0.0009687894759041,0.0009687894759041,-0.0078304256737498,0.5,0.0,0.0,0.000484394737952,54921.28633792842,-0.0025878274052134,0.5944264479053643,0.19999999987084238,0.01142671473898605,0.007003116136287601,-0.0007758740868006161,92169.28791591332
2025-12-19,25914.694257227704,25638.766,-1,0.0032388284502729,0.0032388284502729,0.0032388284502729,-0.0032388284502729,-0.0106475598164059,1.0,0.0,0.0,-0.0032388284502729,54743.40571321156,-0.0078304256737498,0.3944264479053866,0.19999999999997764,0.01142671473898605,0.004972909169673818,0.0010774796010160704,92268.59844348287
2025-12-22,26073.965406776548,25844.73,-1,0.0061459783383097,0.0061459783383097,0.0061459783383097,-0.0061459783383097,-0.0087917354802108,0.5,0.0,0.0,-0.0030729891691548,54575.17982037221,-0.0106475598164059,0.19442644790468416,0.20000000000070245,0.01142671473898605,0.0035476625518381117,0.0009949407372159859,92360.40023084013
2025-12-23,26137.7372339235,26048.613,-1,0.0024458047002846,0.0024458047002846,0.0024458047002846,-0.0024458047002846,-0.0034097914875289,0.2,0.0,0.0,-0.0004891609400569,54548.4837741075,-0.0087917354802108,-0.005573552101119407,0.20000000000580356,0.01142671473898605,0.0030934510635440633,-0.00021363181993200252,92340.66911044918
2025-12-24,26140.433330224216,26126.455,-1,0.0001031495678676,0.0001031495678676,0.0001031495678676,-0.0001031495678676,-0.0005347398050992,0.2,0.0,0.0,-2.0629913573522176e-05,54547.35844360168,-0.0034097914875289,-0.2055735520950363,0.1999999999939169,0.01142671473898605,0.0038062936152748767,-0.00022120482305752745,92320.24290907757
2025-12-26,26079.78407955549,26085.186,1,-0.0023201318012812,-0.0023201318012812,-0.0023201318012812,0.0023201318012812,0.0002071305662666,0.2,2.0,0.002,-0.0015359736397437,54463.57513891465,-0.0005347398050992,-0.20557355213194115,3.690484029483798e-11,0.01142671473898605,0.0031106227390568057,0.0004769577357667504,92364.27576310093
2025-12-29,25994.690397260925,25957.445,-1,-0.0032628215799253,-0.0032628215799253,-0.0032628215799253,-0.0032628215799253,-0.0014328078808297,0.2,2.0,0.002,-0.002652564315985,54319.10700298021,0.0002071305662666,-0.20557355212992837,2.0127788324941775e-12,0.01142671473898605,0.0031064091981562693,0.000670749822149416,92426.229084642
2025-12-30,25960.178892388853,25975.361,1,-0.0013276366959811,-0.0013276366959811,-0.0013276366959811,0.0013276366959811,0.0005848229195215,0.2,2.0,0.002,-0.0017344726608037,54224.89199692426,-0.0014328078808297,-0.40557355208471785,0.19999999995478948,0.01142671473898605,0.005053972535473246,0.0003384543307122839,92457.51114214711
2025-12-31,26064.886653884667,26028.072,-1,0.0040333990736294,0.0040333990736294,0.0040333990736294,0.0040333990736294,-0.0014124233254311,0.2,2.0,0.002,-0.0011933201852741,54160.18433876003,0.0005848229195215,-0.4055735520489459,3.5771940964934856e-11,0.01142671473898605,0.005056689322368332,-0.0016358399891585758,92306.26544812271
2026-01-01,26115.35786025805,26180.564,1,0.0019363677672414,0.0019363677672414,0.0019363677672414,-0.0019363677672414,0.0024968503242752,0.2,2.0,0.002,-0.0023872735534482,54030.88916303824,-0.0014124233254311,-0.6055735517388902,0.19999999968994425,0.01142671473898605,0.0072837227500074896,-0.0013726131059710234,92179.56465840536
2026-01-02,26247.11833159194,26125.5,-1,0.0050453251316306,0.0050453251316306,0.0050453251316306,0.0050453251316306,-0.0046335879640378,0.2,2.0,0.002,-0.0009909349736738,53977.34806530788,0.0024968503242752,-0.4055735518010927,0.19999999993779743,0.01142671473898605,0.005075697731636621,-0.0022462504335645354,91972.50627132563
2026-01-05,26249.085193648112,26169.87,-1,7.493630467636514e-05,7.493630467636514e-05,7.493630467636514e-05,-7.493630467636514e-05,-0.0030178268333435,0.2,0.0,0.0,-1.4987260935273028e-05,53976.53909270783,-0.0046335879640378,-0.6055735517993069,0.19999999999821422,0.01142671473898605,0.007244572619752327,-0.0002453794441797957,91949.93810885695
2026-01-06,26205.58426882977,26191.316,-1,-0.0016572358425985,-0.0016572358425985,-0.0016572358425985,0.0016572358425985,-0.000544474364067,0.2,0.0,0.0,0.0003314471685197,53994.4294637566,-0.0030178268333435,-0.8055735517620719,0.19999999996276496,0.01142671473898605,0.00959754238541036,0.0011350253638667187,92054.30362081648
2026-01-07,26165.514487057226,26303.037,1,-0.0015290550808366,-0.0015290550808366,-0.0015290550808366,0.0015290550808366,0.0052558688655176,0.5,2.0,0.002,-0.0012354724595816,53927.7208331833,-0.000544474364067,-0.8055735517627457,6.737943536450075e-13,0.01142671473898605,0.009590083241985264,0.0012317663323097383,92167.69301276084
2026-01-08,25987.10978129128,26295.574,1,-0.0068183144594459,-0.0068183144594459,-0.0068183144594459,-0.0068183144594459,0.0118698932395625,1.0,0.0,0.0,-0.0068183144594459,53560.02467446145,0.0052558688655176,-0.6055735517918438,0.1999999999709019,0.01142671473898605,0.007230672495537481,0.003928990904469437,92529.8190402939
2026-01-09,25799.34549317765,26096.414,1,-0.0072252855240103,-0.0072252855240103,-0.0072252855240103,-0.0072252855240103,0.0115145753174593,1.0,0.0,0.0,-0.0072252855240103,53173.03820351542,0.0118698932395625,-0.4055735517901546,0.20000000000168922,0.01142671473898605,0.005081583629972934,0.0027303847126691565,92782.46104366756
2026-01-12,25793.724169249417,25791.055,-1,-0.0002178862998567,-0.0002178862998567,-0.0002178862998567,-0.0002178862998567,-0.0001034813442177,0.2,2.0,0.002,-0.0020435772599713,53064.37499179912,0.0115145753174593,-0.20557355177037887,0.20000000001977572,0.01142671473898605,0.0035078087872664346,-0.0001552083394761281,92768.06043195647
2026-01-13,25755.76242776161,25621.143,-1,-0.0014717433294516,-0.0014717433294516,-0.0014717433294516,0.0014717433294516,-0.0052267692769407,0.5,0.0,0.0,0.0007358716647258,53103.42356176198,-0.0001034813442177,-0.20557355177477743,4.398564845686792e-12,0.01142671473898605,0.003070349490075849,0.00030255150353180325,92796.12754811988
2026-01-14,25700.0387414772,25632.59,-1,-0.00216354248649,-0.00216354248649,-0.00216354248649,0.00216354248649,-0.0026244606926738,0.2,0.0,0.0,0.000432708497298,53126.40186437276,-0.0052267692769407,-0.40557355173553866,0.19999999996076123,0.01142671473898605,0.00507014016117142,0.0006774756106157267,92858.99466129333
2026-01-16,25696.52266447155,25639.787,-1,-0.0001368121286127,-0.0001368121286127,-0.0001368121286127,0.0001368121286127,-0.0022079121448597,0.2,0.0,0.0,2.736242572254355e-05,53127.85553159768,-0.0026244606926738,-0.6055735517087831,0.19999999997324447,0.011243842330780452,0.007217279579226829,-0.0001171501933324129,92848.1162121161
2026-01-19,25627.90688430656,25623.268,-1,-0.0026702360105657,-0.0026702360105657,-0.0026702360105657,0.0026702360105657,-0.0001810090979143,0.2,0.0,0.0,0.0005340472021131,53156.2283141986,-0.0022079121448597,-0.8055735516783076,0.19999999996952444,0.011243842330780452,0.009537153611023311,0.0019510715068812015,93029.26952612515
2026-01-20,25383.531990419408,25582.465,1,-0.0095354995236384,-0.0095354995236384,-0.0095354995236384,0.0095354995236384,0.0078370894033059,0.5,2.0,0.002,0.0027677497618192,53303.35145245443,-0.0001810090979143,-0.8055735516097376,6.85699275138063e-11,0.011243842330780452,0.009531832379043093,0.007681546217561777,93743.87815957608
2026-01-21,25243.83653779541,25394.83,1,-0.0055033890743305,-0.0055033890743305,-0.0055033890743305,-0.0055033890743305,0.0059813991418664,0.5,0.0,0.0,-0.0027516945371652,53156.67691145011,0.0078370894033059,-0.6055735516093143,0.2000000000004234,0.011327177096073017,0.0071876288285922345,0.003132706867629794,94037.55025048484
2026-01-22,25272.30556449688,25092.059,-1,0.0011277614897735,0.0011277614897735,0.0011277614897735,0.0011277614897735,-0.0071321773170585,0.5,2.0,0.002,-0.0014361192551132,53080.33758419974,0.0059813991418664,-0.40557355162376635,0.1999999999855479,0.011327177096073017,0.005037443678660034,-0.0006573902327774962,93975.73088343586
2026-01-23,25134.079065284284,25011.37,-1,-0.0054694851191882,-0.0054694851191882,-0.0054694851191882,0.0054694851191882,-0.0048821786931423,0.2,0.0,0.0,0.0010938970238376,53138.4020075074,-0.0071321773170585,-0.6055735516228913,0.19999999999912493,0.011327177096073017,0.007180077188746328,0.003112175529176226,94268.19985342775
2026-01-27,25159.61704880504,24876.746,-1,0.0010160699922374,0.0010160699922374,0.0010160699922374,-0.0010160699922374,-0.0112430585988778,1.0,0.0,0.0,-0.0010160699922374,53084.40967179212,-0.0048821786931423,-0.805573551611934,0.19999999998904272,0.011327177096073017,0.009496750162249115,-0.0010185191123220352,94172.18589019284
2026-01-28,25272.799437103604,24931.447,-1,0.0044985735704565,0.0044985735704565,0.0044985735704565,-0.0044985735704565,-0.0135067125410118,1.0,0.0,0.0,-0.0044985735704565,52845.60554943932,-0.0112430585988778,-0.9620665916645639,0.15649304005262987,0.011327177096073017,0.01132717730592383,-0.004484420382334003,93749.87822033791
2026-01-29,25363.0947921686,25064.686,-1,0.0035728275884003,0.0035728275884003,0.0035728275884003,-0.0035728275884003,-0.0117654724162737,1.0,0.0,0.0,-0.0035728275884003,52656.79731200655,-0.0135067125410118,-0.9628281655005989,0.0007615738360350344,0.011327177096073017,0.011327177686718839,-0.0034407806064254247,93427.30545750263
2026-01-30,25336.8627093825,25291.537,-1,-0.0010342619069576,-0.0010342619069576,-0.0010342619069576,0.0010342619069576,-0.0017889235104753,0.2,0.0,0.0,0.0002068523813915,52667.68949592699,-0.0117654724162737,-0.9635867680843112,0.0007586025837122978,0.011327177096073017,0.011327177431023568,0.000995842485694278,93520.34433760114
2026-02-02,25183.30455146676,25238.564,1,-0.0060606618774028,-0.0060606618774028,-0.0060606618774028,0.0060606618774028,0.0021942890147839,0.2,2.0,0.002,-0.0007878676245194,52626.19432851491,-0.0017889235104753,-0.9643424592542769,0.0007556911699656554,0.011327177096073017,0.0113271770561446,0.005843797888393293,94066.85832836303
2026-02-03,25519.66721972179,25184.434,-1,0.0133565738986958,0.0133565738986958,0.0133565738986958,0.0133565738986958,-0.0131362692481631,1.0,2.0,0.002,0.0113565738986958,53223.84759341382,0.0021942890147839,-0.7643424592636445,0.19999999999063234,0.011327177096073017,0.008981992369856775,-0.010408996541056386,93087.71672539505
2026-02-04,25671.328915774146,25488.686,-1,0.0059429339241208,0.0059429339241208,0.0059429339241208,-0.0059429339241208,-0.0071146654064299,0.5,0.0,0.0,-0.0029714669620604,53065.694688696254,-0.0131362692481631,-0.9445711803832382,0.18022872111959365,0.011327177096073017,0.01132717712510222,-0.005793752832765967,92548.38950292158
2026-02-05,25653.522786042693,25566.654,-1,-0.0006936193209893,-0.0006936193209893,-0.0006936193209893,0.0006936193209893,-0.0033862322444836,0.2,0.0,0.0,0.0001387238641978,53073.05616691982,-0.0071146654064299,-0.9452854608881844,0.000714280504946263,0.011327177096073017,0.011327177101954095,0.0006549539790173737,92609.00443887817
2026-02-06,25678.389013685017,25687.07,1,0.0009693104471348,0.0009693104471348,0.0009693104471348,-0.0009693104471348,0.0003380658463564,0.2,2.0,0.002,-0.0021938620894269,52956.62120102519,-0.0033862322444836,-0.9459970056397199,0.0007115447515354534,0.011327177096073017,0.011327177093641169,-0.0009176763252763543,92524.0193479972
2026-02-09,25795.167476384067,25696.22,-1,0.0045477332178749,0.0045477332178749,0.0045477332178749,0.0045477332178749,-0.0038358919931283,0.2,2.0,0.002,-0.001090453356425,52898.874475691606,0.0003380658463564,-0.9459969573378101,4.830190980520399e-08,0.011327177096073017,0.011318720903997222,-0.004302141835195654,92125.96789359972
2026-02-10,25881.68433130007,25852.172,-1,0.0033539946966893,0.0033539946966893,0.0033539946966893,-0.0033539946966893,-0.0011402786202898,0.2,0.0,0.0,-0.0006707989393378,52863.38996680114,-0.0038358919931283,-0.9474119481328188,0.0014149907950087304,0.011327177096073017,0.011327177095422313,-0.0031790296404125614,91833.09671101427
2026-02-11,25926.28512573208,26049.748,1,0.0017232570284488,0.0017232570284488,0.0017232570284488,-0.0017232570284488,0.0047620734582364,0.2,2.0,0.002,-0.0023446514056897,52739.44374520596,-0.0011402786202898,-0.9481151074540516,0.0007031593212327714,0.011327177096073017,0.011327173893527968,-0.0016345491820199164,91682.99099790293
2026-02-12,25852.68593953879,26159.092,1,-0.0028387864222105,-0.0028387864222105,-0.0028387864222105,-0.0028387864222105,0.0118520010329988,1.0,0.0,0.0,-0.0028387864222105,52589.72772838712,0.0047620734582364,-0.7481151074549396,0.199999999999112,0.011327177096073017,0.008939539693772675,0.0019237390092945198,91859.3651441744
2026-02-13,25616.85259536976,26066.807,1,-0.009122198935947,-0.009122198935947,-0.009122198935947,-0.009122198935947,0.0175647809564072,1.0,0.0,0.0,-0.009122198935947,52109.99377006149,0.0118520010329988,-0.5481151074443624,0.20000000001057716,0.011327177096073017,0.00658861179356277,0.004800015049894861,92300.29147934022
2026-02-16,25657.579431768183,25861.727,1,0.0015898454443925,0.0015898454443925,0.0015898454443925,0.0015898454443925,0.0079566183854057,0.5,0.0,0.0,0.0007949227221962,52151.41718816283,0.0175647809564072,-0.348115107443842,0.20000000000052043,0.011216928188066716,0.004502996522057301,-0.0007534492176943182,92230.74789693215
2026-02-17,25699.495089576376,25811.256,1,0.0016336559697558,0.0016336559697558,0.0016336559697558,0.0016336559697558,0.0043487589944502,0.2,0.0,0.0,0.0003267311939511,52168.45668296697,0.0079566183854057,-0.14811510744266096,0.20000000000118104,0.011216928188066716,0.0031321707142367046,-0.00044196912948590584,92189.98475357231
2026-02-18,25773.56925653915,25841.416,1,0.0028823199329242,0.0028823199329242,0.0028823199329242,0.0028823199329242,0.0026324155100728,0.2,0.0,0.0,0.0005764639865848,52198.52991948041,0.0043487589944502,0.051884892560877006,0.20000000000353796,0.011216928188066716,0.0029240684110297768,-5.045113995769162e-05,92185.33366374881
2026-02-19,25576.280664706435,25898.273,1,-0.0076546864684898,-0.0076546864684898,-0.0076546864684898,-0.0076546864684898,0.0125894902200496,1.0,0.0,0.0,-0.0076546864684898,51798.96653883069,0.0026324155100728,0.25188489194199537,0.19999999938111837,0.011216928188066716,0.004008430595645778,-0.002128099873346526,91989.15406685458
2026-02-20,25573.171542931832,25769.432,1,-0.0001215627016047,-0.0001215627016047,-0.0001215627016047,-0.0001215627016047,0.007674466842671,0.5,0.0,0.0,-6.078135080239688e-05,51795.81812767428,0.0125894902200496,0.45188489194412396,0.2000000000021286,0.011216928188066716,0.005338371236628314,-0.00025493234828120426,91965.7030557919
2026-02-23,25659.590281994493,25772.514,1,0.0033792734279196,0.0033792734279196,0.0033792734279196,0.0033792734279196,0.0044008387025861,0.2,0.0,0.0,0.0006758546855839,51830.824574049526,0.007674466842671,0.6518848919438074,0.19999999999968343,0.011216928188066716,0.007442077400708298,0.0020028972934082643,92149.90091352873
2026-02-24,25514.38944381492,25667.186,1,-0.005658735645575,-0.005658735645575,-0.005658735645575,-0.005658735645575,0.0059886424686569,0.5,0.0,0.0,-0.0028293678227875,51684.17610677116,0.0044008387025861,0.8518848919146507,0.19999999997084328,0.011216928188066716,0.009655256102735689,-0.005020591403775083,91687.25391314355
2026-02-25,25494.68068365497,25582.799,1,-0.0007724566642423,-0.0007724566642423,-0.0007724566642423,-0.0007724566642423,0.0034563412438236,0.2,0.0,0.0,-0.0001544913328484,51676.191349517256,0.0059886424686569,0.9913095931392656,0.13942470122461492,0.011216928188066716,0.011216928194782753,-0.0009051684027723636,91604.26150796442
2026-02-26,25495.83646753098,25475.172,-1,4.533431464981419e-05,4.533431464981419e-05,4.533431464981419e-05,4.533431464981419e-05,-0.0008105036113365,0.2,2.0,0.002,-0.00199093313707,51573.307507761936,0.0034563412438236,0.9920483504730737,0.0007387573338081266,0.011216928188066716,0.01121692818880726,4.423507473436734e-05,91608.31362931819
2026-02-27,25299.804691244844,25447.4,1,-0.0076887760295992,-0.0076887760295992,-0.0076887760295992,0.0076887760295992,0.0058338517058289,0.5,2.0,0.002,0.0018443880147996,51668.42869801282,-0.0008105036113365,0.9920483033637107,4.710936296614676e-08,0.011216928188066716,0.01120865423932685,-0.007627637262216818,90909.55864275036
2026-03-02,25031.5127545407,25330.69,1,-0.0106045062394093,-0.0106045062394093,-0.0106045062394093,-0.0106045062394093,0.0119520241702142,1.0,0.0,0.0,-0.0106045062394093,51120.51052350427,0.0058338517058289,0.9935177972462228,0.0014694938825120518,0.011216928188066716,0.011216928205535655,-0.010537235173744264,89951.62324379041
2026-03-04,24690.96814399984,25016.346,1,-0.0136046356398931,-0.0136046356398931,-0.0136046356398931,-0.0136046356398931,0.0131780112510182,1.0,0.0,0.0,-0.0136046356398931,50425.03460410668,0.0119520241702142,0.9943038632407298,0.0007860659945070347,0.011345280779852,0.011345281399400614,-0.013527927840722737,88734.76417539253
2026-03-05,24735.05376859525,24747.803,1,0.0017854959893959,0.0017854959893959,0.0017854959893959,0.0017854959893959,0.0005154317239017,0.2,0.0,0.0,0.0003570991978791,50443.04134351684,0.0131780112510182,0.9950443206739842,0.000740457433254349,0.011617486544953351,0.011617487250901254,0.0017759071864013123,88892.34888077526
2026-03-06,24557.199403545023,24734.945,1,-0.0071903771349808,-0.0071903771349808,-0.0071903771349808,-0.0071903771349808,0.007238023910386,0.5,0.0,0.0,-0.0035951885674904,50261.68909796917,0.0005154317239017,0.9950443206378228,3.616140720197336e-11,0.011617486544953351,0.011609142458876391,-0.007154743931442866,88256.34688706882
2026-03-09,24229.637544031622,24656.908,1,-0.0133387302896645,-0.0133387302896645,-0.0133387302896645,-0.0133387302896645,0.0176342074945163,1.0,0.0,0.0,-0.0133387302896645,49591.26198318839,0.007238023910386,0.9964731191466351,0.001428798508812279,0.011617486544953351,0.01161748732980256,-0.013293114975706496,87083.14512056319
2026-03-10,24248.810849067817,24490.607,1,0.0007913162135153,0.0007913162135153,0.0007913162135153,0.0007913162135153,0.0099714642683799,0.5,0.0,0.0,0.0003956581067576,49610.88316801639,0.0176342074945163,0.9972209849350252,0.0007478657883901452,0.011865969958894105,0.011865970059454792,0.000788369268048392,87151.79879594124
2026-03-11,24011.10494812789,24220.479,1,-0.0098027858940994,-0.0098027858940994,-0.0098027858940994,-0.0098027858940994,0.0087198840838199,0.5,0.0,0.0,-0.0049013929470497,49367.72073515976,0.0099714642683799,0.9979195365777299,0.0006985516427047145,0.011865969958894105,0.011865970084576549,-0.009783090108253085,86299.1848952242
2026-03-12,23780.99164301345,24061.496,1,-0.0095836199796536,-0.0095836199796536,-0.0095836199796536,-0.0095836199796536,0.0117953179243876,1.0,0.0,0.0,-0.0095836199796536,48894.59926037232,0.0087198840838199,0.9987226490672244,0.0008031124894944952,0.011926495897804618,0.011926496060035362,-0.009572181446222716,85473.11343874599
2026-03-13,23391.639465344306,23991.547,1,-0.0163724113575193,-0.0163724113575193,-0.0163724113575193,-0.0163724113575193,0.0256462372184079,1.0,0.0,0.0,-0.0163724113575193,48094.076768120445,0.0117953179243876,0.999405501925225,0.0006828528580006266,0.011961129067024952,0.011961129082584853,-0.01636336084334583,84074.48604114357
