Date,Actual_Close,Predicted_Close,Signal,Market_Return,Stop_Loss_Return,Protected_Return,Strategy_Return,Prediction_Change,Position_Size,Trade,Transaction_Cost,Net_Return,Portfolio_Value,Expected_Return,Optimized_Position,Optimized_Turnover,Optimized_Transaction_Cost,Optimized_Gross_Return,Optimized_Net_Return,Optimized_Portfolio_Value
2024-08-02,24814.001476001897,25110.24,1,,,,,0.0119383616658765,1.0,,,0.0,100000.0,,0.0,0.0,0.0,,0.0,100000.0
2024-08-05,24345.283345295105,24949.012,1,-0.0188892602090032,-0.0188892602090032,-0.0188892602090032,-0.0188892602090032,0.0247985881347964,1.0,0.0,0.0,-0.0188892602090032,98111.07397909967,0.0119383616658765,0.1999999892587084,0.1999999892587084,0.00019999998925870842,-0.0037778518389055883,-0.003977851828164297,99602.21481718357
2024-08-06,24173.14558488854,24495.863,1,-0.0070706821508336,-0.0070706821508336,-0.0070706821508336,-0.0070706821508336,0.0133502449641142,1.0,0.0,0.0,-0.0070706821508336,97417.36175951654,0.0247985881347964,0.39999995344655564,0.19999996418784724,0.00019999996418784723,-0.0028282725311688317,-0.003028272495356679,99300.59216957609
2024-08-07,24245.496922854287,24248.379,1,0.0029930460523506,0.0029930460523506,0.0029930460523506,0.0029930460523506,0.0001188706156398,0.2,0.0,0.0,0.0005986092104701,97475.6766895255,0.0133502449641142,0.5999998722488686,0.199999918802313,0.000199999918802313,0.0017958272490453406,0.0015958273302430276,99459.05876846961
2024-08-08,24163.47915263329,24236.637,1,-0.0033828042577129,-0.0033828042577129,-0.0033828042577129,-0.0033828042577129,0.0030276206048224,0.2,0.0,0.0,-0.0006765608515425,97409.72846269974,0.0001188706156398,0.5999999542673531,8.201848444855386e-08,8.201848444855387e-11,-0.002029682399923147,-0.0020296824819416317,99257.18845921684
2024-08-09,24290.16916573681,24374.064,1,0.0052430369113347,0.0052430369113347,0.0052430369113347,0.0052430369113347,0.0034538596125352,0.2,0.0,0.0,0.0010486073822669,97511.87302307034,0.0030276206048224,0.7999998912238563,0.1999999369565032,0.0001999999369565032,0.004194428958750424,0.003994429021793921,99653.66425342001
2024-08-12,24325.31683666219,24420.643,1,0.0014469916074095,0.0014469916074095,0.0014469916074095,0.0014469916074095,0.0039188045926759,0.2,0.0,0.0,0.0002893983214819,97540.09279544778,0.0034538596125352,0.9999993654337205,0.1999994742098642,0.0001999994742098642,0.0014469906891974192,0.001246991214987555,99777.93149728533
2024-08-13,24210.1550854523,24395.643,1,-0.0047342343774253,-0.0047342343774253,-0.0047342343774253,-0.0047342343774253,0.0076615748182116,0.5,0.0,0.0,-0.0023671171887126,97309.20396520304,0.0039188045926759,0.999999564048349,1.9861462852155398e-07,1.9861462852155398e-10,-0.004734232313528007,-0.004734232512142635,99305.55956999653
2024-08-14,24169.11388173704,24376.787,1,-0.001695206146776,-0.001695206146776,-0.001695206146776,-0.001695206146776,0.0085925002993131,0.5,0.0,0.0,-0.000847603073388,97226.7243848532,0.0076615748182116,0.9999998111734917,2.471251426827692e-07,2.471251426827692e-10,-0.0016952058266761424,-0.001695206073801285,99137.21618225126
2024-08-16,24399.04558289426,24285.959,-1,0.0095134518494268,0.0095134518494268,0.0095134518494268,0.0095134518494268,-0.0046348773155924,0.2,2.0,0.002,-9.730963011462634e-05,97217.26328826604,0.0085925002993131,0.9999999010880459,8.99145542465618e-08,8.99145542465618e-11,0.009513450908432688,0.009513450818518133,100080.3532126859
2024-08-19,24506.33928828757,24319.033,-1,0.004397455016377,0.004397455016377,0.004397455016377,-0.004397455016377,-0.0076431769789905,0.5,0.0,0.0,-0.0021987275081885,97003.50901720334,-0.0046348773155924,0.7999999228616782,0.19999997822636773,0.00019999997822636774,0.0035179636738893,0.0033179636956629324,100412.41619129473
2024-08-20,24625.31721534164,24466.695,-1,0.0048549857102049,0.0048549857102049,0.0048549857102049,-0.0048549857102049,-0.0064414283054522,0.5,0.0,0.0,-0.0024274928551024,96768.0336921442,-0.0076431769789905,0.5999999506439222,0.199999972217756,0.000199999972217756,0.0029129911864998878,0.0027129912142821316,100684.83419422654
2024-08-21,24714.85921840317,24623.883,-1,0.0036361766339294,0.0036361766339294,0.0036361766339294,-0.0036361766339294,-0.0036810332439775,0.2,0.0,0.0,-0.0007272353267858,96697.66055953968,-0.0064414283054522,0.40000005198202293,0.19999989866189927,0.00019999989866189928,0.0014544708425875772,0.001254470943925678,100811.14039321717
2024-08-22,24774.58650618746,24701.877,-1,0.0024166549870459,0.0024166549870459,0.0024166549870459,-0.0024166549870459,-0.0029348423703984,0.2,0.0,0.0,-0.0004833309974091,96650.92358281431,-0.0036810332439775,0.20000005792415057,0.19999999405787236,0.00019999999405787236,0.0004833311373918674,0.000283331143333995,100839.70332888556
2024-08-23,24804.600637399843,24766.34,-1,0.0012114886843777,0.0012114886843777,0.0012114886843777,-0.0012114886843777,-0.0015424814920081,0.2,0.0,0.0,-0.0002422977368755,96627.50528276326,-0.0029348423703984,7.051535332107695e-08,0.19999998740879724,0.00019999998740879724,8.542855262338019e-11,-0.0001999999019802446,100819.53539810407
2024-08-26,24931.91500373066,24869.375,-1,0.0051326916402296,0.0051326916402296,0.0051326916402296,-0.0051326916402296,-0.0025084316115028,0.2,0.0,0.0,-0.0010265383280459,96528.31344504704,-0.0015424814920081,-0.19999990383802277,0.1999999743533761,0.0001999999743533761,-0.0010265378344761435,-0.0012265378088295196,100695.87642606965
2024-08-27,24984.963948849498,25140.357,1,0.0021277525256644,0.0021277525256644,0.0021277525256644,-0.0021277525256644,0.0062194626923869,0.5,2.0,0.002,-0.0030638762628322,96232.56263679152,-0.0025084316115028,-0.3999998558508317,0.19999995201280893,0.00019999995201280894,-0.0008511007035520031,-0.0010511006555648122,100590.03492434553
2024-08-28,25026.610577408635,25241.904,1,0.0016668676666653,0.0016668676666653,0.0016668676666653,0.0016668676666653,0.008602580118688,0.5,0.0,0.0,0.0008334338333326,96312.76611036134,0.0062194626923869,-0.20000011343142873,0.19999974241940296,0.00019999974241940297,-0.00033337372240824096,-0.0005333734648276439,100536.3828688908
2024-08-29,25104.07411786134,25154.23,1,0.0030952469657488,0.0030952469657488,0.0030952469657488,0.0030952469657488,0.001997918023313,0.2,0.0,0.0,0.0006190493931497,96372.38846977452,0.008602580118688,-1.152309926393595e-07,0.1999999982004361,0.0001999999982004361,-3.566683803271998e-10,-0.00020000035486881642,100516.2755566398
2024-08-30,25185.547235039496,25138.773,-1,0.003245414142567,0.003245414142567,0.003245414142567,0.003245414142567,-0.0018571855756391,0.2,2.0,0.002,-0.0013509171714865,96242.19735533354,0.001997918023313,0.19999986451407578,0.19999997974506842,0.00019999997974506843,0.0006490823888054654,0.00044908240906039695,100561.41564781655
2024-09-02,25243.11832709207,25257.018,1,0.002285878147308,0.002285878147308,0.002285878147308,-0.002285878147308,0.0005506321654806,0.2,2.0,0.002,-0.0024571756294616,96005.71337346618,-0.0018571855756391,-1.2088639494353868e-07,0.19999998540047073,0.00019999998540047074,-2.7633156850827937e-10,-0.00020000026173203926,100541.30333836684
2024-09-03,25265.81950799328,25364.2,1,0.0008993017664085,0.0008993017664085,0.0008993017664085,0.0008993017664085,0.0038938175734056,0.2,0.0,0.0,0.0001798603532817,96022.9809949906,0.0005506321654806,1.4727664799013032e-06,1.593652874844842e-06,1.5936528748448419e-09,1.3244614968824705e-09,-2.691913779623714e-10,100541.303311302
2024-09-04,25224.33688790621,25475.77,1,-0.0016418474007521,-0.0016418474007521,-0.0016418474007521,-0.0016418474007521,0.0099678779747958,0.5,0.0,0.0,-0.000820923700376,95944.15345411104,0.0038938175734056,0.2000010942108503,0.1999996214443704,0.0001999996214443704,-0.00032837127667766043,-0.0005283708981220309,100488.18021257305
2024-09-05,25175.36555659788,25483.469,1,-0.0019414318610615,-0.0019414318610615,-0.0019414318610615,-0.0019414318610615,0.0122382907493223,1.0,0.0,0.0,-0.0019414318610615,95757.88441771266,0.0099678779747958,0.40000109127720546,0.19999999706635516,0.00019999999706635517,-0.000776574863064936,-0.000976574860131291,100390.04598203712
2024-09-06,24975.607598347204,25344.055,1,-0.0079346596895124,-0.0079346596895124,-0.0079346596895124,-0.0079346596895124,0.0147522898172526,1.0,0.0,0.0,-0.0079346596895124,94998.07819227043,0.0122382907493223,0.6000010890195707,0.19999999774236527,0.00019999999774236526,-0.004760804454707129,-0.004960804452449495,99892.0305949478
2024-09-09,24951.376211370905,25060.188,1,-0.0009702021014256,-0.0009702021014256,-0.0009702021014256,-0.0009702021014256,0.0043609533881944,0.2,0.0,0.0,-0.0001940404202851,94979.64472525174,0.0147522898172526,0.8000009369033723,0.19999984788380154,0.00019999984788380155,-0.0007761625901261006,-0.0009761624380099021,99794.51974682449
2024-09-10,25006.828320923567,25054.145,1,0.0022224068557545,0.0022224068557545,0.0022224068557545,0.0022224068557545,0.001892150354663,0.2,0.0,0.0,0.0004444813711509,95021.86140797065,0.0043609533881944,0.9999999584687945,0.19999902156542226,0.00019999902156542227,0.002222406763455264,0.0020224077418898416,99996.34495615863
2024-09-11,24952.2070318851,25105.73,1,-0.0021842549697821,-0.0021842549697821,-0.0021842549697821,-0.0021842549697821,0.006152680919917,0.5,0.0,0.0,-0.001092127484891,94918.08542146148,0.001892150354663,0.9999999331944396,2.5274354942261823e-08,2.5274354942261824e-11,-0.002184254823861723,-0.002184254849136078,99777.92745479225
2024-09-12,25222.09837024771,25130.023,-1,0.0108163313176157,0.0108163313176157,0.0108163313176157,0.0108163313176157,-0.0036505832661536,0.2,2.0,0.002,0.0001632662635231,94933.582342609,0.006152680919917,0.9999999230104645,1.0183975107658227e-08,1.0183975107658228e-11,0.010816330484871375,0.0108163304746874,100857.15849222268
2024-09-13,25305.163145578004,25265.652,-1,0.0032933332552647,0.0032933332552647,0.0032933332552647,-0.0032933332552647,-0.0015613867158533,0.2,0.0,0.0,-0.0006586666510529,94871.05275785494,-0.0036505832661536,0.7999999465194259,0.19999997649103862,0.00019999997649103863,0.0026346664280824067,0.002434666451591368,101102.71203240653
2024-09-16,25353.732492679737,25315.49,-1,0.0019193453455454,0.0019193453455454,0.0019193453455454,-0.0019193453455454,-0.0015083575047885,0.2,0.0,0.0,-0.000383869069109,94834.63469514735,-0.0015613867158533,0.6000014108739204,0.1999985356455054,0.0001999985356455054,0.0011516099152815325,0.000951611379636027,101198.92252368863
2024-09-17,25393.79239810876,25430.748,1,0.0015800397610328,0.0015800397610328,0.0015800397610328,-0.0015800397610328,0.0014553006227613,0.2,2.0,0.002,-0.0023160079522065,94614.9969270488,-0.0015083575047885,0.40000205397318417,0.19999935690073628,0.00019999935690073628,0.0006320191497724191,0.00043201979287168287,101242.64246123616
2024-09-18,25383.754526857792,25442.355,1,-0.0003952883875554,-0.0003952883875554,-0.0003952883875554,-0.0003952883875554,0.0023085817773806,0.2,0.0,0.0,-7.905767751108517e-05,94607.51688513404,0.0014553006227613,0.6000017783478734,0.19999972437468921,0.0001999997243746892,-0.00023717373549350337,-0.0004371734598681926,101198.38186494519
2024-09-19,25403.56020128431,25449.85,1,0.0007802499983033,0.0007802499983033,0.0007802499983033,0.0007802499983033,0.0018221776140397,0.2,0.0,0.0,0.0001560499996606,94622.28038811186,0.0023085817773806,0.8000015319400705,0.19999975359219713,0.00019999975359219713,0.0006242011939388773,0.0004242014403466802,101241.31036429305
2024-09-20,25642.97978094653,25446.295,-1,0.0094246466938172,0.0094246466938172,0.0094246466938172,0.0094246466938172,-0.0076701219057496,0.5,2.0,0.002,0.0027123233469086,94878.92660834629,0.0018221776140397,0.9999999626120917,0.19999843067202117,0.00019999843067202116,0.009424646341449374,0.009224647910777354,102175.22580642939
2024-09-23,25825.961722217253,25625.652,-1,0.0071357518835108,0.0071357518835108,0.0071357518835108,-0.0071357518835108,-0.0077561379658103,0.5,0.0,0.0,-0.0035678759417554,94540.41036872075,-0.0076701219057496,0.7999999793686933,0.1999999832433984,0.0001999999832433984,0.005708601359588754,0.005508601376345356,102738.06839593509
2024-09-24,25896.68870892052,25818.355,-1,0.0027386003070863,0.0027386003070863,0.0027386003070863,-0.0027386003070863,-0.003024854250711,0.2,0.0,0.0,-0.0005477200614172,94488.6286893472,-0.0077561379658103,0.6000000063155403,0.19999997305315298,0.000199999973053153,0.0016431602015475205,0.0014431602284943675,102886.33589019642
2024-09-25,25963.103680702112,25957.293,-1,0.0025646125081124,0.0025646125081124,0.0025646125081124,-0.0025646125081124,-0.0002238053190239,0.2,0.0,0.0,-0.0005129225016224,94440.163345545,-0.003024854250711,0.4000003496803869,0.1999996566351534,0.00019999965663515342,0.0010258459000396542,0.0008258462434045007,102971.30418418901
2024-09-26,26119.43358619644,26054.666,-1,0.006021233340085,0.006021233340085,0.006021233340085,-0.006021233340085,-0.0024796703949455,0.2,0.0,0.0,-0.001204246668017,94326.43409350912,-0.0002238053190239,0.4000002939447028,5.573568406802565e-08,5.573568406802565e-11,0.002408495105943645,0.002408495050207961,103219.31006063007
2024-09-27,26156.21626997649,26273.33,1,0.0014082496719793,0.0014082496719793,0.0014082496719793,-0.0014082496719793,0.004477472154791,0.2,2.0,0.002,-0.0022816499343958,94111.21419134788,-0.0024796703949455,0.20000030292364862,0.1999999910210542,0.0001999999910210542,0.0002816503609879888,8.165036996693459e-05,103227.73795548426
2024-09-30,25942.76793514372,26319.725,1,-0.0081605203378661,-0.0081605203378661,-0.0081605203378661,-0.0081605203378661,0.014530333301314,1.0,0.0,0.0,-0.0081605203378661,93343.21771391811,0.004477472154791,0.4000002882252877,0.1999999853016391,0.0001999999853016391,-0.0032642104872147625,-0.0034642104725164016,102870.13534460467
2024-10-01,25852.616834775665,26112.436,1,-0.0034749992982024,-0.0034749992982024,-0.0034749992982024,-0.0034749992982024,0.0100500141585218,1.0,0.0,0.0,-0.0034749992982024,93018.8500978703,0.014530333301314,0.6000002401492273,0.19999995192393955,0.00019999995192393954,-0.0020850004134398362,-0.002285000365363776,102635.07704775722
2024-10-03,25480.240710670776,25996.26,1,-0.014403807803471,-0.014403807803471,-0.014403807803471,-0.014403807803471,0.020251743112973,1.0,0.0,0.0,-0.014403807803471,91679.02445896067,0.0100500141585218,0.7999999538647093,0.19999971371548209,0.00019999971371548208,-0.01152304557825294,-0.011723045291968421,101431.8813909817
2024-10-04,25218.07712591369,25684.193,1,-0.0102888974925302,-0.0102888974925302,-0.0102888974925302,-0.0102888974925302,0.0184834026701955,1.0,0.0,0.0,-0.0102888974925302,90735.74837408726,0.020251743112973,0.999999946065903,0.1999999922011937,0.0001999999922011937,-0.010288896937607806,-0.010488896929809,100367.97284167507
2024-10-07,24971.67180173053,25438.014,1,-0.0097709798789519,-0.0097709798789519,-0.0097709798789519,-0.0097709798789519,0.0186748489236973,1.0,0.0,0.0,-0.0097709798789519,89849.17120242241,0.0184834026701955,0.9999999860757073,4.000980424745393e-08,4.0009804247453926e-11,-0.009770979742897916,-0.00977097978290772,99387.27940818762
2024-10-08,24997.367108675327,25136.62,1,0.0010289782417778,0.0010289782417778,0.0010289782417778,0.0010289782417778,0.0055707023351408,0.5,0.0,0.0,0.0005144891208889,89895.39762352695,0.0186748489236973,0.999999988975166,2.8994586731556637e-09,2.8994586731556638e-12,0.0010289782304334857,0.001028978227534027,99489.5467547925
2024-10-09,24987.76489026193,25159.414,1,-0.0003841291913525,-0.0003841291913525,-0.0003841291913525,-0.0003841291913525,0.0068693262679514,0.5,0.0,0.0,-0.0001920645956762,89878.13190032923,0.0055707023351408,0.9999999890827079,1.0754197532492071e-10,1.0754197532492072e-13,-0.00038412918715884943,-0.0003841291872663914,99451.32991605609
2024-10-10,24994.375579904685,25079.605,1,0.0002645570610972,0.0002645570610972,0.0002645570610972,0.0002645570610972,0.0034099439621063,0.2,0.0,0.0,5.29114122194585e-05,89882.88747921571,0.0068693262679514,0.9999999458579488,4.3224759105342514e-08,4.322475910534251e-11,0.00026455704677353807,0.00026455700354877895,99477.64046189764
2024-10-11,24975.753899500563,25074.934,1,-0.00074503483172,-0.00074503483172,-0.00074503483172,-0.00074503483172,0.0039710553242367,0.2,0.0,0.0,-0.000149006966344,89869.49430282619,0.0034099439621063,0.9999999297655677,1.6092381094345853e-08,1.6092381094345853e-11,-0.0007450347793929017,-0.0007450347954852828,99403.52615838074
2024-10-14,25069.81802632993,24902.783,-1,0.0037662177169053,0.0037662177169053,0.0037662177169053,0.0037662177169053,-0.0066627937288774,0.5,2.0,0.002,-0.0001168911415473,89858.98935504684,0.0039710553242367,0.9999999269331645,2.8324032008697486e-09,2.8324032008697487e-12,0.0037662174417196896,0.0037662174388872864,99777.90145208531
2024-10-15,25062.11209401345,24919.715,-1,-0.0003073788692198,-0.0003073788692198,-0.0003073788692198,0.0003073788692198,-0.0056817675014494,0.5,0.0,0.0,0.0001536894346099,89872.79973231544,-0.0066627937288774,0.799999945174436,0.19999998175872857,0.0001999999817587286,-0.0002459030785236201,-0.0004459030602823487,99733.41018047927
2024-10-16,25005.98758762873,24944.074,-1,-0.002239416461557,-0.002239416461557,-0.002239416461557,0.002239416461557,-0.0024759505063243,0.2,0.0,0.0,0.0004478832923114,89913.05225774879,-0.0056817675014494,0.5999999969872457,0.19999994818719025,0.00019999994818719024,-0.0013436498701873882,-0.0015436498183745784,99579.4567199683
2024-10-17,24847.68559951617,24927.771,1,-0.0063305633323946,-0.0063305633323946,-0.0063305633323946,0.0063305633323946,0.0032230527130216,0.2,2.0,0.002,-0.000733887333521,89847.06620757861,-0.0024759505063243,0.400000468695754,0.1999995282914917,0.0001999995282914917,-0.0025322283000659943,-0.002732227828357486,99307.38295718527
2024-10-18,24851.619498214823,24708.947,-1,0.000158320527797,0.000158320527797,0.000158320527797,0.000158320527797,-0.0057409738719471,0.5,2.0,0.002,-0.0019208397361014,89674.48439263496,0.0032230527130216,0.6000003847390624,0.19999991604330836,0.00019999991604330837,9.499237759029142e-05,-0.00010500753845301695,99296.95493335073
2024-10-21,24808.03580996013,24674.865,-1,-0.0017537564607338,-0.0017537564607338,-0.0017537564607338,0.0017537564607338,-0.0053680513435352,0.5,0.0,0.0,0.0008768782303669,89753.11799581825,-0.0057409738719471,0.400000503710433,0.19999988102862937,0.00019999988102862936,-0.0007015034676789463,-0.0009015033487075756,99207.43839596186
2024-10-22,24600.4158198992,24679.69,1,-0.0083690620108494,-0.0083690620108494,-0.0083690620108494,0.0083690620108494,0.0032224731761108,0.2,2.0,0.002,-0.0003261875978301,89723.84164186142,-0.0053680513435352,0.2000005070058206,0.1999999967046124,0.00019999999670461242,-0.0016738166453330323,-0.0018738166420376448,99021.54184688158
2024-10-23,24498.492237915507,24665.168,1,-0.0041431650070422,-0.0041431650070422,-0.0041431650070422,-0.0041431650070422,0.0068035110269576,0.5,0.0,0.0,-0.0020715825035211,89537.97130136745,0.0032224731761108,0.40000047337070044,0.19999996636487985,0.00019999996636487985,-0.0016572679640698014,-0.0018572679304346812,98837.63231278716
2024-10-24,24437.25010828166,24498.33,1,-0.0024998326035373,-0.0024998326035373,-0.0024998326035373,-0.0024998326035373,0.002499458468023,0.2,0.0,0.0,-0.0004999665207074,89493.2053133847,0.0068035110269576,0.6000004647169739,0.19999999134627344,0.00019999999134627346,-0.0014999007238370226,-0.0016999007151832961,98669.61815093162
2024-10-25,24278.755707783945,24412.598,1,-0.00648577069005,-0.00648577069005,-0.00648577069005,-0.00648577069005,0.0055127327704502,0.5,0.0,0.0,-0.003242885345025,89202.9891093946,0.002499458468023,0.8000002699000538,0.19999980518307992,0.00019999980518307993,-0.005188618302549858,-0.005388618107732938,98137.92525988042
2024-10-28,24316.08167451949,24377.883,1,0.0015373920799235,0.0015373920799235,0.0015373920799235,0.0015373920799235,0.0025415824106756,0.2,0.0,0.0,0.0003074784159847,89230.41710318705,0.0055127327704502,0.9999999895365892,0.1999997196365354,0.00019999971963653541,0.001537392063837135,0.0013373923442005996,98269.17416979872
2024-10-29,24409.261382673827,24292.506,-1,0.0038320198707006,0.0038320198707006,0.0038320198707006,0.0038320198707006,-0.0047832411166976,0.2,2.0,0.002,-0.0012335960258598,89120.34281526276,0.0025415824106756,0.9999999531184683,3.6418120852310665e-08,3.6418120852310666e-11,0.0038320196910496393,0.0038320196546315186,98645.7435766618
2024-10-30,24366.980581544496,24367.129,1,-0.0017321622504866,-0.0017321622504866,-0.0017321622504866,0.0017321622504866,6.090966215860854e-06,0.2,2.0,0.002,-0.0016535675499026,88972.97630834724,-0.0047832411166976,0.7999999746171376,0.19999997850133078,0.0001999999785013308,-0.001385729756422044,-0.0015857297349233747,98489.31808784866
2024-10-31,24267.08714710906,24358.168,1,-0.0040995409382438,-0.0040995409382438,-0.0040995409382438,-0.0040995409382438,0.0037532668152053,0.2,0.0,0.0,-0.0008199081876487,88900.02663659255,6.090966215860854e-06,0.8000007682924757,7.936753381176942e-07,7.936753381176942e-10,-0.0032796359002414967,-0.003279636693916835,98166.3089062889
2024-11-01,24290.11661529392,24292.49,1,0.0009490001022887,0.0009490001022887,0.0009490001022887,0.0009490001022887,9.770989343824924e-05,0.2,0.0,0.0,0.0001898000204577,88916.89986346685,0.0037532668152053,0.9999998144591568,0.19999904616668107,0.00019999904616668107,0.0009489999262104208,0.0007490008800437398,98239.83555805036
2024-11-04,24107.94058687399,24140.484,1,-0.0075000063320085,-0.0075000063320085,-0.0075000063320085,-0.0075000063320085,0.001349904319232,0.2,0.0,0.0,-0.0015000012664017,88783.52440106714,9.770989343824924e-05,0.9999998522811875,3.7822030729550704e-08,3.78220307295507e-11,-0.007500005224116471,-0.007500005261938502,97503.036274433
2024-11-05,24173.056768059658,24131.156,-1,0.0027010262843074,0.0027010262843074,0.0027010262843074,0.0027010262843074,-0.0017333665519299,0.2,2.0,0.002,-0.0014597947431385,88653.91867886916,0.001349904319232,0.9999998419278203,1.0353367163595806e-08,1.0353367163595806e-11,0.002701025857350288,0.002701025846996921,97766.39449557092
2024-11-06,24365.261638509022,24200.74,-1,0.0079512025431276,0.0079512025431276,0.0079512025431276,-0.0079512025431276,-0.0067523033797017,0.5,0.0,0.0,-0.0039756012715638,88301.46604704033,-0.0017333665519299,0.7999998782698287,0.19999996365799166,0.00019999996365799167,0.006360961066600832,0.00616096110294284,98368.72944923308
2024-11-07,24262.722365361733,24408.21,1,-0.0042084207700534,-0.0042084207700534,-0.0042084207700534,0.0042084207700534,0.0059963442043902,0.5,2.0,0.002,0.0001042103850267,88310.66797681553,-0.0067523033797017,0.5999999142791802,0.19999996399064845,0.00019999996399064845,-0.002525052101282762,-0.0027250520652734103,98100.66953988913
2024-11-08,24191.943168257098,24378.404,1,-0.0029171993166637,-0.0029171993166637,-0.0029171993166637,-0.0029171993166637,0.0077075591012284,0.5,0.0,0.0,-0.0014585996583318,88181.8580666775,0.0059963442043902,0.799999870824598,0.1999999565454178,0.0001999999565454178,-0.002333759076500566,-0.0025337590330459835,97852.10608229457
2024-11-11,24160.64445181528,24276.62,1,-0.0012937661197421,-0.0012937661197421,-0.0012937661197421,-0.0012937661197421,0.0048001843831614,0.2,0.0,0.0,-0.0002587532239484,88159.04072660898,0.0077075591012284,0.9999998372409309,0.19999996641633289,0.00019999996641633289,-0.0012937659091699306,-0.0014937658755862634,97705.9379453746
2024-11-12,23989.32837626149,24230.898,1,-0.0070907080270748,-0.0070907080270748,-0.0070907080270748,-0.0070907080270748,0.0100698785705712,1.0,0.0,0.0,-0.0070907080270748,87533.93070886958,0.0048001843831614,0.9999994402853792,3.969555516514234e-07,3.969555516514234e-10,-0.007090704058301846,-0.0070907044552573975,97013.13401588023
2024-11-13,23723.402197946827,24206.117,1,-0.0110851864689053,-0.0110851864689053,-0.0110851864689053,-0.0110851864689053,0.0203476212233567,1.0,0.0,0.0,-0.0110851864689053,86563.60076460552,0.0100698785705712,0.999999870528277,4.302428977531747e-07,4.302428977531747e-10,-0.011085185033687108,-0.011085185463930006,95937.72543287711
2024-11-14,23605.54127504732,23961.53,1,-0.0049681290194417,-0.0049681290194417,-0.0049681290194417,-0.0049681290194417,0.0150807270549218,1.0,0.0,0.0,-0.0049681290194417,86133.54162761952,0.0203476212233567,0.9999999794258039,1.0889752688481025e-07,1.0889752688481025e-10,-0.004968128917226439,-0.004968129026123967,95461.09443445371
2024-11-18,23511.760492410885,23746.768,1,-0.0039728291566678,-0.0039728291566678,-0.0039728291566678,-0.0039728291566678,0.009995317350437,0.5,0.0,0.0,-0.0019864145783339,85962.44470484687,0.0150807270549218,0.9999999893642094,9.938405542975204e-09,9.938405542975205e-12,-0.003972829114413621,-0.003972829124352026,95081.843818242
2024-11-19,23515.9257371684,23637.018,1,0.0001771558007686,0.0001771558007686,0.0001771558007686,0.0001771558007686,0.0051493725650021,0.5,0.0,0.0,8.857790038430124e-05,85970.05907771074,0.009995317350437,0.9999999814936545,7.870554874500613e-09,7.870554874500613e-12,0.00017715579749009354,0.00017715578961953867,95098.68811736211
2024-11-21,23413.3164300106,23574.213,1,-0.004363396461812,-0.004363396461812,-0.004363396461812,-0.004363396461812,0.0068720110826831,0.5,0.0,0.0,-0.002181698230906,85782.49835191,0.0051493725650021,0.9999999960592973,1.4565642802999434e-08,1.4565642802999434e-11,-0.004363396444617152,-0.004363396459182795,94683.73483835788
2024-11-22,23718.58416444862,23500.75,-1,0.0130382099157355,0.0130382099157355,0.0130382099157355,0.0130382099157355,-0.0091841133070298,0.5,2.0,0.002,0.0045191049578677,86170.15846551041,0.0068720110826831,0.9999999478118915,4.824740584830067e-08,4.8247405848300675e-11,0.013038209235295986,0.01303820918704858,95918.24117979144
2024-11-25,24028.70858897188,23825.674,-1,0.0130751659699863,0.0130751659699863,0.0130751659699863,-0.0130751659699863,-0.0084496671229789,0.5,0.0,0.0,-0.0065375829849931,85606.81390371213,-0.0091841133070298,0.7999999626659422,0.1999999851459493,0.0001999999851459493,0.010460132287840037,0.010260132302694088,96902.37502453782
2024-11-26,24129.83465563888,24041.527,-1,0.0042085518783732,0.0042085518783732,0.0042085518783732,-0.0042085518783732,-0.0036596875568827,0.2,0.0,0.0,-0.0008417103756746,85534.75776022093,-0.0084496671229789,0.5999999852299606,0.19999997743598164,0.00019999997743598165,0.002525131064863443,0.0023251310874274614,97127.68574915294
2024-11-27,24219.79009020404,24168.992,-1,0.0037279755890966,0.0037279755890966,0.0037279755890966,-0.0037279755890966,-0.0020973794576603,0.2,0.0,0.0,-0.0007455951178193,85470.98346243105,-0.0036596875568827,0.4000002330209144,0.19999975220904614,0.00019999975220904616,0.0014911911043349207,0.0012911913521258746,97253.09617704424
2024-11-28,24030.80225926629,24250.834,1,-0.0078030333968165,-0.0078030333968165,-0.0078030333968165,0.0078030333968165,0.0091562378300901,0.5,2.0,0.002,0.0019015166984082,85633.50796471424,-0.0020973794576603,0.20000115857353193,0.1999990744473825,0.0001999990744473825,-0.0015606157197512623,-0.0017606147941986448,97081.87093713331
2024-11-29,24092.79383999828,24181.512,1,0.0025796717089661,0.0025796717089661,0.0025796717089661,0.0025796717089661,0.0036823525154825,0.2,0.0,0.0,0.0005159343417932,85677.68923228147,0.0091562378300901,0.40000115546424364,0.1999999968907117,0.0001999999968907117,0.0010318716643048602,0.0008318716674141486,97162.63059498546
2024-12-02,24206.05403378048,24192.705,-1,0.0047009987523394,0.0047009987523394,0.0047009987523394,0.0047009987523394,-0.0005514750054614,0.2,2.0,0.002,-0.0010598002495321,85586.88799585376,0.0036823525154825,0.6000010939987089,0.1999999385344653,0.0001999999385344653,0.0028206043942902055,0.0026206044557557403,97417.25541765563
2024-12-03,24361.240351735403,24305.357,-1,0.0064110539346211,0.0064110539346211,0.0064110539346211,-0.0064110539346211,-0.0022939452560108,0.2,0.0,0.0,-0.0012822107869242,85477.1475648462,-0.0005514750054614,0.6000007985640469,2.9543466206760627e-07,2.954346620676063e-10,0.0038466374804098347,0.0038466371849751727,97791.9842548034
2024-12-04,24426.881055957743,24475.22,1,0.0026944729937639,0.0026944729937639,0.0026944729937639,-0.0026944729937639,0.0019789241177177,0.2,2.0,0.002,-0.0025388945987527,85260.130096577,-0.0022939452560108,0.400001323744498,0.19999947481954888,0.00019999947481954888,0.0010777927642993605,0.0008777932894798116,97877.8254023472
2024-12-05,24600.86957888008,24551.246,-1,0.0071228300708452,0.0071228300708452,0.0071228300708452,0.0071228300708452,-0.0020171473500547,0.2,2.0,0.002,-0.0005754339858309,85211.06852008306,0.0019789241177177,0.6000012159643922,0.19999989221989417,0.00019999989221989418,0.004273706703614857,0.004073706811394962,98276.55096637327
2024-12-06,24648.415676963665,24774.686,1,0.0019326998962834,0.0019326998962834,0.0019326998962834,-0.0019326998962834,0.0051228575779963,0.5,2.0,0.002,-0.0029663499481417,84958.30267139743,-0.0020171473500547,0.4000018323424226,0.19999938362196956,0.00019999938362196958,0.0007730834998813702,0.0005730841162594006,98332.87169673287
2024-12-09,24630.23578878556,24827.988,1,-0.0007375682241148,-0.0007375682241148,-0.0007375682241148,-0.0007375682241148,0.008028839549497,0.5,0.0,0.0,-0.0003687841120574,84926.97139918484,0.0051228575779963,0.6000018162881389,0.19999998394571628,0.00019999998394571627,-0.0004425422741052971,-0.0006425422580510134,98269.6886713122
2024-12-10,24617.760768064163,24845.291,1,-0.000506492135454,-0.000506492135454,-0.000506492135454,-0.000506492135454,0.0092425234804867,0.5,0.0,0.0,-0.000253246067727,84905.46397763403,0.008028839549497,0.8000016138868155,0.1999997975986766,0.00019999979759867658,-0.00040519452578417954,-0.0006051943233828562,98210.2164135677
2024-12-11,24632.61831330322,24836.281,1,0.0006035295159068,0.0006035295159068,0.0006035295159068,0.0006035295159068,0.0082680080577056,0.5,0.0,0.0,0.0003017647579534,84931.08545442016,0.0092425234804867,0.9999999783517676,0.19999836446495212,0.00019999836446495212,0.0006035295028414528,0.00040353113837650074,98249.84729399729
2024-12-12,24580.753460564105,24884.79,1,-0.0021055355171523,-0.0021055355171523,-0.0021055355171523,-0.0021055355171523,0.0123688860849474,1.0,0.0,0.0,-0.0021055355171523,84752.26003748557,0.0082680080577056,0.9999999521128996,2.6238867967265378e-08,2.6238867967265378e-11,-0.0021055354163243096,-0.0021055354425631775,98042.97875829335
2024-12-13,24696.664079247003,24806.234,1,0.0047155030812564,0.0047155030812564,0.0047155030812564,0.0047155030812564,0.0044366283803111,0.2,0.0,0.0,0.0009431006162512,84832.18994615562,0.0123688860849474,0.9999999863716705,3.4258770931216986e-08,3.4258770931216986e-11,0.0047155030169919706,0.004715502982733199,98505.30071706414
2024-12-16,24679.10321251332,24803.57,1,-0.0007110622988324,-0.0007110622988324,-0.0007110622988324,-0.0007110622988324,0.0050434080369488,0.5,0.0,0.0,-0.0003555311494162,84802.02946015655,0.0044366283803111,0.9999999748002422,1.1571428371048853e-08,1.1571428371048854e-11,-0.0007110622809138022,-0.0007110622924852306,98435.25731211432
2024-12-17,24467.053765530807,24801.1,1,-0.0085922671158892,-0.0085922671158892,-0.0085922671158892,-0.0085922671158892,0.013652899841165,1.0,0.0,0.0,-0.0085922671158892,84073.38777106539,0.0050434080369488,0.999999833321105,1.414791371834312e-07,1.414791371834312e-10,-0.008592265683739612,-0.00859226582521875,97589.47541471482
2024-12-18,24301.294481102534,24606.709,1,-0.0067747954460212,-0.0067747954460212,-0.0067747954460212,-0.0067747954460212,0.0125678292214007,1.0,0.0,0.0,-0.0067747954460212,83503.8077664624,0.013652899841165,0.9999999700856179,1.3676451293687109e-07,1.367645129368711e-10,-0.00677479524335738,-0.006774795380121893,96928.32668752669
2024-12-19,24085.232726662736,24536.69,1,-0.0088909565952469,-0.0088909565952469,-0.0088909565952469,-0.0088909565952469,0.0187441524215579,1.0,0.0,0.0,-0.0088909565952469,82761.37903607293,0.0125678292214007,0.999999988639032,1.8553414027344672e-08,1.855341402734467e-11,-0.008890956494237027,-0.00889095651279044,96066.54115009034
2024-12-20,23777.616984272,24299.18,1,-0.0127719647089064,-0.0127719647089064,-0.0127719647089064,-0.0127719647089064,0.0219350415171122,1.0,0.0,0.0,-0.0127719647089064,81704.35362376377,0.0187441524215579,0.9999999891245922,4.855602586673058e-10,4.855602586673058e-13,-0.012771964570006076,-0.012771964570491635,94839.58269011171
2024-12-23,23762.770070026967,23975.518,1,-0.0006244071579946,-0.0006244071579946,-0.0006244071579946,-0.0006244071579946,0.0089529936680817,0.5,0.0,0.0,-0.0003122035789973,81678.84523214278,0.0219350415171122,0.9999999861989559,2.925636288786393e-09,2.925636288786393e-12,-0.0006244071493771294,-0.0006244071523027657,94780.3641763586
2024-12-24,23741.034252600268,23699.56,-1,-0.0009147004899953,-0.0009147004899953,-0.0009147004899953,-0.0009147004899953,-0.001746943800299,0.2,2.0,0.002,-0.002182940097999,81500.54520572728,0.0089529936680817,0.9999999634199738,2.2778982144977533e-08,2.2778982144977534e-11,-0.0009147004565355321,-0.0009147004793145142,94693.66853181687
2024-12-26,23746.699680221245,23734.316,-1,0.0002386344066016,0.0002386344066016,0.0002386344066016,-0.0002386344066016,-0.0005214905813442,0.2,0.0,0.0,-4.772688132033132e-05,81496.6554388787,-0.001746943800299,0.7999999998978697,0.19999996352210403,0.00019999996352210403,0.0001909075252569082,-9.092438265195823e-06,94692.80753548165
2024-12-27,23787.92422543971,23648.953,-1,0.0017360115626003,0.0017360115626003,0.0017360115626003,-0.0017360115626003,-0.0058420913116533,0.5,0.0,0.0,-0.0008680057813001,81425.91587080114,-0.0005214905813442,0.8000002405267578,2.4062888803744187e-07,2.4062888803744187e-10,0.0013888096676374726,0.0013888094270085845,94824.31779925682
2024-12-30,23699.53024667625,23696.262,-1,-0.003715918124076,-0.003715918124076,-0.003715918124076,0.003715918124076,-0.0001379034369979,0.2,0.0,0.0,0.0007431836248152,81486.4302781119,-0.0058420913116533,0.600000289388057,0.19999995113870073,0.00019999995113870073,-0.002229551949787926,-0.0024295519009266266,94593.93719769358
2024-12-31,23665.7055552147,23736.168,1,-0.0014272304602449,-0.0014272304602449,-0.0014272304602449,0.0014272304602449,0.0029774073129113,0.2,2.0,0.002,-0.001714553907951,81346.71740063358,-0.0001379034369979,0.6000003129758813,2.358782424938255e-08,2.358782424938255e-11,-0.000856338722835651,-0.0008563387464234753,94512.93274409445
2025-01-01,23713.41459170785,23708.115,-1,0.0020159566500919,0.0020159566500919,0.0020159566500919,0.0020159566500919,-0.0002234849682804,0.2,2.0,0.002,-0.0015968086699816,81216.82225701371,0.0029774073129113,0.800000239002535,0.19999992602665373,0.00019999992602665374,0.00161276580189227,0.0014127658758656162,94646.45739030329
2025-01-02,24007.126472109583,23708.562,-1,0.0123858957243736,0.0123858957243736,0.0123858957243736,-0.0123858957243736,-0.0124364934910656,1.0,0.0,0.0,-0.0123858957243736,80210.87916547335,-0.0002234849682804,0.8000007812274025,5.422248674502583e-07,5.422248674502584e-10,0.009908726255700025,0.009908725713475158,95584.2831763359
2025-01-03,24005.657731569627,24050.756,1,-6.11793561242635e-05,-6.11793561242635e-05,-6.11793561242635e-05,6.11793561242635e-05,0.0018786516468184,0.2,2.0,0.002,-0.0019877641287751,80051.4388571307,-0.0124364934910656,0.6000007912252838,0.19999999000211865,0.00019999999000211866,-3.670766208121152e-05,-0.00023670765208333019,95561.65764508917
2025-01-06,23764.867393949105,23974.494,1,-0.0100305661404086,-0.0100305661404086,-0.0100305661404086,-0.0100305661404086,0.0088208615926999,0.5,0.0,0.0,-0.0050152830702043,79649.95823108504,0.0018786516468184,0.800000471003862,0.19999967977857813,0.00019999967977857815,-0.00802445763676227,-0.008224457316540848,94775.71487068925
2025-01-07,23729.659849656087,23933.654,1,-0.001481495508028,-0.001481495508028,-0.001481495508028,-0.001481495508028,0.0085965897377525,0.5,0.0,0.0,-0.000740747754014,79590.95770341805,0.0088208615926999,0.9999999735665358,0.19999950256267385,0.00019999950256267384,-0.0014814954688669416,-0.0016814949714296155,94616.34998272052
2025-01-08,23704.49929605252,23802.611,1,-0.0010602998004597,-0.0010602998004597,-0.0010602998004597,-0.0010602998004597,0.0041389485903977,0.2,0.0,0.0,-0.0002120599600919,79574.07964810378,0.0085965897377525,0.9999999542069364,1.935959936805176e-08,1.935959936805176e-11,-0.0010602997519053238,-0.0010602997712649232,94516.02828847592
2025-01-09,23594.48968111841,23817.84,1,-0.0046408748634664,-0.0046408748634664,-0.0046408748634664,-0.0046408748634664,0.0094662068093096,0.5,0.0,0.0,-0.0023204374317332,79389.4329750926,0.0041389485903977,0.9999999458035405,8.403395979073025e-09,8.403395979073026e-12,-0.004640874611947413,-0.004640874620350809,94077.39125157558
2025-01-10,23493.756518371712,23822.715,1,-0.0042693511963224,-0.0042693511963224,-0.0042693511963224,-0.0042693511963224,0.0140019533007013,1.0,0.0,0.0,-0.0042693511963224,79050.49160444502,0.0094662068093096,0.9999999605470659,1.4743525400540136e-08,1.4743525400540138e-11,-0.004269351027883969,-0.004269351042627494,93675.741843148
2025-01-13,23241.717746345177,23741.643,1,-0.0107279043191516,-0.0107279043191516,-0.0107279043191516,-0.0107279043191516,0.0215098238052321,1.0,0.0,0.0,-0.0107279043191516,78202.44549413065,0.0140019533007013,0.9999999868027031,2.6255637219918526e-08,2.6255637219918525e-11,-0.01072790417757226,-0.010727904203827897,92670.7974584322
2025-01-14,23201.133329978304,23504.377,1,-0.001746188332971,-0.001746188332971,-0.001746188332971,-0.001746188332971,0.013070209360414,1.0,0.0,0.0,-0.001746188332971,78065.88929619899,0.0215098238052321,0.9999999865598567,2.42846409648223e-10,2.42846409648223e-13,-0.0017461883095019786,-0.001746188309744825,92508.97679525556
2025-01-15,23208.590459343686,23321.99,1,0.0003214122887587,0.0003214122887587,0.0003214122887587,0.0003214122887587,0.0048861020170512,0.2,0.0,0.0,6.428245775174091e-05,78070.90756342953,0.013070209360414,0.9999999906195852,4.059728553329478e-09,4.059728553329478e-12,0.0003214122857437194,0.00032141228168399084,92538.71031656355
2025-01-16,23272.37794627161,23245.863,-1,0.0027484429543302,0.0027484429543302,0.0027484429543302,0.0027484429543302,-0.0011393311991074,0.2,2.0,0.002,-0.0014503114091339,77957.68043546884,0.0048861020170512,0.9999997446079988,2.460115864355572e-07,2.460115864355572e-10,0.002748442252399854,0.0027484420063882673,92793.04759521461
2025-01-17,23229.623141364787,23379.016,1,-0.0018371480991554,-0.0018371480991554,-0.0018371480991554,0.0018371480991554,0.0064311356979868,0.5,2.0,0.002,-0.0010814259504222,77873.37497681119,-0.0011393311991074,0.7999999467094311,0.1999997978985677,0.0001999997978985677,-0.0014697183814216526,-0.0016697181793202203,92638.10935673035
2025-01-20,23300.775453019352,23352.695,1,0.0030629989656554,0.0030629989656554,0.0030629989656554,0.0030629989656554,0.0022282325790114,0.2,0.0,0.0,0.000612599793131,77921.0801902124,0.0064311356979868,0.9999999237569892,0.19999997704755812,0.00019999997704755811,0.003062998732123137,0.0028629987550755787,92903.33214849123
2025-01-21,23130.12077931396,23431.004,1,-0.0073239911714303,-0.0073239911714303,-0.0073239911714303,-0.0073239911714303,0.0130082857567753,1.0,0.0,0.0,-0.0073239911714303,77350.38688683097,0.0022282325790114,0.9999999044560678,1.9300921416665062e-08,1.9300921416665062e-11,-0.007323990471667384,-0.007323990490968305,92222.90902725642
2025-01-22,23145.71305378808,23282.734,1,0.0006741112432091,0.0006741112432091,0.0006741112432091,0.0006741112432091,0.0059199276295138,0.5,0.0,0.0,0.0003370556216045,77376.45826956448,0.0130082857567753,0.9999999797108067,7.525473888492229e-08,7.525473888492228e-11,0.0006741112295319267,0.0006741111542771878,92285.07751891158
2025-01-23,23182.57047211277,22964.045,-1,0.0015924079866986,0.0015924079866986,0.0015924079866986,0.0015924079866986,-0.0094262830938287,0.5,2.0,0.002,-0.0012037960066506,77283.3127980908,0.0059199276295138,0.999999935615212,4.409559462015267e-08,4.409559462015267e-11,0.0015924078841717496,0.001592407840076155,92432.03299987473
2025-01-24,23126.71796592865,23069.297,-1,-0.0024092456119698,-0.0024092456119698,-0.0024092456119698,0.0024092456119698,-0.0024828843423976,0.2,0.0,0.0,0.0004818491223939,77320.55169453826,-0.0094262830938287,0.7999999501971125,0.1999999854180996,0.0001999999854180996,-0.0019273963695884517,-0.002127396355006551,92235.39342978495
2025-01-27,22942.811090441097,23246.984,1,-0.0079521389830797,-0.0079521389830797,-0.0079521389830797,0.0079521389830797,0.0132578744757931,1.0,2.0,0.002,0.0059521389830797,77780.77436447256,-0.0024828843423976,0.6000002146002956,0.19999973559681683,0.00019999973559681682,-0.004771285096379196,-0.0049712848319760135,91776.86501745612
2025-01-28,22951.73482730899,23171.623,1,0.0003889556878062,0.0003889556878062,0.0003889556878062,0.0003889556878062,0.0095804597929294,0.5,0.0,0.0,0.0001944778439031,77795.90100176807,0.0132578744757931,0.8000000290831915,0.19999981448289583,0.00019999981448289584,0.0003111645615570327,0.00011116474707413687,91787.06736944304
2025-01-29,23082.365446650496,23032.637,-1,0.0056915357520634,0.0056915357520634,0.0056915357520634,0.0056915357520634,-0.0021543912717885,0.2,2.0,0.002,-0.0008616928495873,77728.86483014765,0.0095804597929294,0.999999975896366,0.19999994681317457,0.00019999994681317457,0.005691535614876705,0.00549153566806353,92291.1193237693
2025-01-30,23185.66028131502,23159.62,-1,0.0044750541231688,0.0044750541231688,0.0044750541231688,-0.0044750541231688,-0.0011231201095448,0.2,0.0,0.0,-0.0008950108246337,77659.29665473818,-0.0021543912717885,0.8000000085431578,0.19999996735320824,0.00019999996735320825,0.0035800433367661334,0.0033800433694129253,92603.0673096953
2025-01-31,23385.124638401445,23346.908,-1,0.0086029189881287,0.0086029189881287,0.0086029189881287,-0.0086029189881287,-0.0016342285530815,0.2,0.0,0.0,-0.0017205837976257,77525.67732717902,-0.0011231201095448,0.6000010148264124,0.19999899371674534,0.00019999899371674534,0.005161760123346633,0.004961761129629888,93062.54160955705
2025-02-01,23445.089851059627,23576.65,1,0.0025642460147383,0.0025642460147383,0.0025642460147383,-0.0025642460147383,0.0056114158562044,0.5,2.0,0.002,-0.0032821230073691,77271.22851796162,-0.0016342285530815,0.4000017113760564,0.19999930345035605,0.00019999930345035606,0.0010257027942845523,0.0008257034908341962,93139.38367502995
2025-02-03,23393.15084953435,23575.59,1,-0.0022153466612937,-0.0022153466612937,-0.0022153466612937,-0.0022153466612937,0.0077988275986892,0.5,0.0,0.0,-0.0011076733306468,77185.63723890594,0.0056114158562044,0.600001703081174,0.19999999170511756,0.00019999999170511757,-0.0013292117696914127,-0.0015292117613965302,92996.95383406487
2025-02-04,23607.051887999583,23505.45,-1,0.0091437463829071,0.0091437463829071,0.0091437463829071,0.0091437463829071,-0.0043038787088544,0.2,2.0,0.002,-0.0001712507234185,77172.41914269126,0.0077988275986892,0.8000016998027663,0.1999999967215923,0.0001999999967215923,0.0073150126488910755,0.007115012652169483,93658.62833720747
2025-02-05,23662.21073748665,23595.69,-1,0.0023365412059397,0.0023365412059397,0.0023365412059397,-0.0023365412059397,-0.0028112646880143,0.2,0.0,0.0,-0.0004673082411879,77136.35583523347,-0.0043038787088544,0.6000017919672835,0.19999990783548272,0.00019999990783548273,0.0014019289105692177,0.001201929002733735,93771.19935896221
2025-02-06,23625.832559697486,23759.654,1,-0.0015373955626019,-0.0015373955626019,-0.0015373955626019,0.0015373955626019,0.0056641999795932,0.5,2.0,0.002,-0.001231302218699,77041.37766915119,-0.0028112646880143,0.40000217938018556,0.19999961258709797,0.00019999961258709799,-0.0006149615756101865,-0.0008149611881972845,93694.77947091394
2025-02-07,23585.114415699543,23772.09,1,-0.0017234585869114,-0.0017234585869114,-0.0017234585869114,-0.0017234585869114,0.0079276946045254,0.5,0.0,0.0,-0.0008617292934557,76974.98885720549,0.0056641999795932,0.6000021717574765,0.19999999237729094,0.00019999999237729093,-0.0010340788950809116,-0.0012340788874582026,93579.15272170384
2025-02-10,23459.335348177126,23803.785,1,-0.0053329852594945,-0.0053329852594945,-0.0053329852594945,-0.0053329852594945,0.0146828393349873,1.0,0.0,0.0,-0.0053329852594945,76564.48237628027,0.0079276946045254,0.8000021691727299,0.19999999741525343,0.00019999999741525344,-0.004266399775761794,-0.004466399773177048,93161.19081521351
2025-02-11,23219.82581400069,23670.174,1,-0.0102095618064919,-0.0102095618064919,-0.0102095618064919,-0.0102095618064919,0.0193949855441105,1.0,0.0,0.0,-0.0102095618064919,75782.79256127757,0.0146828393349873,0.9999999945967245,0.19999782542399458,0.00019999782542399458,-0.010209561751326824,-0.01040955957675082,92191.42384918149
2025-02-12,23111.932027334587,23403.617,1,-0.0046466234299246,-0.0046466234299246,-0.0046466234299246,-0.0046466234299246,0.0126205361075151,1.0,0.0,0.0,-0.0046466234299246,75430.65846177722,0.0193949855441105,0.9999999891251359,5.471588626626556e-09,5.4715886266265555e-12,-0.004646623379393202,-0.00464662338486479,91763.0450232399
2025-02-13,23062.1607386784,23243.62,1,-0.0021534888817309,-0.0021534888817309,-0.0021534888817309,-0.0021534888817309,0.007868267998725,0.5,0.0,0.0,-0.0010767444408654,75349.43891960768,0.0126205361075151,0.9999999911509841,2.0258482669177624e-09,2.0258482669177625e-12,-0.0021534888626746425,-0.0021534888647004907,91565.43432759136
2025-02-14,22980.017384705294,23301.361,1,-0.0035618238422622,-0.0035618238422622,-0.0035618238422622,-0.0035618238422622,0.0139836106263601,1.0,0.0,0.0,-0.0035618238422622,75081.05749156274,0.007868267998725,0.9999999540066159,3.71443682478656e-08,3.71443682478656e-11,-0.003561823678441868,-0.0035618237155862365,91239.29439207539
2025-02-17,22967.336943597165,23231.0,1,-0.0005518029379981,-0.0005518029379981,-0.0005518029379981,-0.0005518029379981,0.0114799141515768,1.0,0.0,0.0,-0.0005518029379981,75039.62754345089,0.0139836106263601,0.9999999859314226,3.19248066871225e-08,3.19248066871225e-11,-0.0005518029302350176,-0.0005518029621598243,91188.94827916446
2025-02-18,22953.71784628501,23069.744,1,-0.0005929767715604,-0.0005929767715604,-0.0005929767715604,-0.0005929767715604,0.005054786962704,0.5,0.0,0.0,-0.0002964883857802,75017.379165411,0.0114799141515768,0.9999999914436866,5.51226397860205e-09,5.51226397860205e-12,-0.0005929767664867049,-0.0005929767719989688,91134.8753509719
2025-02-19,22940.851951127832,22978.58,1,-0.0005605146514101,-0.0005605146514101,-0.0005605146514101,-0.0005605146514101,0.0016445792402367,0.2,0.0,0.0,-0.000112102930282,75008.96949738447,0.005054786962704,0.9999998463602147,1.4508347190300697e-07,1.4508347190300697e-10,-0.0005605145652927493,-0.0005605147103762212,91083.79291270938
2025-02-20,22923.73144519567,22898.045,-1,-0.0007462890205052,-0.0007462890205052,-0.0007462890205052,-0.0007462890205052,-0.0011205176285144,0.2,2.0,0.002,-0.002149257804101,74847.75588431464,0.0016445792402367,0.9999998386041403,7.756074338338692e-09,7.756074338338692e-12,-0.000746288900057242,-0.0007462889078133163,91015.81808837705
2025-02-21,22844.727508653254,22889.312,1,-0.0034463820487207,-0.0034463820487207,-0.0034463820487207,0.0034463820487207,0.0019516315670589,0.2,2.0,0.002,-0.0013107235902558,74749.65116499935,-0.0011205176285144,0.8000000788387657,0.19999975976537465,0.00019999975976537466,-0.0027571059106850666,-0.002957105670450441,90746.67469660722
2025-02-24,22664.64606332875,22939.562,1,-0.0078828449696453,-0.0078828449696453,-0.0078828449696453,-0.0078828449696453,0.0121297255603767,1.0,0.0,0.0,-0.0078828449696453,74160.41125333059,0.0019516315670589,0.9999963625060436,0.19999628366727795,0.00019999628366727795,-0.007882816295844364,-0.008082812579511642,90013.18633282064
2025-02-25,22592.27719908183,22603.533,1,-0.0031930286510855,-0.0031930286510855,-0.0031930286510855,-0.0031930286510855,0.0004982145367191,0.2,0.0,0.0,-0.0006386057302171,74113.05198974896,0.0121297255603767,0.999999980743551,3.6182375073856576e-06,3.6182375073856576e-09,-0.0031930285895991066,-0.003193032207836614,89725.77132972995
2025-02-27,22563.08966769485,22457.068,-1,-0.0012919251622923,-0.0012919251622923,-0.0012919251622923,-0.0012919251622923,-0.0046988984778378,0.2,2.0,0.002,-0.0022583850324584,73945.6761824255,0.0004982145367191,0.9999999035518378,7.71917132436073e-08,7.71917132436073e-11,-0.0012919250376884923,-0.0012919251148802056,89609.85235229706
2025-02-28,22292.149469903605,22494.627,1,-0.012008115988617,-0.012008115988617,-0.012008115988617,0.012008115988617,0.0090829074320427,0.5,2.0,0.002,0.0040040579943085,74241.75895828828,-0.0046988984778378,0.7999999252068034,0.19999997834503436,0.00019999997834503437,-0.00960649189276822,-0.009806491871113255,88731.09406363261
2025-03-03,22185.32310540483,22542.713,1,-0.0047921069541992,-0.0047921069541992,-0.0047921069541992,-0.0047921069541992,0.0161092940993995,1.0,0.0,0.0,-0.0047921069541992,73885.98450889229,0.0090829074320427,0.9999998977795591,0.1999999725727557,0.0001999999725727557,-0.004792106464347914,-0.00499210643692067,88288.13899780254
2025-03-04,22121.86787795367,22365.361,1,-0.0028602345410826,-0.0028602345410826,-0.0028602345410826,-0.0028602345410826,0.0110068970391506,1.0,0.0,0.0,-0.0028602345410826,73674.65326389806,0.0161092940993995,0.9999999816764176,8.389685846044159e-08,8.38968584604416e-11,-0.0028602344886728566,-0.0028602345725697153,88035.61421029318
2025-03-05,22255.01273448588,22188.693,-1,0.0060186986590267,0.0060186986590267,0.0060186986590267,0.0060186986590267,-0.0029799908576601,0.2,2.0,0.002,-0.0007962602681946,73615.98906473101,0.0110068970391506,0.9999999913961909,9.71977331953866e-09,9.71977331953866e-12,0.006018698607242965,0.006018698597523192,88565.47403807276
2025-03-06,22434.04882784257,22416.451,-1,0.0080447535794603,0.0080447535794603,0.0080447535794603,-0.0080447535794603,-0.0007844249594717,0.2,0.0,0.0,-0.001608950715892,73497.5445664242,-0.0029799908576601,0.8000000157048883,0.19999997569130257,0.00019999997569130257,0.0064358029899101955,0.006235803014218893,89117.75088803511
2025-03-07,22507.255678243124,22636.895,1,0.0032632027754926,0.0032632027754926,0.0032632027754926,-0.0032632027754926,0.0057598902154114,0.5,2.0,0.002,-0.0036316013877463,73230.63078158082,-0.0007844249594717,0.8000000095466108,6.1582775545687696e-09,6.1582775545687694e-12,0.0026105622515466068,0.0026105622453883293,89350.39832389733
2025-03-10,22478.23595596313,22685.281,1,-0.0012893496521677,-0.0012893496521677,-0.0012893496521677,-0.0012893496521677,0.009210911587657,0.5,0.0,0.0,-0.0006446748260838,73183.4208374177,0.0057598902154114,0.9999999901884506,0.19999998064183988,0.0001999999806418399,-0.0012893496395171822,-0.001489349620159022,89217.32434209257
2025-03-11,22490.38924495372,22607.957,1,0.0005406691616904,0.0005406691616904,0.0005406691616904,0.0005406691616904,0.005227466442034,0.5,0.0,0.0,0.0002703345808452,73203.20484681461,0.009210911587657,0.9999999687139822,2.1474468425708437e-08,2.1474468425708436e-11,0.000540669144775015,0.0005406691233005466,89265.56139462783
2025-03-12,22478.097015561747,22591.424,1,-0.0005465547642635,-0.0005465547642635,-0.0005465547642635,-0.0005465547642635,0.005041662751068,0.5,0.0,0.0,-0.0002732773821317,73183.20006663042,0.005227466442034,0.9999999929277545,2.421377232053601e-08,2.421377232053601e-11,-0.0005465547603981306,-0.000546554784611903,89216.77287494653
2025-03-13,22428.099427517103,22568.932,1,-0.0022242802853831,-0.0022242802853831,-0.0022242802853831,-0.0022242802853831,0.0062792914280605,0.5,0.0,0.0,-0.0011121401426915,73101.81009206569,0.005041662751068,0.9999998471555648,1.4577218976352668e-07,1.4577218976352668e-10,-0.002224279945414236,-0.002224280091186426,89018.32978324089
2025-03-17,22477.944222523674,22558.379,1,0.0022224261653405,0.0022224261653405,0.0022224261653405,0.0022224261653405,0.0035783867367963,0.2,0.0,0.0,0.0004444852330681,73134.30276716217,0.0062792914280605,0.9999999029472366,5.579167183800138e-08,5.579167183800138e-11,0.002222425949647899,0.0022224258938562274,89216.16642437899
2025-03-18,22698.18468793049,22606.158,-1,0.0097980697534665,0.0097980697534665,0.0097980697534665,0.0097980697534665,-0.0040543633420792,0.2,2.0,0.002,-4.0386049306693605e-05,73131.3491616046,0.0035783867367963,0.9999999043297508,1.3825142142209756e-09,1.3825142142209757e-12,0.009798068816082726,0.009798068814700212,90090.31256238879
2025-03-19,22827.610227134588,22849.543,1,0.0057020215926306,0.0057020215926306,0.0057020215926306,-0.0057020215926306,0.0009608002172449,0.2,2.0,0.002,-0.0031404043185261,72901.68715687784,-0.0040543633420792,0.7999999271621966,0.19999997716755424,0.00019999997716755425,0.004561616858781752,0.004361616881614198,90483.25199053081
2025-03-20,23051.98138745298,22964.043,-1,0.009828937768163,0.009828937768163,0.009828937768163,0.009828937768163,-0.0038147865025104,0.2,2.0,0.002,-3.4212446367385806e-05,72899.19301181589,0.0009608002172449,0.8000455846639402,4.565750174356786e-05,4.565750174356787e-08,0.00786359826335545,0.007863552605853707,91194.77180250706
2025-03-21,23236.41447430215,23100.291,-1,0.0080007476905892,0.0080007476905892,0.0080007476905892,-0.0080007476905892,-0.005858196171044,0.5,0.0,0.0,-0.0040003738452946,72607.56898674835,-0.0038147865025104,0.600045701947736,0.19999988271620417,0.00019999988271620416,0.004800814264106324,0.00460081438139012,91614.34202012363
2025-03-24,23497.184728824952,23308.04,-1,0.0112224824880446,0.0112224824880446,0.0112224824880446,-0.0112224824880446,-0.0080496762062273,0.5,0.0,0.0,-0.0056112412440223,72200.15040102172,-0.005858196171044,0.40004581746627965,0.19999988448145634,0.00019999988448145633,0.00448950718093081,0.0042895072964493535,92007.32240867834
2025-03-25,23603.15633572088,23553.021,-1,0.0045099703695961,0.0045099703695961,0.0045099703695961,-0.0045099703695961,-0.0021240945493804,0.2,0.0,0.0,-0.0009019940739192,72135.02629322391,-0.0080496762062273,0.2000459868809538,0.19999983058532586,0.00019999983058532585,0.0009022014733897117,0.0007022016428043858,92071.93010162376
2025-03-26,23531.27482571889,23681.586,1,-0.003045419391355,-0.003045419391355,-0.003045419391355,0.003045419391355,0.0063877191267522,0.5,2.0,0.002,-0.0004772903043224,72100.59694457211,-0.0021240945493804,4.600246767960498e-05,0.19999998441327418,0.0001999999844132742,-1.4009680712165066e-07,-0.00020014008122039585,92053.5028180551
2025-03-27,23568.773662858886,23670.559,1,0.0015935743990806,0.0015935743990806,0.0015935743990806,0.0015935743990806,0.0043186522386404,0.2,0.0,0.0,0.0003187148798161,72123.57647766196,0.0063877191267522,0.20004583247607613,0.19999983000839652,0.00019999983000839653,0.00031878791727664137,0.00011878808726824484,92064.43767758118
2025-03-28,23538.22791794405,23740.504,1,-0.0012960260619317,-0.0012960260619317,-0.0012960260619317,-0.0012960260619317,0.0085935136137308,0.5,0.0,0.0,-0.0006480130309658,72076.83946026457,0.0043186522386404,0.40004581606258754,0.19999998358651142,0.0001999999835865114,-0.0005184698035838486,-0.0007184697871703599,91998.29216063702
2025-04-01,23307.99252005734,23761.236,1,-0.0097813394742086,-0.0097813394742086,-0.0097813394742086,-0.0097813394742086,0.0194458394283689,1.0,0.0,0.0,-0.0097813394742086,71371.83142527568,0.0085935136137308,0.6000458097706618,0.19999999370807425,0.00019999999370807426,-0.005869251765443238,-0.0060692517591513125,91439.93136410216
2025-04-02,23323.04602912267,23578.928,1,0.0006458518060863,0.0006458518060863,0.0006458518060863,0.0006458518060863,0.0109712072152933,1.0,0.0,0.0,0.0006458518060863,71417.9270515054,0.0194458394283689,0.8000457573411169,0.19999994757045514,0.00019999994757045515,0.0005167109973304422,0.00031671104975998705,91468.89140075447
2025-04-03,23277.96266236099,23511.13,1,-0.0019329965179241,-0.0019329965179241,-0.0019329965179241,-0.0019329965179241,0.010016655710855,1.0,0.0,0.0,-0.0019329965179241,71279.87644719747,0.0109712072152933,0.9999999360732126,0.19995417873209564,0.00019995417873209566,-0.0019329963943538425,-0.0021329505730859383,91273.79277642169
2025-04-04,23047.118658954383,23496.332,1,-0.0099168473957502,-0.0099168473957502,-0.0099168473957502,-0.0099168473957502,0.0194910846641163,1.0,0.0,0.0,-0.0099168473957502,70573.00479008268,0.010016655710855,0.9999999699631487,3.388993607966739e-08,3.3889936079667394e-11,-0.009916847097879329,-0.009916847131769265,90368.64452632114
2025-04-07,22499.83778862882,23361.514,1,-0.0237461731517978,-0.02,-0.02,-0.02,0.0382969966035337,1.0,0.0,0.0,-0.02,69161.54469428102,0.0194910846641163,0.9999999872634298,1.730028109658832e-08,1.730028109658832e-11,-0.023746172849352997,-0.02374617286665328,88222.73507167396
2025-04-08,22515.37334791257,22871.555,1,0.0006904742794011,0.0006904742794011,0.0006904742794011,0.0006904742794011,0.0158194868272283,1.0,0.0,0.0,0.0006904742794011,69209.29896201608,0.0382969966035337,0.9999999752782512,1.1985178516304984e-08,1.1985178516304984e-11,0.0006904742623313683,0.0006904742503461898,88283.65059853607
2025-04-09,22440.79879514735,22575.186,1,-0.0033121615001836,-0.0033121615001836,-0.0033121615001836,-0.0033121615001836,0.0059885214461131,0.5,0.0,0.0,-0.0016560807500918,69094.68277427774,0.0158194868272283,0.9999999889858622,1.3707610935220771e-08,1.3707610935220771e-11,-0.0033121614637029967,-0.0033121614774106077,87991.24089193842
2025-04-11,22684.29966571808,22510.148,-1,0.0108508111851786,0.0108508111851786,0.0108508111851786,0.0108508111851786,-0.0076771894342969,0.5,2.0,0.002,0.0034254055925893,69331.36008707093,0.0059885214461131,0.9999999362291708,5.275669134885419e-08,5.275669134885419e-11,0.010850810493213374,0.010850810440456682,88946.0171672774
2025-04-15,23083.400180281504,22782.537,-1,0.0175936890468155,0.0175936890468155,0.0175936890468155,-0.0175936890468155,-0.0130337462389318,1.0,0.0,0.0,-0.0175936890468155,68111.56569650622,-0.0076771894342969,0.7999999529760077,0.19999998325316315,0.00019999998325316316,0.0140749504101269,0.013874950426873736,90180.13874614125
2025-04-16,23275.85838264646,22977.855,-1,0.0083375153080507,0.0083375153080507,0.0083375153080507,-0.0083375153080507,-0.0128031103191725,1.0,0.0,0.0,-0.0083375153080507,67543.68447485629,-0.0130337462389318,0.5999999619633754,0.19999999101263233,0.00019999999101263233,0.005002508867699479,0.004802508876686847,90613.22966297044
2025-04-17,23634.80227856068,23186.412,-1,0.0154212957482948,0.0154212957482948,0.0154212957482948,-0.0154212957482948,-0.0189716111552756,1.0,0.0,0.0,-0.0154212957482948,66502.07334064002,-0.0128031103191725,0.4000000093475713,0.19999995261580406,0.00019999995261580405,0.006168518443469581,0.005968518490853777,91154.05639972984
2025-04-21,23919.643711899564,23539.768,-1,0.0120517798279728,0.0120517798279728,0.0120517798279728,-0.0120517798279728,-0.0158813281867815,1.0,0.0,0.0,-0.0120517798279728,65700.60499463492,-0.0189716111552756,0.20000006237611728,0.199999946971454,0.00019999994697145402,0.002410356717337792,0.0022103567703663377,91355.53938543935
2025-04-22,24064.433784653047,23867.148,-1,0.0060531868491608,0.0060531868491608,0.0060531868491608,-0.0060531868491608,-0.0081982309003615,0.5,0.0,0.0,-0.0030265934245804,65501.75597556721,-0.0158813281867815,1.3321862857041716e-07,0.1999999291574887,0.0001999999291574887,8.063972505256864e-10,-0.0001999991227602382,91337.26835770297
2025-04-23,24231.10879313468,24059.63,-1,0.006926196974887,0.006926196974887,0.006926196974887,-0.006926196974887,-0.007076803401719,0.5,0.0,0.0,-0.0034630984874435,65274.91694352333,-0.0081982309003615,-0.19999979008173044,0.199999923300359,0.000199999923300359,-0.0013852379410421163,-0.0015852378643424754,91192.47706147672
2025-04-24,24240.77155831525,24247.285,1,0.0003987751969198,0.0003987751969198,0.0003987751969198,-0.0003987751969198,0.0002686977874891,0.2,2.0,0.002,-0.0020797550393839,65139.16110606467,-0.007076803401719,-0.39999978780645895,0.1999999977247285,0.0001999999977247285,-0.0001595099941503989,-0.00035950999187512743,91159.69245478927
2025-04-25,24116.234424877865,24402.826,1,-0.0051375069946841,-0.0051375069946841,-0.0051375069946841,-0.0051375069946841,0.0118837613730646,1.0,0.0,0.0,-0.0051375069946841,64804.5082102544,0.0002686977874891,-0.39999971831192715,6.949453179583287e-08,6.949453179583287e-11,0.0020550013506991953,0.0020550012812046636,91347.02573957808
2025-04-28,24247.42968594797,24404.191,1,0.0054401221500304,0.0054401221500304,0.0054401221500304,0.0054401221500304,0.0064650693323951,0.5,0.0,0.0,0.0027200610750152,64980.780430522624,0.0118837613730646,-0.19999981595753008,0.19999990235439707,0.0001999999023543971,-0.001088023428792563,-0.00128802333114696,91229.36863919462
2025-04-29,24302.1382478168,24381.049,1,0.0022562623163533,0.0022562623163533,0.0022562623163533,0.0022562623163533,0.0032470703350675,0.2,0.0,0.0,0.0004512524632706,65010.10316775715,0.0064650693323951,1.808839327973607e-07,0.19999999684146288,0.00019999999684146288,4.081216012044677e-10,-0.00019999958871986167,91211.12280298761
2025-04-30,24321.953043032325,24452.934,1,0.0008153519255575,0.0008153519255575,0.0008153519255575,0.0008153519255575,0.0053852976665128,0.5,0.0,0.0,0.0004076759627787,65036.6062241564,0.0032470703350675,0.2000001743911153,0.1999999935071825,0.00019999999350718252,0.00016307052730163166,-3.692946620555086e-05,91207.75442491048
2025-05-02,24337.247023585234,24705.96,1,0.0006288138343928,0.0006288138343928,0.0006288138343928,0.0006288138343928,0.01515015137322,1.0,0.0,0.0,0.0006288138343928,65077.50214189211,0.0053852976665128,0.40000016664985755,0.19999999225874224,0.00019999999225874223,0.0002515256385488559,5.152564629011365e-05,91212.4539634039
2025-05-05,24413.823517831315,24728.916,1,0.0031464731475943,0.0031464731475943,0.0031464731475943,0.0031464731475943,0.0129063144057934,1.0,0.0,0.0,0.0031464731475943,65282.26675489408,0.01515015137322,0.6000001203295237,0.1999999536796661,0.0001999999536796661,0.001887884267170195,0.001687884313490529,91366.4100336437
2025-05-06,24392.671979093026,24640.75,1,-0.0008663755074186,-0.0008663755074186,-0.0008663755074186,-0.0008663755074186,0.0101701864035068,1.0,0.0,0.0,-0.0008663755074186,65225.70779790887,0.0129063144057934,0.7999999280309038,0.19999980770138015,0.00019999980770138017,-0.0006931003435826177,-0.0008931001512839979,91284.81067902037
2025-05-07,24406.100875949152,24554.148,1,0.0005505299652139,0.0005505299652139,0.0005505299652139,0.0005505299652139,0.0060659883691925,0.5,0.0,0.0,0.0002752649826069,65243.662151231394,0.0101701864035068,0.9999999068097091,0.19999997877880527,0.00019999997877880526,0.0005505299139098524,0.0003505299351310472,91316.80873778614
2025-05-08,24324.3349207033,24646.154,1,-0.0033502260627968,-0.0033502260627968,-0.0033502260627968,-0.0033502260627968,0.013230334163126,1.0,0.0,0.0,-0.0033502260627968,65025.08113386003,0.0060659883691925,0.9999999162271461,9.41743705240583e-09,9.41743705240583e-12,-0.0033502257821388013,-0.003350225791556238,91010.8768099502
2025-05-09,24128.82918787773,24587.984,1,-0.0080374544037036,-0.0080374544037036,-0.0080374544037036,-0.0080374544037036,0.019029303433958,1.0,0.0,0.0,-0.0080374544037036,64502.4450091495,0.013230334163126,0.9999999811642419,6.493709581167906e-08,6.493709581167906e-11,-0.008037454252312053,-0.008037454317249148,90279.38104521744
2025-05-12,24620.70391758511,24294.68,-1,0.0203853542116538,0.0203853542116538,0.0203853542116538,0.0203853542116538,-0.013241860130256,1.0,2.0,0.002,0.0183853542116538,65688.34530816044,0.019029303433958,0.9999999883929314,7.2286894248208e-09,7.2286894248208e-12,0.020385353975039596,0.020385353967810906,92119.75818381908
2025-05-13,24600.763706027243,24489.275,-1,-0.0008098960787072,-0.0008098960787072,-0.0008098960787072,0.0008098960787072,-0.0045319205273259,0.2,0.0,0.0,0.0001619792157414,65698.98545481682,-0.013241860130256,0.7999999995634056,0.19999998882952574,0.00019999998882952574,-0.0006479168626121639,-0.0008479168514416896,92041.64828850428
2025-05-14,24643.74548613192,24664.52,1,0.0017471725926192,0.0017471725926192,0.0017471725926192,-0.0017471725926192,0.0008429933623431,0.2,2.0,0.002,-0.0023494345185238,65544.62999055727,-0.0045319205273259,0.6000000825362136,0.199999917027192,0.000199999917027192,0.0010483036997765303,0.0008483037827493383,92119.7275669179
2025-05-15,24904.22376487295,24738.803,-1,0.0105697520244076,0.0105697520244076,0.0105697520244076,0.0105697520244076,-0.0066422774881373,0.5,2.0,0.002,0.0032848760122038,65759.93597334203,0.0008429933623431,0.6000020297927096,1.9472564959377436e-06,1.9472564959377436e-09,0.006341872669050161,0.006341870721793665,92703.93897007416
2025-05-16,24975.73159133404,24898.547,-1,0.0028713132011748,0.0028713132011748,0.0028713132011748,-0.0028713132011748,-0.0030903836010482,0.2,0.0,0.0,-0.0005742626402349,65722.17249888829,-0.0066422774881373,0.4000021271098061,0.19999990268290346,0.00019999990268290346,0.0011485313880683866,0.0009485314853854832,92791.87157500652
2025-05-19,24957.013101563505,25092.15,1,-0.0007494671258009,-0.0007494671258009,-0.0007494671258009,0.0007494671258009,0.0054147865326091,0.5,2.0,0.002,-0.0016252664370995,65615.3564577526,-0.0030903836010482,0.20000213452528487,0.19999999258452122,0.00019999999258452122,-0.0001498950249167102,-0.0003498950175012314,92759.40416147781
2025-05-20,24788.21627627826,25118.852,1,-0.0067635026915408,-0.0067635026915408,-0.0067635026915408,-0.0067635026915408,0.0133384233878154,1.0,0.0,0.0,-0.0067635026915408,65171.56681774418,0.0054147865326091,0.40000212694537,0.19999999242008515,0.00019999999242008515,-0.0027054154622170546,-0.0029054154546371397,92489.89955506411
2025-05-21,24803.811144758925,24977.488,1,0.0006291242704536,0.0006291242704536,0.0006291242704536,0.0006291242704536,0.0070020229644335,0.5,0.0,0.0,0.0003145621352268,65192.06732495844,0.0133384233878154,0.6000020448843276,0.1999999179389576,0.00019999991793895761,0.00037747584875852077,0.00017747593081956316,92506.31428607905
2025-05-22,24683.84331805528,24894.572,1,-0.0048366690910318,-0.0048366690910318,-0.0048366690910318,-0.0048366690910318,0.0085371098507411,0.5,0.0,0.0,-0.0024183345455159,65034.41109645288,0.0070020229644335,0.8000020348638425,0.19999998997951485,0.00019999998997951486,-0.0038693451147884914,-0.004069345104768006,92129.87416887887
2025-05-23,24788.480850922733,24845.348,1,0.0042391102357595,0.0042391102357595,0.0042391102357595,0.0042391102357595,0.0022940957705018,0.2,0.0,0.0,0.0008478220471519,65089.548704004,0.0085371098507411,0.9999999756729788,0.19999794080913635,0.00019999794080913637,0.004239110132634576,0.004039112191825439,92501.99706686573
2025-05-26,24919.917856202017,24910.91,-1,0.0053023420866225,0.0053023420866225,0.0053023420866225,0.0053023420866225,-0.0003614721466577,0.2,2.0,0.002,-0.0009395315826754,65028.3950172945,0.0022940957705018,0.9999999438541636,3.181881524927377e-08,3.181881524927377e-11,0.005302341788918068,0.005302341757099253,92992.47426852844
2025-05-27,24861.99655278916,24980.307,1,-0.0023242975256614,-0.0023242975256614,-0.0023242975256614,0.0023242975256614,0.0047586864940485,0.2,2.0,0.002,-0.0015351404948677,64928.56729478719,-0.0003614721466577,0.9999998784707542,6.538340935335896e-08,6.538340935335896e-11,-0.0023242972431912748,-0.002324297308574684,92776.3321108684
2025-05-28,24794.292576960983,25008.178,1,-0.0027231914252913,-0.0027231914252913,-0.0027231914252913,-0.0027231914252913,0.008626397481401,0.5,0.0,0.0,-0.0013615957126456,64840.16083593038,0.0047586864940485,0.9999993702652163,5.08205537874673e-07,5.082055378746731e-10,-0.0027231897104029366,-0.0027231902186084745,92523.68451074572
2025-05-29,24818.585658990527,24964.115,1,0.0009797852450978,0.0009797852450978,0.0009797852450978,0.0009797852450978,0.0058637241867469,0.5,0.0,0.0,0.0004898926225489,64871.92555236879,0.008626397481401,0.9999997675363618,3.9727114542476016e-07,3.972711454247602e-10,0.0009797850173333573,0.000979784620062212,92614.33779382084
2025-05-30,24776.62953154644,25046.633,1,-0.0016905124256703,-0.0016905124256703,-0.0016905124256703,-0.0016905124256703,0.0108975059787604,1.0,0.0,0.0,-0.0016905124256703,64762.25875614536,0.0058637241867469,0.9999998862494199,1.1871305816146815e-07,1.1871305816146815e-10,-0.001690512233373531,-0.0016905123520865892,92457.77211180006
2025-06-02,24739.52899930246,24866.314,1,-0.0014974002899281,-0.0014974002899281,-0.0014974002899281,-0.0014974002899281,0.0051247944413619,0.5,0.0,0.0,-0.000748700144964,64713.77124362643,0.0108975059787604,0.999999980048256,9.379883603166661e-08,9.379883603166661e-11,-0.0014974002600523528,-0.0014974003538511889,92319.32581112356
2025-06-03,24617.758380964147,24815.137,1,-0.0049221073829556,-0.0049221073829556,-0.0049221073829556,-0.0049221073829556,0.0080177332144292,0.5,0.0,0.0,-0.0024610536914778,64554.50717801785,0.0051247944413619,0.9999999270762497,5.2972006225893153e-08,5.297200622589316e-11,-0.00492210702401707,-0.004922107076989076,91864.92020420577
2025-06-04,24619.266901676827,24717.941,1,6.12777446806767e-05,6.12777446806767e-05,6.12777446806767e-05,6.12777446806767e-05,0.0040080031106227,0.2,0.0,0.0,1.225554893613534e-05,64555.298328939614,0.0080177332144292,0.9999999325594132,5.48316347881439e-09,5.4831634788143905e-12,6.127774054806965e-05,6.127773506490616e-05,91870.5494784478
2025-06-05,24700.62087190453,24469.717,-1,0.0033044838643088,0.0033044838643088,0.0033044838643088,0.0033044838643088,-0.0093480999162725,0.5,2.0,0.002,-0.0003477580678455,64532.84870312355,0.0040080031106227,0.9999999292089818,3.350431376780705e-09,3.350431376780705e-12,0.0033044836303810225,0.003304483627030591,92174.13420500564
2025-06-06,24887.532835094586,24578.04,-1,0.0075670957487006,0.0075670957487006,0.0075670957487006,-0.0075670957487006,-0.012435657529627,1.0,0.0,0.0,-0.0075670957487006,64044.52245805061,-0.0093480999162725,0.7999999438778559,0.19999998533112595,0.00019999998533112596,0.006053676174278842,0.005853676188947716,92713.69173963835
2025-06-09,25020.821990424403,24929.23,-1,0.0053556596474626,0.0053556596474626,0.0053556596474626,-0.0053556596474626,-0.0036606307522373,0.2,0.0,0.0,-0.0010711319294925,63975.92232513668,-0.012435657529627,0.5999999538774058,0.1999999900004501,0.0001999999900004501,0.003213395541460643,0.003013395551460193,92993.07476588603
2025-06-10,25072.38333595588,25123.1,1,0.0020607374750201,0.0020607374750201,0.0020607374750201,-0.0020607374750201,0.0020228098527589,0.2,2.0,0.002,-0.002412147495004,63821.602964359525,-0.0036606307522373,0.40000020155799254,0.19999975231941325,0.00019999975231941325,0.0008242954053661487,0.0006242956530467355,93051.12993822581
2025-06-11,25115.038221544804,25141.676,1,0.0017012696805633,0.0017012696805633,0.0017012696805633,0.0017012696805633,0.0010606306158174,0.2,0.0,0.0,0.0003402539361126,63843.31851597717,0.0020228098527589,0.6000000898845257,0.19999988832653315,0.00019999988832653315,0.0010207619612557983,0.0008207620729292651,93127.50277652233
2025-06-12,24974.84400784348,25216.611,1,-0.0055820824346212,-0.0055820824346212,-0.0055820824346212,-0.0055820824346212,0.0096804205095572,0.5,0.0,0.0,-0.0027910412173106,63665.12918254919,0.0010606306158174,0.7999999444283908,0.19999985454386515,0.00019999985454386516,-0.004465665637491656,-0.004665665492035522,92693.00100045848
2025-06-13,24816.47626016319,25047.367,1,-0.0063410905641915,-0.0063410905641915,-0.0063410905641915,-0.0063410905641915,0.0093039292692592,0.5,0.0,0.0,-0.0031705452820957,63463.27600758543,0.0096804205095572,0.9999999204548893,0.19999997602649844,0.00019999997602649844,-0.006341090059788748,-0.006541090035815247,92086.68773522456
2025-06-16,24896.83535072672,24822.791,-1,0.0032381346054566,0.0032381346054566,0.0032381346054566,0.0032381346054566,-0.0029740466884099,0.2,2.0,0.002,-0.0013523730789086,63377.44998161342,0.0093039292692592,0.9999999499597211,2.950483179997576e-08,2.9504831799975765e-11,0.003238134443419441,0.0032381344139146093,92384.87680784338
2025-06-17,24869.99106908386,24878.258,1,-0.0010782206358638,-0.0010782206358638,-0.0010782206358638,0.0010782206358638,0.0003324058658959,0.2,2.0,0.002,-0.0017843558728272,63264.36205653392,-0.0029740466884099,0.79999997427244,0.19999997568728112,0.00019999997568728112,-0.0008625764809510538,-0.001062576456638335,92286.71081279794
2025-06-18,24834.182001884583,25046.383,1,-0.0014398504245459,-0.0014398504245459,-0.0014398504245459,-0.0014398504245459,0.0085447146235505,0.5,0.0,0.0,-0.0007199252122729,63218.81644725106,0.0003324058658959,0.8000011439555791,1.1696831391239115e-06,1.1696831391239115e-09,-0.0011518819867616464,-0.0011518831564447855,92180.407305049
2025-06-19,24808.884633492333,24990.65,1,-0.0010186511635588,-0.0010186511635588,-0.0010186511635588,-0.0010186511635588,0.0073266238766043,0.5,0.0,0.0,-0.0005093255817794,63186.61748678466,0.0085447146235505,0.9999999740435853,0.19999883008800623,0.00019999883008800623,-0.0010186511371182679,-0.001218649967206274,92068.07165470964
2025-06-20,24996.46768752148,24866.04,-1,0.007561124040857,0.007561124040857,0.007561124040857,0.007561124040857,-0.005217844743183,0.5,2.0,0.002,0.0017805620204285,63299.125178080976,0.0073266238766043,0.9999999481424571,2.5901128242189486e-08,2.5901128242189485e-11,0.007561123648755686,0.007561123622854557,92764.20972620872
2025-06-23,24981.28426302774,25061.27,1,-0.0006074228040355,-0.0006074228040355,-0.0006074228040355,0.0006074228040355,0.003201826460565,0.2,2.0,0.002,-0.0018785154391928,63180.21679414654,-0.005217844743183,0.799999968842125,0.1999999793003321,0.0001999999793003321,-0.0004859382243023962,-0.0006859382036027283,92700.5792108305
2025-06-24,25020.26079058264,25140.203,1,0.0015602291357206,0.0015602291357206,0.0015602291357206,0.0015602291357206,0.0047938033268825,0.2,0.0,0.0,0.0003120458271441,63199.93191715522,0.003201826460565,0.9999990168244121,0.19999904798228707,0.00019999904798228708,0.0015602276017414021,0.001360228553759115,92826.67318562308
2025-06-25,25159.00275211016,25161.098,1,0.0055451844682508,0.0055451844682508,0.0055451844682508,0.0055451844682508,8.328024407357381e-05,0.2,0.0,0.0,0.0011090368936501,63270.02297332752,0.0047938033268825,0.9999990835052311,6.668081908856038e-08,6.668081908856038e-11,0.005545179386118242,0.0055451793194374235,93341.41373406418
2025-06-26,25400.034306825,25167.191,-1,0.0095803302336625,0.0095803302336625,0.0095803302336625,0.0095803302336625,-0.0091670469422333,0.5,2.0,0.002,0.0027901651168312,63446.556784368826,8.328024407357381e-05,0.9999996122069146,5.287016834332192e-07,5.287016834332192e-10,0.00958032651847668,0.009580325989774997,94235.65490598298
2025-06-27,25546.982069404883,25339.432,-1,0.0057853371694225,0.0057853371694225,0.0057853371694225,-0.0057853371694225,-0.0081242500128202,0.5,0.0,0.0,-0.0028926685847112,63263.02692275058,-0.0091670469422333,0.7999996270803893,0.19999998512652528,0.0001999999851265253,0.004628267578072315,0.004428267592945789,94652.95560270318
2025-06-30,25528.483515998098,25539.672,1,-0.0007240993615813,-0.0007240993615813,-0.0007240993615813,0.0007240993615813,0.0004382745255858,0.2,2.0,0.002,-0.0018551801276837,63145.66261238637,-0.0081242500128202,0.5999996515546323,0.199999975525757,0.00019999997552575698,-0.0004344593646397117,-0.0006344593401654687,94592.90215094677
2025-07-01,25536.71403856097,25591.713,1,0.0003224054635957,0.0003224054635957,0.0003224054635957,0.0003224054635957,0.0021537211622442,0.2,0.0,0.0,6.44810927191486e-05,63149.73431371208,0.0004382745255858,0.5999998975248072,2.459701748946941e-07,2.459701748946941e-10,0.00019344324511885798,0.00019344299914868308,94611.20048563703
2025-07-02,25485.2233724098,25624.504,1,-0.0020163387534284,-0.0020163387534284,-0.0020163387534284,-0.0020163387534284,0.0054651523180677,0.5,0.0,0.0,-0.0010081693767142,63086.06868542935,0.0021537211622442,0.7999996132656022,0.199999715740795,0.000199999715740795,-0.0016130702229551664,-0.0018130699386959613,94439.66376217258
2025-07-03,25435.828494604088,25677.209,1,-0.0019381771579521,-0.0019381771579521,-0.0019381771579521,-0.0019381771579521,0.0094897834936698,0.5,0.0,0.0,-0.000969088578976,63024.932696773794,0.0054651523180677,0.9999995997633658,0.19999998649776363,0.00019999998649776363,-0.001938176382222598,-0.0021381763687203614,94237.7351048464
2025-07-04,25451.38534048676,25729.074,1,0.000611611526079,0.000611611526079,0.000611611526079,0.000611611526079,0.0109105518539892,1.0,0.0,0.0,0.000611611526079,63063.47947204149,0.0094897834936698,0.9999998696300698,2.698667039835456e-07,2.6986670398354565e-10,0.000611611446343248,0.0006116111764765441,94295.37195688234
2025-07-07,25457.51341989188,25641.674,1,0.0002407758683127,0.0002407758683127,0.0002407758683127,0.0002407758683127,0.0072340364540168,0.5,0.0,0.0,0.0001203879341563,63071.07155405584,0.0109105518539892,0.9999999780331423,1.0840307251847037e-07,1.0840307251847037e-10,0.00024077586302361076,0.00024077575462053824,94318.0759962225
2025-07-08,25497.67733521132,25601.379,1,0.0015776841460115,0.0015776841460115,0.0015776841460115,0.0015776841460115,0.0040671024040873,0.2,0.0,0.0,0.0003155368292023,63090.97279998839,0.0072340364540168,0.9999999482157306,2.98174117618899e-08,2.98174117618899e-11,0.001577684064312279,0.0015776840344948672,94466.880118886
2025-07-09,25484.341567244544,25643.39,1,-0.0005230189319385,-0.0005230189319385,-0.0005230189319385,-0.0005230189319385,0.0062410257818817,0.5,0.0,0.0,-0.0002615094659692,63074.473913383976,0.0040671024040873,0.9999999407303718,7.485358777259421e-09,7.485358777259421e-12,-0.0005230189009393624,-0.0005230189084247212,94417.47215436392
2025-07-10,25404.558591026424,25687.15,1,-0.003130666570592,-0.003130666570592,-0.003130666570592,-0.003130666570592,0.0111236496379589,1.0,0.0,0.0,-0.003130666570592,62877.00876644567,0.0062410257818817,0.9999999254479798,1.5282392018534097e-08,1.5282392018534095e-11,-0.0031306663371944827,-0.0031306663524768748,94121.88255120434
2025-07-11,25247.139783125967,25513.951,1,-0.0061964787672422,-0.0061964787672422,-0.0061964787672422,-0.0061964787672422,0.0105679779636803,1.0,0.0,0.0,-0.0061964787672422,62487.39271667668,0.0111236496379589,0.9999999843023164,5.885433662644601e-08,5.885433662644601e-11,-0.006196478669971838,-0.006196478728826174,93538.65830805872
2025-07-14,25145.263677295014,25332.428,1,-0.0040351543464358,-0.0040351543464358,-0.0040351543464358,-0.0040351543464358,0.0074433231286409,0.5,0.0,0.0,-0.0020175771732179,62361.319579517614,0.0105679779636803,0.9999999895647771,5.262460689436921e-09,5.262460689436921e-12,-0.004035154304328065,-0.004035154309590526,93161.21538787364
2025-07-15,25176.49732523218,25228.123,1,0.0012421284715089,0.0012421284715089,0.0012421284715089,0.0012421284715089,0.0020505503248094,0.2,0.0,0.0,0.0002484256943017,62376.81173363173,0.0074433231286409,0.9999999536686901,3.589608699172686e-08,3.589608699172686e-11,0.0012421284139594608,0.001242128378063374,93276.9335772418
2025-07-16,25198.47056946872,25200.47,1,0.0008727681199132,0.0008727681199132,0.0008727681199132,0.0008727681199132,7.934729712135517e-05,0.2,0.0,0.0,0.0001745536239826,62387.69983217232,0.0020505503248094,0.999999928161782,2.550690814118184e-08,2.550690814118184e-11,0.0008727680572150936,0.0008727680317081855,93358.3427029638
2025-07-17,25144.688416977624,25031.697,-1,-0.0021343419372548,-0.0021343419372548,-0.0021343419372548,-0.0021343419372548,-0.0044936495176982,0.2,2.0,0.002,-0.0024268683874509,62236.29309568384,7.934729712135517e-05,0.9999998897973349,3.83644470636213e-08,3.8364447063621297e-11,-0.00213434170204463,-0.002134341740409077,93159.08409531745
2025-07-18,25035.736424882067,24771.957,-1,-0.0043330022742295,-0.0043330022742295,-0.0043330022742295,0.0043330022742295,-0.0105361160704626,1.0,0.0,0.0,0.0043330022742295,62505.96309520705,-0.0044936495176982,0.7999999118323429,0.19999997796499203,0.00019999997796499202,-0.0034664014373529412,-0.0036664014153179334,92817.52549754066
2025-07-21,25069.705299609104,24775.508,-1,0.0013568154797027,0.0013568154797027,0.0013568154797027,-0.0013568154797027,-0.0117351718376079,1.0,0.0,0.0,-0.0013568154797027,62421.15403690575,-0.0105361160704626,0.5999999261227551,0.19999998570958777,0.00019999998570958779,0.0008140891875838306,0.0006140892018742428,92874.52373769338
2025-07-22,25064.26356658908,24921.467,-1,-0.0002170641000757,-0.0002170641000757,-0.0002170641000757,0.0002170641000757,-0.0056972177223443,0.5,0.0,0.0,0.0001085320500378,62427.9287327191,-0.0117351718376079,0.39999997802991966,0.19999994809283544,0.00019999994809283546,-8.682563526136429e-05,-0.00028682558335419974,92847.88494824358
2025-07-23,25160.45241374436,24966.426,-1,0.0038376889430535,0.0038376889430535,0.0038376889430535,-0.0038376889430535,-0.0077115629939296,0.5,0.0,0.0,-0.0019188444715267,62308.13924680145,-0.0056972177223443,0.19999998101319727,0.1999999970167224,0.0001999999970167224,0.0007675377157452571,0.0005675377187285347,92900.57962505588
2025-07-24,25099.66703775523,25081.258,-1,-0.0024159094991441,-0.0024159094991441,-0.0024159094991441,0.0024159094991441,-0.0007334375283758,0.2,0.0,0.0,0.0004831818998288,62338.24541189752,-0.0077115629939296,-1.6770092342787097e-08,0.1999999977832896,0.0001999999977832896,4.051502539246308e-11,-0.00019999995726826422,92881.99951310067
2025-07-25,24937.32988069825,24989.467,1,-0.0064677016158337,-0.0064677016158337,-0.0064677016158337,0.0064677016158337,0.0020907258135164,0.2,2.0,0.002,-0.0007064596768332,62294.20595518947,-0.0007334375283758,-2.242847956512614e-07,2.075147033084743e-07,2.075147033084743e-10,1.4506071352405946e-09,1.2430924319321202e-09,92881.99962856158
2025-07-28,24778.847740115176,24856.094,1,-0.0063552169114039,-0.0063552169114039,-0.0063552169114039,-0.0063552169114039,0.0031174274403312,0.2,0.0,0.0,-0.0012710433822807,62215.0273169557,0.0020907258135164,0.19999975694429778,0.19999998122909343,0.00019999998122909344,-0.0012710418376090707,-0.0014710418188381641,92745.36632289065
2025-07-29,24804.96083140596,24600.672,-1,0.0010538460692224,0.0010538460692224,0.0010538460692224,0.0010538460692224,-0.0082358054420834,0.5,2.0,0.002,-0.0014730769653887,62123.379793314045,0.0031174274403312,0.39999972117362903,0.19999996422933125,0.00019999996422933125,0.00042153813384888494,0.0002215381696195537,92765.91296158652
2025-07-30,24835.91812290436,24686.594,-1,0.0012480282355136,0.0012480282355136,0.0012480282355136,-0.0012480282355136,-0.0060124261227391,0.5,0.0,0.0,-0.0006240141177568,62084.613927280254,-0.0082358054420834,0.19999988471965433,0.1999998364539747,0.0001999998364539747,0.0002496055032295936,4.960566677561889e-05,92770.51467655302
2025-07-31,24794.158484973905,24756.87,-1,-0.0016814211467359,-0.0016814211467359,-0.0016814211467359,0.0016814211467359,-0.0015039221837879,0.2,0.0,0.0,0.0003362842293471,62105.49200382911,-0.0060124261227391,-1.1161687009779296e-07,0.19999999633652443,0.00019999999633652443,1.8767496571490302e-10,-0.00019999980866155872,92751.96059136828
2025-08-01,24652.74682292613,24803.422,1,-0.0057034265604729,-0.0057034265604729,-0.0057034265604729,0.0057034265604729,0.006111902180967,0.5,2.0,0.002,0.0008517132802364,62158.3880761444,-0.0015039221837879,-0.20000008598364843,0.19999997436677833,0.00019999997436677834,0.0011406858024960043,0.000940685828129226,92839.21104622776
2025-08-04,24696.011165678265,24660.992,-1,0.0017549501912663,0.0017549501912663,0.0017549501912663,0.0017549501912663,-0.0014180089830431,0.2,2.0,0.002,-0.0016490099617467,62055.88827500072,0.006111902180967,-8.952635214691854e-08,0.1999999964572963,0.0001999999964572963,-1.571142888236088e-10,-0.00020000015357158515,92820.64318976106
2025-08-05,24667.297068971213,24610.756,-1,-0.0011627018029113,-0.0011627018029113,-0.0011627018029113,0.0011627018029113,-0.0022921469187775,0.2,0.0,0.0,0.0002325403605822,62070.318773636434,-0.0014180089830431,-0.1999975959569486,0.19999750643059647,0.00019999750643059648,0.00023253756539706987,3.25400589664734e-05,92823.66357896375
2025-08-06,24609.759433254952,24560.938,-1,-0.0023325472408015,-0.0023325472408015,-0.0023325472408015,0.0023325472408015,-0.0019838240754593,0.2,0.0,0.0,0.0004665094481603,62099.27516379466,-0.0022921469187775,-0.3999975452316234,0.1999999492746748,0.0001999999492746748,0.0009330131704573965,0.0007330132211827217,92891.70455160574
2025-08-07,24601.34858235529,24573.168,-1,-0.0003417689198658,-0.0003417689198658,-0.0003417689198658,0.0003417689198658,-0.0011454893320564,0.2,0.0,0.0,6.835378397316295e-05,62103.519884234105,-0.0019838240754593,-0.5999974369730743,0.19999989174145089,0.00019999989174145088,0.00020506047595653603,5.060584215085145e-06,92892.1746378995
2025-08-08,24454.226950325046,24576.855,1,-0.0059802263090472,-0.0059802263090472,-0.0059802263090472,0.0059802263090472,0.0050145952241325,0.5,2.0,0.002,0.0009901131545236,62165.009396213696,-0.0011454893320564,-0.7999924516562024,0.19999501468312808,0.0001999950146831281,0.0047841359064335915,0.004584140891750464,93318.00545418072
2025-08-11,24535.08052437513,24434.107,-1,0.0033063230424059,0.0033063230424059,0.0033063230424059,0.0033063230424059,-0.004115475564664,0.2,2.0,0.002,-0.0013387353915188,62081.78689802089,0.0050145952241325,-0.599992518977151,0.19999993267905136,0.00019999993267905136,-0.0019837690907653135,-0.002183769023444365,93114.22048454026
2025-08-12,24505.61258112941,24501.121,-1,-0.0012010534555386,-0.0012010534555386,-0.0012010534555386,0.0012010534555386,-0.0001832878535291,0.2,0.0,0.0,0.0002402106911077,62096.69960695686,-0.004115475564664,-0.7999924208375963,0.19999990186044525,0.00019999990186044526,0.0009608336614516849,0.0007608337595912397,93185.06492698293
2025-08-13,24575.90593036459,24361.531,-1,0.002868459174504,0.002868459174504,0.002868459174504,-0.002868459174504,-0.0087229716362041,0.5,0.0,0.0,-0.001434229587252,62007.63868310986,-0.0001832878535291,-0.7999934164148009,9.955772046765787e-07,9.955772046765788e-10,-0.0022947484548578347,-0.0022947494504350395,92971.22855045297
2025-08-14,24610.141831013505,24538.36,-1,0.0013930676958937,0.0013930676958937,0.0013930676958937,-0.0013930676958937,-0.0029167581197376,0.2,0.0,0.0,-0.0002786135391787,61990.36251544025,-0.0087229716362041,-0.9999933823608844,0.1999999659460835,0.0001999999659460835,-0.001393058477074425,-0.0015930584430205086,92823.1199498527
2025-08-18,24775.037865084232,24596.863,-1,0.0067003284744555,0.0067003284744555,0.0067003284744555,-0.0067003284744555,-0.0071917090926159,0.5,0.0,0.0,-0.0033501642372277,61782.68461988823,-0.0029167581197376,-0.9999999683880543,6.586027169852571e-06,6.586027169852571e-09,-0.00670032826264508,-0.00670033484867225,92201.17396449021
2025-08-19,24902.113394381136,24944.291,1,0.0051291759870928,0.0051291759870928,0.0051291759870928,-0.0051291759870928,0.0016937359874195,0.2,2.0,0.002,-0.0030258351974185,61595.74039817436,-0.0071917090926159,-0.9999999446441673,2.3743886967686478e-08,2.374388696768648e-11,-0.005129175703162993,-0.00512917572690688,91728.25794099923
2025-08-20,24993.852744667303,24915.588,-1,0.0036839985760752,0.0036839985760752,0.0036839985760752,0.0036839985760752,-0.0031313597574108,0.2,2.0,0.002,-0.0012632002847849,61517.93264136184,0.0016937359874195,-0.7999999803439836,0.19999996430018374,0.00019999996430018375,-0.0029471987884474235,-0.0031471987527476072,91439.57088201561
2025-08-21,25049.41230395824,24983.21,-1,0.0022229289681157,0.0022229289681157,0.0022229289681157,-0.0022229289681157,-0.0026428685493663,0.2,0.0,0.0,-0.0004445857936231,61490.58264245643,-0.0031313597574108,-0.9999988906629554,0.19999891031897188,0.00019999891031897187,-0.002222926502138248,-0.00242292541245722,91218.01962202138
2025-08-22,24938.59096409147,25055.479,1,-0.0044241093771792,-0.0044241093771792,-0.0044241093771792,0.0044241093771792,0.0046870344871061,0.2,2.0,0.002,-0.0011151781245641,61422.00968982685,-0.0026428685493663,-0.999999195768232,3.0510527659899367e-07,3.0510527659899367e-10,0.004424105819169894,0.004424105514064617,91621.57776561321
2025-08-25,24956.612239362115,25119.602,1,0.0007226260415673,0.0007226260415673,0.0007226260415673,0.0007226260415673,0.0065309249137914,0.5,0.0,0.0,0.0003613130207836,61444.202261690494,0.0046870344871061,-0.799999217445139,0.19999997832309302,0.00019999997832309302,-0.0005781002677593185,-0.0007781002460824115,91550.28699340734
2025-08-26,24805.4649459106,25084.932,1,-0.0060564026880669,-0.0060564026880669,-0.0060564026880669,-0.0060564026880669,0.0112663501651266,1.0,0.0,0.0,-0.0060564026880669,61072.07142994666,0.0065309249137914,-0.599999256071526,0.19999996137361298,0.00019999996137361298,0.0036338371073097306,0.0034338371459361177,91864.65576960641
2025-08-28,24617.2336989756,24907.145,1,-0.0075882974717644,-0.0075882974717644,-0.0075882974717644,-0.0075882974717644,0.0117767619452897,1.0,0.0,0.0,-0.0075882974717644,60608.63838471938,0.0112663501651266,-0.39999931019796026,0.1999999458735658,0.0001999999458735658,0.0030353137542826858,0.00283531380840912,92125.12089661474
2025-08-29,24499.56986068522,24776.336,1,-0.0047797343815798,-0.0047797343815798,-0.0047797343815798,-0.0047797343815798,0.0112967754490624,1.0,0.0,0.0,-0.0047797343815798,60318.9451920112,0.0117767619452897,-0.19999940898980034,0.1999999012081599,0.00019999990120815993,0.0009559440514441888,0.0007559441502360288,92194.76234284633
2025-09-01,24577.12133453388,24616.428,1,0.0031654218539203,0.0031654218539203,0.0031654218539203,0.0031654218539203,0.0015993193397669,0.2,0.0,0.0,0.000633084370784,60357.132173474434,0.0112967754490624,4.773784599031364e-07,0.19999988636826024,0.00019999988636826025,1.5111042095682037e-09,-0.0001999983752640507,92176.3235401699
2025-09-02,24578.652992619154,24752.514,1,6.232048352727837e-05,6.232048352727837e-05,6.232048352727837e-05,6.232048352727837e-05,0.007073658895508,0.5,0.0,0.0,3.1160241763639185e-05,60359.01291630513,0.0015993193397669,0.200000451943377,0.1999999745649171,0.00019999997456491712,1.2464124870785456e-05,-0.00018753584969413166,92159.03717501312
2025-09-03,24662.951461983343,24712.594,1,0.0034297432568621,0.0034297432568621,0.0034297432568621,0.0034297432568621,0.0020128384914992,0.2,0.0,0.0,0.0006859486513724,60400.41609981324,0.007073658895508,0.40000044966288845,0.19999999771951144,0.00019999999771951144,0.0013718988449730996,0.0011718988472535882,92267.0382444425
2025-09-04,24707.047766364307,24753.436,1,0.001787957311149,0.001787957311149,0.001787957311149,0.001787957311149,0.0018775304145745,0.2,0.0,0.0,0.0003575914622298,60422.01477292566,0.0020128384914992,0.600000338795581,0.19999988913269257,0.00019999988913269257,0.001072774992441436,0.0008727751033087434,92347.5666182783
2025-09-05,24728.03140074513,24736.357,1,0.0008492975194467,0.0008492975194467,0.0008492975194467,0.0008492975194467,0.0003366866985867,0.2,0.0,0.0,0.0001698595038893,60432.27802637897,0.0018775304145745,0.8000000185813722,0.19999967978579114,0.00019999967978579116,0.0006794380313384732,0.0004794383515526821,92391.84158338768
2025-09-08,24755.91647002896,24804.455,1,0.0011276704090155,0.0011276704090155,0.0011276704090155,0.0011276704090155,0.0019606840259704,0.2,0.0,0.0,0.0002255340818031,60445.90756471492,0.0003366866985867,0.8000011933194181,1.1747380459503631e-06,1.1747380459503632e-09,0.0009021376728833963,0.0009021364981453503,92475.19163581093
2025-09-09,24825.558480103853,24718.75,-1,0.0028131461082931,0.0028131461082931,0.0028131461082931,0.0028131461082931,-0.0043023596101353,0.2,2.0,0.002,-0.0014373707783413,60359.024383511074,0.0019606840259704,0.9999999649605535,0.19999877164113544,0.00019999877164113543,0.0028131460097220178,0.0026131472380808824,92716.84292742504
2025-09-10,24916.743912731963,24792.889,-1,0.0036730465782346,0.0036730465782346,0.0036730465782346,-0.0036730465782346,-0.0049707503181696,0.2,0.0,0.0,-0.0007346093156469,60314.684081915584,-0.0043023596101353,0.7999999873470335,0.19999997761352006,0.00019999997761352008,0.002938437216112745,0.0027384372384992245,92970.7421827336
2025-09-11,24971.59819137206,24889.83,-1,0.0022015026855923,0.0022015026855923,0.0022015026855923,-0.0022015026855923,-0.0032744476643193,0.2,0.0,0.0,-0.0004403005371184,60288.12749411818,-0.0049707503181696,0.600000055911422,0.19999993143561146,0.00019999993143561147,0.0013209017344445258,0.0011209018030089142,93074.9532552733
2025-09-12,25059.607349163583,24952.207,-1,0.0035243702512373,0.0035243702512373,0.0035243702512373,-0.0035243702512373,-0.0042857953704996,0.2,0.0,0.0,-0.0007048740502474,60245.63195750957,-0.0032744476643193,0.4000003560921863,0.1999996998192357,0.0001999996998192357,0.001409749355495628,0.0012097496556763923,93187.55064792596
2025-09-15,25065.535450583644,25134.617,1,0.0002365600281546,0.0002365600281546,0.0002365600281546,-0.0002365600281546,0.0027560372509315,0.2,2.0,0.002,-0.0020473120056309,60122.29035191614,-0.0042857953704996,0.2000003608383358,0.1999999952538505,0.00019999999525385052,4.731209099084687e-05,-0.00015268790426300365,93173.32203611413
2025-09-16,25172.80399994549,25139.312,-1,0.0042795235542971,0.0042795235542971,0.0042795235542971,0.0042795235542971,-0.0013304834831097,0.2,2.0,0.002,-0.0011440952891405,60053.50472275217,0.0027560372509315,0.4000003175238306,0.19999995668549478,0.0001999999566854948,0.001711810780569552,0.001511810823884057,93314.18247286556
2025-09-17,25270.110979371893,25306.447,1,0.0038655598091741,0.0038655598091741,0.0038655598091741,-0.0038655598091741,0.0014379050672855,0.2,2.0,0.002,-0.0027731119618348,59886.9696304554,-0.0013304834831097,0.20000155429703698,0.1999987632267936,0.00019999876322679362,0.0007731179700629777,0.000573119206836184,93367.66262311097
2025-09-18,25364.972169600467,25449.58,1,0.0037538889443742,0.0037538889443742,0.0037538889443742,0.0037538889443742,0.0033356169221796,0.2,0.0,0.0,0.0007507777888748,59931.93143709697,0.0014379050672855,0.40000144618072275,0.19999989188368578,0.00019999989188368577,0.0015015610065515067,0.001301561114667821,93489.18634214863
2025-09-19,25341.53546269929,25576.117,1,-0.0009239792081958,-0.0009239792081958,-0.0009239792081958,-0.0009239792081958,0.0092568004668065,0.5,0.0,0.0,-0.0004619896040979,59904.24350781952,0.0033356169221796,0.6000013679819111,0.1999999218011883,0.0001999999218011883,-0.000554388788904323,-0.0007543887107055113,93418.65915539906
2025-09-22,25255.51387459172,25448.967,1,-0.0033944899761177,-0.0033944899761177,-0.0033944899761177,-0.0033944899761177,0.0076598372287685,0.5,0.0,0.0,-0.0016972449880588,59802.57133076241,0.0092568004668065,0.8000011648445232,0.19999979686261216,0.00019999979686261216,-0.0027155959349472176,-0.0029155957318098297,93146.28811149418
2025-09-23,25202.354376589967,25330.516,1,-0.0021048670110503,-0.0021048670110503,-0.0021048670110503,-0.0021048670110503,0.0050853035988209,0.5,0.0,0.0,-0.0010524335055251,59739.63310097735,0.0076598372287685,0.9999999718344771,0.19999880698995387,0.00019999880698995387,-0.00210486695176562,-0.0023048657587555737,92931.59842147082
2025-09-24,25112.458869464463,25314.682,1,-0.0035669487771747,-0.0035669487771747,-0.0035669487771747,-0.0035669487771747,0.0080527013139852,0.5,0.0,0.0,-0.0017834743885873,59633.08899535815,0.0050853035988209,0.9999998148586842,1.5697579291984454e-07,1.5697579291984455e-10,-0.0035669481167851097,-0.0035669482737609027,92600.11621690351
2025-09-25,24975.496814507456,25278.375,1,-0.0054539484034176,-0.0054539484034176,-0.0054539484034176,-0.0054539484034176,0.0121270134380915,1.0,0.0,0.0,-0.0054539484034176,59307.853204841056,0.0080527013139852,0.9999998947260527,7.986736849652232e-08,7.986736849652232e-11,-0.005453947829258923,-0.005453947909126291,92095.08000667747
2025-09-26,24777.2329968201,25135.496,1,-0.0079383332856142,-0.0079383332856142,-0.0079383332856142,-0.0079383332856142,0.0144593628847045,1.0,0.0,0.0,-0.0079383332856142,58837.04769964674,0.0121270134380915,0.9999999790611908,8.43351380952484e-08,8.43351380952484e-11,-0.007938333119394953,-0.00793833320373009,91363.99857516028
2025-09-29,24689.266608484173,24903.797,1,-0.0035502910412642,-0.0035502910412642,-0.0035502910412642,-0.0035502910412642,0.0086892168535336,0.5,0.0,0.0,-0.0017751455206321,58732.60337797549,0.0144593628847045,0.9999999891518611,1.0090670299334192e-08,1.0090670299334192e-11,-0.0035502910027501496,-0.00355029101284082,91039.62979212169
2025-09-30,24640.95674623612,24753.102,1,-0.0019567151594309,-0.0019567151594309,-0.0019567151594309,-0.0019567151594309,0.0045511728671416,0.2,0.0,0.0,-0.0003913430318861,58709.618782898986,0.0086892168535336,0.9999999605859171,2.8565943943625882e-08,2.8565943943625883e-11,-0.0019567150823087665,-0.0019567151108747104,90861.491172819
2025-10-01,24761.68599937425,24658.283,-1,0.0048995359385375,0.0048995359385375,0.0048995359385375,0.0048995359385375,-0.0041759272521614,0.2,2.0,0.002,-0.0010200928122924,58649.72952276612,0.0045511728671416,0.9999999552487505,5.3371665975632254e-09,5.337166597563226e-12,0.004899535719277145,0.004899535713939978,91306.67029384208
2025-10-03,24843.615057445622,24791.775,-1,0.0033087027302358,0.0033087027302358,0.0033087027302358,-0.0033087027302358,-0.0020866551556909,0.2,0.0,0.0,-0.0006617405460471,58610.9186187262,-0.0041759272521614,0.7999999778644352,0.1999999773843153,0.0001999999773843153,0.0026469621109486362,0.002446962133564321,91530.09425859296
2025-10-06,24988.25684791889,24814.793,-1,0.0058220911143089,0.0058220911143089,0.0058220911143089,-0.0058220911143089,-0.0069418146681701,0.5,0.0,0.0,-0.0029110455571544,58440.29956448041,-0.0020866551556909,0.6000003642584475,0.19999961360598772,0.00019999961360598774,0.0034932567893312103,0.0032932571757252225,91831.52639830488
2025-10-07,25062.44807886074,24987.545,-1,0.0029690438750245,0.0029690438750245,0.0029690438750245,-0.0029690438750245,-0.0029886577171174,0.2,0.0,0.0,-0.0005938087750049,58405.59720178511,-0.0069418146681701,0.4000004562321339,0.19999990802631357,0.00019999990802631356,0.001187618904583023,0.0009876189965567093,91922.22095825864
2025-10-08,25052.375553593007,24999.629,-1,-0.0004018971026309,-0.0004018971026309,-0.0004018971026309,0.0004018971026309,-0.0021054511768821,0.2,0.0,0.0,8.037942052618874e-05,58410.29180984367,-0.0029886577171174,0.20000046392296356,0.19999999230917037,0.00019999999230917037,-8.03796069754749e-05,-0.00028037959928464527,91896.44784278101
2025-10-09,25132.36474328672,24992.068,-1,0.0031928784367212,0.0031928784367212,0.0031928784367212,-0.0031928784367212,-0.0055823136708293,0.5,0.0,0.0,-0.0015964392183606,58317.043329242544,-0.0021054511768821,4.795104421724359e-07,0.19999998441252137,0.00019999998441252138,1.5310185509950186e-09,-0.00019999845339397038,91878.06869534004
2025-10-10,25226.914590293625,25024.074,-1,0.0037620752353662,0.0037620752353662,0.0037620752353662,-0.0037620752353662,-0.008040642051869,0.5,0.0,0.0,-0.0018810376176831,58207.34677698819,-0.0055823136708293,-0.19999933231165154,0.19999981182209373,0.00019999981182209373,-0.0007524125351794393,-0.0009524123470015331,91790.56288829594
2025-10-13,25227.18344687168,25197.668,-1,1.0657529167401592e-05,1.0657529167401592e-05,1.0657529167401592e-05,-1.0657529167401592e-05,-0.0011699858184261,0.2,0.0,0.0,-2.1315058334803182e-06,58207.222707688976,-0.008040642051869,-0.3999993294963106,0.19999999718465908,0.00019999999718465909,-4.26300452104801e-06,-0.0002042630017057071,91771.81347239212
2025-10-14,25176.70030038673,25287.996,1,-0.0020011408166616,-0.0020011408166616,-0.0020011408166616,0.0020011408166616,0.0044205832490114,0.2,2.0,0.002,-0.0015997718366676,58114.10443211057,-0.0011699858184261,-0.5999970534285636,0.19999772393225296,0.00019999772393225297,0.0012006785934925894,0.0010006808695603364,91863.6477704988
2025-10-15,25267.45888882449,25252.004,-1,0.0036048643132304,0.0036048643132304,0.0036048643132304,0.0036048643132304,-0.0006116518836536,0.2,2.0,0.002,-0.0012790271373539,58039.77491547888,0.0044205832490114,-0.39999723285330596,0.19999982057525761,0.0001999998205752576,-0.0014419357501037932,-0.0016419355706790509,91712.8135795721
2025-10-16,25463.895981392045,25314.834,-1,0.0077743113556398,0.0077743113556398,0.0077743113556398,-0.0077743113556398,-0.0058538560439052,0.5,0.0,0.0,-0.0038871556778199,57814.16527487678,-0.0006116518836536,-0.3999976342504281,4.013971221517032e-07,4.0139712215170323e-10,-0.0031097061501821587,-0.003109706551579281,91427.61364231994
2025-10-17,25615.90368314186,25517.992,-1,0.0059695382772886,0.0059695382772886,0.0059695382772886,-0.0059695382772886,-0.0038223005658121,0.2,0.0,0.0,-0.0011939076554577,57745.140500361216,-0.0058538560439052,-0.5999976285554305,0.19999999430500237,0.00019999999430500237,-0.0035817088099440297,-0.003781708804249032,91081.8610308573
2025-10-20,25756.349872197945,25738.926,-1,0.0054827731550424,0.0054827731550424,0.0054827731550424,-0.0054827731550424,-0.0006764884109899,0.2,0.0,0.0,-0.0010965546310084,57681.81979912731,-0.0038223005658121,-0.7999975435858767,0.19999991503044623,0.00019999991503044624,-0.004386205056072507,-0.004586204971102953,90664.14094702028
2025-10-21,25825.72402500161,25828.725,1,0.002693477653002,0.002693477653002,0.002693477653002,-0.002693477653002,0.0001162010015859,0.2,2.0,0.002,-0.0025386955306004,57535.38322100636,-0.0006764884109899,-0.7999992308466745,1.6872607977447274e-06,1.6872607977447275e-09,-0.0021547800507043056,-0.0021547817379651032,90468.77951181935
2025-10-23,25866.31425121444,25897.664,1,0.0015716975126636,0.0015716975126636,0.0015716975126636,0.0015716975126636,0.0012119913367281,0.2,0.0,0.0,0.0003143395025327,57553.46886474608,0.0001162010015859,-0.7999998888309783,6.579843038201361e-07,6.57984303820136e-10,-0.0012573578354068051,-0.0012573584933911089,90355.02782351342
2025-10-24,25822.332566599503,25960.46,1,-0.001700346024864,-0.001700346024864,-0.001700346024864,-0.001700346024864,0.005349146249443,0.5,0.0,0.0,-0.000850173012432,57504.53845874544,0.0012119913367281,-0.6000018516402054,0.19999803719077291,0.00019999803719077293,0.0010202107633474626,0.0008202127261566898,90429.13816720652
2025-10-27,25911.155308055964,26001.822,1,0.0034397644452675,0.0034397644452675,0.0034397644452675,0.0034397644452675,0.0034991373740809,0.2,0.0,0.0,0.0006879528890535,57544.09887211181,0.005349146249443,-0.40000198380807167,0.1999998678321337,0.0001999998678321337,-0.0013759126019394711,-0.001575912469771605,90286.62976073811
2025-10-28,25926.63329607609,26063.318,1,0.0005973484329859,0.0005973484329859,0.0005973484329859,0.0005973484329859,0.0052719804520318,0.5,0.0,0.0,0.0002986742164929,57561.28581075624,0.0034991373740809,-0.20000199017413592,0.19999999363393575,0.00019999999363393576,-0.00011947087542458146,-0.00031947086905851724,90257.7858126641
2025-10-29,26005.288686156764,26127.842,1,0.0030337679860878,0.0030337679860878,0.0030337679860878,0.0030337679860878,0.0047126303930813,0.2,0.0,0.0,0.0006067535972175,57596.21132798238,0.0052719804520318,-1.994953831388887e-06,0.19999999522030454,0.00019999999522030454,-6.052227067390805e-09,-0.00020000604744737193,90239.73370967235
2025-10-30,25926.527005210726,26213.482,1,-0.003028679354287,-0.003028679354287,-0.003028679354287,-0.003028679354287,0.0110680074786569,1.0,0.0,0.0,-0.003028679354287,57421.770871848166,0.0047126303930813,0.19999779054085545,0.19999978549468683,0.00019999978549468684,-0.0006057291791141048,-0.0008057289646087916,90167.02494246388
2025-10-31,25800.18392635262,26106.248,1,-0.0048731200608825,-0.0048731200608825,-0.0048731200608825,-0.0048731200608825,0.0118628640214755,1.0,0.0,0.0,-0.0048731200608825,57141.94768828116,0.0110680074786569,0.3999977881157916,0.19999999757493617,0.00019999999757493617,-0.0019492372455756919,-0.002149237243150628,89973.23461435344
2025-11-03,25777.419066508064,25962.34,1,-0.000882352618475,-0.000882352618475,-0.000882352618475,-0.000882352618475,0.007173756729284,0.5,0.0,0.0,-0.0004411763092375,57116.7380146974,0.0118628640214755,0.5999977852963109,0.19999999718051925,0.00019999999718051925,-0.0005294096169354008,-0.00072940961411592,89907.60727201261
2025-11-04,25666.315914699764,25930.246,1,-0.0043100960387711,-0.0043100960387711,-0.0043100960387711,-0.0043100960387711,0.0102831308621536,1.0,0.0,0.0,-0.0043100960387711,56870.55938843272,0.007173756729284,0.7999977772905404,0.19999999199422958,0.0001999999919942296,-0.003448067250925643,-0.0036480672429198726,89579.61827503429
2025-11-06,25569.5214733971,25906.777,1,-0.0037712635356143,-0.0037712635356143,-0.0037712635356143,-0.0037712635356143,0.0131897472916645,1.0,0.0,0.0,-0.0037712635356143,56656.08552156114,0.0102831308621536,0.9999977546691962,0.1999999773786557,0.0001999999773786557,-0.003771255067880114,-0.00397125504525877,89223.8747640072
2025-11-07,25521.796461015405,25756.707,1,-0.0018664804670415,-0.0018664804670415,-0.0018664804670415,-0.0018664804670415,0.0092043104937154,0.5,0.0,0.0,-0.0009332402335207,56603.21178307863,0.0131897472916645,0.999999925655657,2.1709864608254748e-06,2.1709864608254747e-09,-0.001866480328279236,-0.001866482499265697,89057.3399632435
2025-11-10,25554.27609291745,25534.586,-1,0.0012726232634783,0.0012726232634783,0.0012726232634783,0.0012726232634783,-0.0007705204735934,0.2,2.0,0.002,-0.0017454753473043,56504.41227233303,0.0092043104937154,0.9999999493771584,2.372150142981866e-08,2.372150142981866e-11,0.001272623199054494,0.0012726231753329928,89170.67639801424
2025-11-11,25641.21686598565,25481.826,-1,0.0034022005848288,0.0034022005848288,0.0034022005848288,-0.0034022005848288,-0.0062161974144485,0.5,0.0,0.0,-0.0017011002924144,56408.29260009385,-0.0007705204735934,0.9999998454100781,1.0396708027826662e-07,1.0396708027826662e-10,0.0034022000588828775,0.0034021999549157973,89474.05286923538
2025-11-12,25786.19769883305,25544.484,-1,0.0056542103132288,0.0056542103132288,0.0056542103132288,-0.0056542103132288,-0.0093737627259403,0.5,0.0,0.0,-0.0028271051566144,56248.82042520832,-0.0062161974144485,0.7999998643709982,0.1999999810390799,0.0001999999810390799,0.00452336748370814,0.00432336750266906,89860.88208174233
2025-11-13,25843.645621706262,25721.47,-1,0.0022278555196144,0.0022278555196144,0.0022278555196144,-0.0022278555196144,-0.0047274917592758,0.2,0.0,0.0,-0.0004455711039228,56223.757576197095,-0.0093737627259403,0.5999998825848546,0.19999998178614364,0.00019999998178614364,0.0013367130501846603,0.0011367130683985166,89963.02812074246
2025-11-14,25884.68626733265,25788.29,-1,0.00158803623247,0.00158803623247,0.00158803623247,-0.00158803623247,-0.0037240655087369,0.2,0.0,0.0,-0.000317607246494,56205.90050336578,-0.0047274917592758,0.40000004319087096,0.19999983939398364,0.00019999983939398365,0.000635214561576668,0.0004352147221826844,90002.18135503274
2025-11-17,25964.266147800325,25885.86,-1,0.0030744000389182,0.0030744000389182,0.0030744000389182,-0.0030744000389182,-0.0030197713794027,0.2,0.0,0.0,-0.0006148800077836,56171.34061882678,-0.0037240655087369,0.20000004903706667,0.1999999941538043,0.0001999999941538043,0.0006148801585431997,0.0004148801643893954,90039.52147482871
2025-11-18,25930.75920855969,25897.582,-1,-0.0012905020711887,-0.0012905020711887,-0.0012905020711887,0.0012905020711887,-0.0012794538059163,0.2,0.0,0.0,0.0002581004142377,56185.83846510878,-0.0030197713794027,6.12125104132693e-08,0.19999998782455625,0.00019999998782455625,-7.899487147098389e-11,-0.0002000000668194277,90021.51356451736
2025-11-19,26006.09210200496,25887.928,-1,0.0029051557202537,0.0029051557202537,0.0029051557202537,-0.0029051557202537,-0.0045437085103551,0.2,0.0,0.0,-0.0005810311440507,56153.19274310595,-0.0012794538059163,-0.19999808948600645,0.19999815069851687,0.00019999815069851688,-0.000581025593710083,-0.0007810237444085999,89951.20462491587
2025-11-20,26121.08244826078,25922.838,-1,0.0044216695766816,0.0044216695766816,0.0044216695766816,-0.0044216695766816,-0.0075894423078925,0.5,0.0,0.0,-0.0022108347883408,56029.04731111309,-0.0045437085103551,-0.3999980754507355,0.19999998596472907,0.00019999998596472907,-0.0017686593209517083,-0.0019686593069164374,89774.12134876268
2025-11-21,26088.3686375474,26112.008,1,-0.0012523910821145,-0.0012523910821145,-0.0012523910821145,0.0012523910821145,0.0009061265110528,0.2,2.0,0.002,-0.001749521783577,55931.02327232923,-0.0075894423078925,-0.599998067330372,0.19999999187963646,0.00019999999187963647,0.0007514322288104931,0.0005514322369308567,89823.62569331653
2025-11-24,26008.723439459216,26202.662,1,-0.0030529006698239,-0.0030529006698239,-0.0030529006698239,-0.0030529006698239,0.0074566735653988,0.5,0.0,0.0,-0.0015264503349119,55845.647343123215,0.0009061265110528,-0.5999979531575195,1.1417285250558962e-07,1.1417285250558962e-10,0.00183173415308756,0.0018317340389147074,89988.15868599771
2025-11-25,25932.135024709685,26108.96,1,-0.0029447202561788,-0.0029447202561788,-0.0029447202561788,-0.0029447202561788,0.006818758853516,0.5,0.0,0.0,-0.0014723601280894,55763.42243864786,0.0074566735653988,-0.3999980374141043,0.1999999157434152,0.0001999999157434152,0.0011778823232050785,0.0009778824074616632,90076.15652325662
2025-11-26,26100.96074681418,26017.125,-1,0.00651029010699,0.00651029010699,0.00651029010699,0.00651029010699,-0.0032119793454121,0.2,2.0,0.002,-0.0006979419786019,55724.50280525741,0.006818758853516,-0.19999825852968478,0.1999997788844195,0.0001999997788844195,-0.0013020466839210353,-0.001502046462805455,89940.85795096775
2025-11-27,26171.781282867538,26195.89,1,0.0027133306218241,0.0027133306218241,0.0027133306218241,-0.0027133306218241,0.0009211721919838,0.2,2.0,0.002,-0.0025426661243648,55582.81399967742,-0.0032119793454121,-0.39999822468440777,0.19999996615472299,0.00019999996615472298,-0.0010853274317114802,-0.0012853273978662033,89825.25450205579
2025-11-28,26191.044126602075,26310.371,1,0.0007360157692877,0.0007360157692877,0.0007360157692877,0.0007360157692877,0.0045560181877867,0.2,0.0,0.0,0.0001472031538575,55590.99596519845,0.0009211721919838,-0.3999980882341879,1.364502198453188e-07,1.364502198453188e-10,-0.0002944049006252951,-0.00029440503707551494,89798.80949467378
2025-12-01,26181.591836533746,26293.094,1,-0.0003608977947819,-0.0003608977947819,-0.0003608977947819,-0.0003608977947819,0.0042588000058371,0.2,0.0,0.0,-7.217955895639782e-05,55586.98343162773,0.0045560181877867,-0.19999809254488193,0.199999995689306,0.00019999999568930598,7.217887056003424e-05,-0.00012782112512927174,89787.3313098089
2025-12-02,26089.26212107507,26251.246,1,-0.0035265126748267,-0.0035265126748267,-0.0035265126748267,-0.0035265126748267,0.0062088332806499,0.5,0.0,0.0,-0.0017632563374133,55488.969330814216,0.0042588000058371,1.9002706040519192e-06,0.19999999281548597,0.00019999999281548599,-6.701328370789683e-09,-0.00020000669414385678,89769.37324249762
2025-12-03,26025.44262050027,26131.256,1,-0.0024461979905229,-0.0024461979905229,-0.0024461979905229,-0.0024461979905229,0.0040657667591935,0.2,0.0,0.0,-0.0004892395981045,55461.82192975958,0.0062088332806499,0.20000172377908096,0.19999982350847692,0.00019999982350847693,-0.0004892438148095039,-0.0006892436383179809,89707.50027307443
2025-12-04,26030.576863388545,26058.076,1,0.0001972778316643,0.0001972778316643,0.0001972778316643,0.0001972778316643,0.001056416719298,0.2,0.0,0.0,3.9455566332868846e-05,55464.01020735366,0.0040657667591935,0.4000017042665376,0.19999998048745662,0.00019999998048745663,7.891146887972711e-05,-0.00012108851160772952,89696.63772538632
2025-12-05,26126.91127690843,26067.021,-1,0.0037008174665302,0.0037008174665302,0.0037008174665302,0.0037008174665302,-0.0022922830897873,0.2,2.0,0.002,-0.0012598365066939,55394.1346224868,0.001056416719298,0.5999945410970806,0.19999283683054303,0.00019999283683054303,0.002220470277514848,0.0020204774406843047,89877.86775841568
2025-12-08,26024.09483620624,26165.068,1,-0.0039352696387445,-0.0039352696387445,-0.0039352696387445,0.0039352696387445,0.0054170246719831,0.5,2.0,0.002,-3.236518062771192e-05,55392.34178131403,-0.0022922830897873,0.3999950668002905,0.1999994742967901,0.0001999994742967901,-0.0015740884420267613,-0.0017740879163235515,89718.41651928057
2025-12-09,25910.101899800906,26093.916,1,-0.0043802843911689,-0.0043802843911689,-0.0043802843911689,-0.0043802843911689,0.0070943024813232,0.5,0.0,0.0,-0.0021901421955844,55271.02467626653,0.0054170246719831,0.5999950557665984,0.19999998896630788,0.0001999999889663079,-0.0026281489775529447,-0.0028281489665192526,89464.67947232381
2025-12-10,25816.09775597052,25897.451,1,-0.0036280885422187,-0.0036280885422187,-0.0036280885422187,-0.0036280885422187,0.0031512603027182,0.2,0.0,0.0,-0.0007256177084437,55230.91904199761,0.0070943024813232,0.7999950468776218,0.1999999911110234,0.0001999999911110234,-0.0029024528634084114,-0.0031024528545194347,89187.11952211623
2025-12-11,25867.056528068493,25676.504,-1,0.0019739145931221,0.0019739145931221,0.0019739145931221,0.0019739145931221,-0.0073666104166789,0.5,2.0,0.002,-0.0010130427034389,55174.96776245788,0.0031512603027182,0.9999939887880849,0.19999894191046308,0.0001999989419104631,0.0019739027275031784,0.0017739037855927153,89345.32889106261
2025-12-12,25978.236325237336,25806.02,-1,0.00429812325373,0.00429812325373,0.00429812325373,-0.00429812325373,-0.0066292539293759,0.5,0.0,0.0,-0.002149061626865,55056.39335647608,-0.0073666104166789,0.7999940059712501,0.19999998281683473,0.00019999998281683475,0.0034384728399096463,0.0032384728570928117,89634.67131358436
2025-12-15,26008.559826692686,26003.746,-1,0.0011672655940038,0.0011672655940038,0.0011672655940038,-0.0011672655940038,-0.0001850862456346,0.2,0.0,0.0,-0.0002334531188007,55043.54026973709,-0.0066292539293759,0.599994043402353,0.19999996256889718,0.0001999999625688972,0.0007003524034707892,0.0005003524409018921,89679.52024016556
2025-12-16,25916.80636641316,26079.79,1,-0.0035278177988679,-0.0035278177988679,-0.0035278177988679,0.0035278177988679,0.0062887236676684,0.5,2.0,0.002,-0.000236091100566,55030.544979735765,-0.0001850862456346,0.5999940581028913,1.4700538342182767e-08,1.470053834218277e-11,-0.002116669717390361,-0.0021166697320908995,89489.69831408476
2025-12-17,25856.081075197817,25789.17,-1,-0.0023430854232888,-0.0023430854232888,-0.0023430854232888,-0.0023430854232888,-0.0025878274052134,0.2,2.0,0.002,-0.0024686170846577,54894.69563622076,0.0062887236676684,0.7999940276921094,0.19999996958921806,0.00019999996958921807,-0.0018744543450034778,-0.002074454314592696,89304.05602330551
2025-12-18,25831.03197596404,25628.764,-1,-0.0009687894759041,-0.0009687894759041,-0.0009687894759041,0.0009687894759041,-0.0078304256737498,0.5,0.0,0.0,0.000484394737952,54921.28633792842,-0.0025878274052134,0.5999942718816994,0.19999975581040996,0.00019999975581040997,-0.0005812681362017337,-0.0007812678920121437,89234.28563170804
2025-12-19,25914.694257227704,25638.766,-1,0.0032388284502729,0.0032388284502729,0.0032388284502729,-0.0032388284502729,-0.0106475598164059,1.0,0.0,0.0,-0.0032388284502729,54743.40571321156,-0.0078304256737498,0.3999943514467821,0.19999992043491732,0.00019999992043491732,0.001295513085414295,0.0010955131649793778,89332.04296638511
2025-12-22,26073.965406776548,25844.73,-1,0.0061459783383097,0.0061459783383097,0.0061459783383097,-0.0061459783383097,-0.0087917354802108,0.5,0.0,0.0,-0.0030729891691548,54575.17982037221,-0.0106475598164059,0.19999446430017154,0.19999988714661054,0.00019999988714661056,0.001229161645370707,0.0010291617582240966,89423.98008879015
2025-12-23,26137.7372339235,26048.613,-1,0.0024458047002846,0.0024458047002846,0.0024458047002846,-0.0024458047002846,-0.0034097914875289,0.2,0.0,0.0,-0.0004891609400569,54548.4837741075,-0.0087917354802108,-5.3628006640751416e-06,0.1999998271008356,0.00019999982710083562,-1.3116363070884356e-08,-0.0002000129434639065,89406.09413531634
2025-12-24,26140.433330224216,26126.455,-1,0.0001031495678676,0.0001031495678676,0.0001031495678676,-0.0001031495678676,-0.0005347398050992,0.2,0.0,0.0,-2.0629913573522176e-05,54547.35844360168,-0.0034097914875289,-0.20000535716894333,0.19999999436827925,0.00019999999436827925,-2.06304661631815e-05,-0.00022063046053146077,89386.36842759294
2025-12-26,26079.78407955549,26085.186,1,-0.0023201318012812,-0.0023201318012812,-0.0023201318012812,0.0023201318012812,0.0002071305662666,0.2,2.0,0.002,-0.0015359736397437,54463.57513891465,-0.0005347398050992,-0.20000549818455163,1.4101560830148685e-07,1.4101560830148685e-10,0.0004640391167690675,0.0004640389757534592,89427.84718644441
2025-12-29,25994.690397260925,25957.445,-1,-0.0032628215799253,-0.0032628215799253,-0.0032628215799253,-0.0032628215799253,-0.0014328078808297,0.2,2.0,0.002,-0.002652564315985,54319.10700298021,0.0002071305662666,-0.20000545495669428,4.3227857349226184e-08,4.3227857349226187e-11,0.0006525821145354797,0.0006525820713076223,89486.20619619393
2025-12-30,25960.178892388853,25975.361,1,-0.0013276366959811,-0.0013276366959811,-0.0013276366959811,0.0013276366959811,0.0005848229195215,0.2,2.0,0.002,-0.0017344726608037,54224.89199692426,-0.0014328078808297,-0.4000053413523214,0.19999988639562713,0.00019999988639562714,0.0005310617697677881,0.000331061883372161,89515.83166815307
2025-12-31,26064.886653884667,26028.072,-1,0.0040333990736294,0.0040333990736294,0.0040333990736294,0.0040333990736294,-0.0014124233254311,0.2,2.0,0.002,-0.0011933201852741,54160.18433876003,0.0005848229195215,-0.40000523351597744,1.0783634396549502e-07,1.0783634396549502e-10,-0.0016133807383102554,-0.0016133808461465994,89371.4085399128
2026-01-01,26115.35786025805,26180.564,1,0.0019363677672414,0.0019363677672414,0.0019363677672414,-0.0019363677672414,0.0024968503242752,0.2,2.0,0.002,-0.0023872735534482,54030.88916303824,-0.0014124233254311,-0.6000048433992637,0.1999996098832863,0.0001999996098832863,-0.0011618300389470582,-0.0013618296488303447,89249.69990600541
2026-01-02,26247.11833159194,26125.5,-1,0.0050453251316306,0.0050453251316306,0.0050453251316306,0.0050453251316306,-0.0046335879640378,0.2,2.0,0.002,-0.0009909349736738,53977.34806530788,0.0024968503242752,-0.400005309284982,0.19999953411428173,0.00019999953411428174,-0.0020181568397211907,-0.0022181563738354723,89051.730115296
2026-01-05,26249.085193648112,26169.87,-1,7.493630467636514e-05,7.493630467636514e-05,7.493630467636514e-05,-7.493630467636514e-05,-0.0030178268333435,0.2,0.0,0.0,-1.4987260935273028e-05,53976.53909270783,-0.0046335879640378,-0.6000052820797661,0.1999999727947841,0.0001999999727947841,-4.4962178625357765e-05,-0.0002449621514201419,89029.91581189928
2026-01-06,26205.58426882977,26191.316,-1,-0.0016572358425985,-0.0016572358425985,-0.0016572358425985,0.0016572358425985,-0.000544474364067,0.2,0.0,0.0,0.0003314471685197,53994.4294637566,-0.0030178268333435,-0.8000052169444508,0.1999999348646847,0.0001999999348646847,0.0013257973197861328,0.001125797384921448,89130.14545830009
2026-01-07,26165.514487057226,26303.037,1,-0.0015290550808366,-0.0015290550808366,-0.0015290550808366,0.0015290550808366,0.0052558688655176,0.5,2.0,0.002,-0.0012354724595816,53927.7208331833,-0.000544474364067,-0.8000066295420408,1.412597590011444e-06,1.4125975900114441e-09,0.0012232542016042212,0.001223252789006631,89239.17415731652
2026-01-08,25987.10978129128,26295.574,1,-0.0068183144594459,-0.0068183144594459,-0.0068183144594459,-0.0068183144594459,0.0118698932395625,1.0,0.0,0.0,-0.0068183144594459,53560.02467446145,0.0052558688655176,-0.6000066905721516,0.1999999389698892,0.00019999993896988922,0.004091034294092384,0.0038910343551224946,89586.40684978539
2026-01-09,25799.34549317765,26096.414,1,-0.0072252855240103,-0.0072252855240103,-0.0072252855240103,-0.0072252855240103,0.0115145753174593,1.0,0.0,0.0,-0.0072252855240103,53173.03820351542,0.0118698932395625,-0.4000067418691962,0.1999999487029554,0.0001999999487029554,0.0028901629215340283,0.002690162972831073,89827.40888436168
2026-01-12,25793.724169249417,25791.055,-1,-0.0002178862998567,-0.0002178862998567,-0.0002178862998567,-0.0002178862998567,-0.0001034813442177,0.2,2.0,0.002,-0.0020435772599713,53064.37499179912,0.0115145753174593,-0.20000684358919896,0.19999989827999726,0.00019999989827999725,4.35787510956683e-05,-0.00015642114718432895,89813.35797801538
2026-01-13,25755.76242776161,25621.143,-1,-0.0014717433294516,-0.0014717433294516,-0.0014717433294516,0.0014717433294516,-0.0052267692769407,0.5,0.0,0.0,0.0007358716647258,53103.42356176198,-0.0001034813442177,-0.20000681864006517,2.4949133786700273e-08,2.4949133786700273e-11,0.00029435870117835186,0.00029435867622921806,89839.7953191775
2026-01-14,25700.0387414772,25632.59,-1,-0.00216354248649,-0.00216354248649,-0.00216354248649,0.00216354248649,-0.0026244606926738,0.2,0.0,0.0,0.000432708497298,53126.40186437276,-0.0052267692769407,-0.40000680997175675,0.19999999133169158,0.0001999999913316916,0.0008654317282592275,0.0006654317369275359,89899.57757022194
2026-01-16,25696.52266447155,25639.787,-1,-0.0001368121286127,-0.0001368121286127,-0.0001368121286127,0.0001368121286127,-0.0022079121448597,0.2,0.0,0.0,2.736242572254355e-05,53127.85553159768,-0.0026244606926738,-0.6000066968609346,0.1999998868891778,0.00019999988688917781,8.208819337941947e-05,-0.00011791169350975834,89888.97735878483
2026-01-19,25627.90688430656,25623.268,-1,-0.0026702360105657,-0.0026702360105657,-0.0026702360105657,0.0026702360105657,-0.0001810090979143,0.2,0.0,0.0,0.0005340472021131,53156.2283141986,-0.0022079121448597,-0.8000064250916507,0.1999997282307161,0.0001999997282307161,0.0021362059649636567,0.0019362062367329405,90063.02095736045
2026-01-20,25383.531990419408,25582.465,1,-0.0095354995236384,-0.0095354995236384,-0.0095354995236384,0.0095354995236384,0.0078370894033059,0.5,2.0,0.002,0.0027677497618192,53303.35145245443,-0.0001810090979143,-0.8000074182329886,9.931413379460352e-07,9.931413379460352e-10,0.007628470355467849,0.0076284693623265105,90750.06395341225
2026-01-21,25243.83653779541,25394.83,1,-0.0055033890743305,-0.0055033890743305,-0.0055033890743305,-0.0055033890743305,0.0059813991418664,0.5,0.0,0.0,-0.0027516945371652,53156.67691145011,0.0078370894033059,-0.6000074446024355,0.1999999736305531,0.0001999999736305531,0.003302074415142006,0.003102074441511453,91031.57740736767
2026-01-22,25272.30556449688,25092.059,-1,0.0011277614897735,0.0011277614897735,0.0011277614897735,0.0011277614897735,-0.0071321773170585,0.5,2.0,0.002,-0.0014361192551132,53080.33758419974,0.0059813991418664,-0.4000075567812965,0.19999988782113898,0.00019999988782113897,-0.00045111311815633286,-0.0006511130059774718,90972.30556336309
2026-01-23,25134.079065284284,25011.37,-1,-0.0054694851191882,-0.0054694851191882,-0.0054694851191882,0.0054694851191882,-0.0048821786931423,0.2,0.0,0.0,0.0010938970238376,53138.4020075074,-0.0071321773170585,-0.6000075481619869,0.19999999138069036,0.00019999999138069037,0.003281732356072584,0.0030817323646918937,91252.65786170834
2026-01-27,25159.61704880504,24876.746,-1,0.0010160699922374,0.0010160699922374,0.0010160699922374,-0.0010160699922374,-0.0112430585988778,1.0,0.0,0.0,-0.0010160699922374,53084.40967179212,-0.0048821786931423,-0.8000074537975894,0.19999990563560255,0.00019999990563560256,-0.0008128635673699788,-0.0010128634730055814,91160.23137774554
2026-01-28,25272.799437103604,24931.447,-1,0.0044985735704565,0.0044985735704565,0.0044985735704565,-0.0044985735704565,-0.0135067125410118,1.0,0.0,0.0,-0.0044985735704565,52845.60554943932,-0.0112430585988778,-0.9999999846958272,0.19999253089823776,0.00019999253089823777,-0.004498573501609553,-0.004698566032507791,90731.90901107852
2026-01-29,25363.0947921686,25064.686,-1,0.0035728275884003,0.0035728275884003,0.0035728275884003,-0.0035728275884003,-0.0117654724162737,1.0,0.0,0.0,-0.0035728275884003,52656.79731200655,-0.0135067125410118,-0.9999999902112592,5.515432000002818e-09,5.515432000002818e-12,-0.0035728275534268167,-0.0035728275589422486,90407.7395460883
2026-01-30,25336.8627093825,25291.537,-1,-0.0010342619069576,-0.0010342619069576,-0.0010342619069576,0.0010342619069576,-0.0017889235104753,0.2,0.0,0.0,0.0002068523813915,52667.68949592699,-0.0117654724162737,-0.9999999917746106,1.5633514482971123e-09,1.5633514482971122e-12,0.0010342618984503932,0.0010342618968870417,90501.2448262845
2026-02-02,25183.30455146676,25238.564,1,-0.0060606618774028,-0.0060606618774028,-0.0060606618774028,0.0060606618774028,0.0021942890147839,0.2,2.0,0.002,-0.0007878676245194,52626.19432851491,-0.0017889235104753,-0.9999999621899819,2.9584628746803787e-08,2.958462874680379e-11,0.006060661648249065,0.006060661618664436,91049.74224724452
2026-02-03,25519.66721972179,25184.434,-1,0.0133565738986958,0.0133565738986958,0.0133565738986958,0.0133565738986958,-0.0131362692481631,1.0,2.0,0.002,0.0113565738986958,53223.84759341382,0.0021942890147839,-0.79999999421804,0.19999996797194186,0.00019999996797194185,-0.010685259041729464,-0.010885259009701406,90058.6422201167
2026-02-04,25671.328915774146,25488.686,-1,0.0059429339241208,0.0059429339241208,0.0059429339241208,-0.0059429339241208,-0.0071146654064299,0.5,0.0,0.0,-0.0029714669620604,53065.694688696254,-0.0131362692481631,-0.999999978625147,0.19999998440710698,0.00019999998440710698,-0.005942933797091461,-0.006142933781498568,89505.41794450686
2026-02-05,25653.522786042693,25566.654,-1,-0.0006936193209893,-0.0006936193209893,-0.0006936193209893,0.0006936193209893,-0.0033862322444836,0.2,0.0,0.0,0.0001387238641978,53073.05616691982,-0.0071146654064299,-0.9999999466934718,3.1931675192886644e-08,3.1931675192886645e-11,0.0006936192840148621,0.0006936192520831869,89567.50062555893
2026-02-06,25678.389013685017,25687.07,1,0.0009693104471348,0.0009693104471348,0.0009693104471348,-0.0009693104471348,0.0003380658463564,0.2,2.0,0.002,-0.0021938620894269,52956.62120102519,-0.0033862322444836,-0.9999999299676803,1.672579152955933e-08,1.6725791529559332e-11,-0.0009693103792517409,-0.0009693103959775325,89480.68191606084
2026-02-09,25795.167476384067,25696.22,-1,0.0045477332178749,0.0045477332178749,0.0045477332178749,0.0045477332178749,-0.0038358919931283,0.2,2.0,0.002,-0.001090453356425,52898.874475691606,0.0003380658463564,-0.9999998755913247,5.437635552940634e-08,5.437635552940634e-11,-0.004547732652097436,-0.0045477327064737914,89073.7476923136
2026-02-10,25881.68433130007,25852.172,-1,0.0033539946966893,0.0033539946966893,0.0033539946966893,-0.0033539946966893,-0.0011402786202898,0.2,0.0,0.0,-0.0006707989393378,52863.38996680114,-0.0038358919931283,-0.9999998894210627,1.3829737910420192e-08,1.3829737910420192e-11,-0.0033539943258081304,-0.003353994339637868,88774.99484674326
2026-02-11,25926.28512573208,26049.748,1,0.0017232570284488,0.0017232570284488,0.0017232570284488,-0.0017232570284488,0.0047620734582364,0.2,2.0,0.002,-0.0023446514056897,52739.44374520596,-0.0011402786202898,-0.999999877193612,1.2227450607582568e-08,1.2227450607582569e-11,-0.0017232568168218288,-0.0017232568290492794,88622.01273062479
2026-02-12,25852.68593953879,26159.092,1,-0.0028387864222105,-0.0028387864222105,-0.0028387864222105,-0.0028387864222105,0.0118520010329988,1.0,0.0,0.0,-0.0028387864222105,52589.72772838712,0.0047620734582364,-0.7999998987314902,0.1999999784621218,0.0001999999784621218,0.0022710288502887296,0.002071028871826608,88805.5514776693
2026-02-13,25616.85259536976,26066.807,1,-0.009122198935947,-0.009122198935947,-0.009122198935947,-0.009122198935947,0.0175647809564072,1.0,0.0,0.0,-0.009122198935947,52109.99377006149,0.0118520010329988,-0.5999999098509001,0.19999998888059012,0.00019999998888059012,0.005473318539210177,0.0052733185503295865,89273.85143964873
2026-02-16,25657.579431768183,25861.727,1,0.0015898454443925,0.0015898454443925,0.0015898454443925,0.0015898454443925,0.0079566183854057,0.5,0.0,0.0,0.0007949227221962,52151.41718816283,0.0175647809564072,-0.39999994223778207,0.19999996761311806,0.00019999996761311807,-0.0006359380859240009,-0.000835938053537119,89199.22403004451
2026-02-17,25699.495089576376,25811.256,1,0.0016336559697558,0.0016336559697558,0.0016336559697558,0.0016336559697558,0.0043487589944502,0.2,0.0,0.0,0.0003267311939511,52168.45668296697,0.0079566183854057,-0.20000011477182694,0.19999982746595513,0.00019999982746595512,-0.00032673138144884026,-0.0005267312089147954,89152.2400149369
2026-02-18,25773.56925653915,25841.416,1,0.0028823199329242,0.0028823199329242,0.0028823199329242,0.0028823199329242,0.0026324155100728,0.2,0.0,0.0,0.0005764639865848,52198.52991948041,0.0043487589944502,-1.2168908658821212e-07,0.19999999308274036,0.00019999999308274036,-3.5074687989254274e-10,-0.00020000034382962025,89134.40953628073
2026-02-19,25576.280664706435,25898.273,1,-0.0076546864684898,-0.0076546864684898,-0.0076546864684898,-0.0076546864684898,0.0125894902200496,1.0,0.0,0.0,-0.0076546864684898,51798.96653883069,0.0026324155100728,0.19999986687481958,0.19999998856390616,0.00019999998856390616,-0.0015309362746664427,-0.0017309362632303487,88980.12355451276
2026-02-20,25573.171542931832,25769.432,1,-0.0001215627016047,-0.0001215627016047,-0.0001215627016047,-0.0001215627016047,0.007674466842671,0.5,0.0,0.0,-6.078135080239688e-05,51795.81812767428,0.0125894902200496,0.399999720773779,0.1999998538989594,0.00019999985389895943,-4.8625046698386216e-05,-0.00024862490059734564,88958.00088013888
2026-02-23,25659.590281994493,25772.514,1,0.0033792734279196,0.0033792734279196,0.0033792734279196,0.0033792734279196,0.0044008387025861,0.2,0.0,0.0,0.0006758546855839,51830.824574049526,0.007674466842671,0.5999997127834765,0.19999999200969754,0.00019999999200969755,0.002027563086168594,0.0018275630941588963,89120.57723947757
2026-02-24,25514.38944381492,25667.186,1,-0.005658735645575,-0.005658735645575,-0.005658735645575,-0.005658735645575,0.0059886424686569,0.5,0.0,0.0,-0.0028293678227875,51684.17610677116,0.0044008387025861,0.7999996105783799,0.19999989779490335,0.00019999989779490336,-0.004526986312825997,-0.004726986210620901,88699.305499784
2026-02-25,25494.68068365497,25582.799,1,-0.0007724566642423,-0.0007724566642423,-0.0007724566642423,-0.0007724566642423,0.0034563412438236,0.2,0.0,0.0,-0.0001544913328484,51676.191349517256,0.0059886424686569,0.9999995969029937,0.1999999863246138,0.0001999999863246138,-0.0007724563528673311,-0.0009724563391919449,88613.0492978688
2026-02-26,25495.83646753098,25475.172,-1,4.533431464981419e-05,4.533431464981419e-05,4.533431464981419e-05,4.533431464981419e-05,-0.0008105036113365,0.2,2.0,0.002,-0.00199093313707,51573.307507761936,0.0034563412438236,0.9999997065598561,1.0965686247921269e-07,1.0965686247921269e-10,4.5334301346906375e-05,4.5334191690043894e-05,88617.0664988319
2026-02-27,25299.804691244844,25447.4,1,-0.0076887760295992,-0.0076887760295992,-0.0076887760295992,0.0076887760295992,0.0058338517058289,0.5,2.0,0.002,0.0018443880147996,51668.42869801282,-0.0008105036113365,0.9999983296745798,1.3768852763496042e-06,1.3768852763496042e-09,-0.007688763186841148,-0.007688764563726424,87935.71073819428
2026-03-02,25031.5127545407,25330.69,1,-0.0106045062394093,-0.0106045062394093,-0.0106045062394093,-0.0106045062394093,0.0119520241702142,1.0,0.0,0.0,-0.0106045062394093,51120.51052350427,0.0058338517058289,0.9999998778688093,1.5481942294837125e-06,1.5481942294837126e-09,-0.010604504944268326,-0.010604506492462555,87003.19592275178
2026-03-04,24690.96814399984,25016.346,1,-0.0136046356398931,-0.0136046356398931,-0.0136046356398931,-0.0136046356398931,0.0131780112510182,1.0,0.0,0.0,-0.0136046356398931,50425.03460410668,0.0119520241702142,0.9999999770784338,9.92096245155949e-08,9.92096245155949e-11,-0.013604635328053545,-0.01360463542726317,85819.549161216
2026-03-05,24735.05376859525,24747.803,1,0.0017854959893959,0.0017854959893959,0.0017854959893959,0.0017854959893959,0.0005154317239017,0.2,0.0,0.0,0.0003570991978791,50443.04134351684,0.0131780112510182,0.9999999893050822,1.2226648360424974e-08,1.2226648360424975e-11,0.0017854959703001673,0.001785495958073519,85972.77961936702
2026-03-06,24557.199403545023,24734.945,1,-0.0071903771349808,-0.0071903771349808,-0.0071903771349808,-0.0071903771349808,0.007238023910386,0.5,0.0,0.0,-0.0035951885674904,50261.68909796917,0.0005154317239017,0.9999999026995394,8.660554273731691e-08,8.660554273731691e-11,-0.007190376435353793,-0.007190376521959336,85354.60296326435
2026-03-09,24229.637544031622,24656.908,1,-0.0133387302896645,-0.0133387302896645,-0.0133387302896645,-0.0133387302896645,0.0176342074945163,1.0,0.0,0.0,-0.0133387302896645,49591.26198318839,0.007238023910386,0.9999999245924002,2.1892860746497433e-08,2.1892860746497433e-11,-0.013338729283822865,-0.013338729305715726,84216.08101934052
2026-03-10,24248.810849067817,24490.607,1,0.0007913162135153,0.0007913162135153,0.0007913162135153,0.0007913162135153,0.0099714642683799,0.5,0.0,0.0,0.0003956581067576,49610.88316801639,0.0176342074945163,0.9999999846210377,6.002863750520504e-08,6.002863750520504e-11,0.0007913162013456778,0.0007913161413170402,84282.7225636096
2026-03-11,24011.10494812789,24220.479,1,-0.0098027858940994,-0.0098027858940994,-0.0098027858940994,-0.0098027858940994,0.0087198840838199,0.5,0.0,0.0,-0.0049013929470497,49367.72073515976,0.0099714642683799,0.999999980016108,4.60492965981274e-09,4.60492965981274e-12,-0.009802785698201585,-0.009802785702806514,83456.51709586944
2026-03-12,23780.99164301345,24061.496,1,-0.0095836199796536,-0.0095836199796536,-0.0095836199796536,-0.0095836199796536,0.0117953179243876,1.0,0.0,0.0,-0.0095836199796536,48894.59926037232,0.0087198840838199,0.9999999580076673,2.200844073652064e-08,2.200844073652064e-11,-0.009583619577215041,-0.009583619599223481,82656.70158294652
2026-03-13,23391.639465344306,23991.547,1,-0.0163724113575193,-0.0163724113575193,-0.0163724113575193,-0.0163724113575193,0.0256462372184079,1.0,0.0,0.0,-0.0163724113575193,48094.076768120445,0.0117953179243876,0.999999987570987,2.9563319681180644e-08,2.9563319681180645e-11,-0.016372411154026385,-0.016372411183589706,81303.41207755126
